SessionID,Avg_Session_Duration_Min,Pages_Per_Session,Bounce_Rate_Pct,Scroll_Depth_Pct,Click_Through_Rate_Pct,Cart_Additions,Search_Queries_Per_Visit,Newsletter_Signup_Rate_Pct,Video_Plays,Social_Shares
1,6.72,5.7,41.27,34.37,6.19,1.14,3.9,2.86,2.59,1.67
2,8.86,4.83,24.38,63.91,0.9,2.51,0.81,0.0,2.81,0.34
3,4.15,1.57,50.42,31.65,3.44,1.98,0.59,1.11,1.7,1.54
4,5.42,3.33,37.57,45.82,3.85,2.34,1.94,1.54,3.0,0.0
5,4.86,4.1,32.5,40.23,4.64,1.45,1.06,0.16,1.69,0.84
6,3.3,5.63,52.68,52.56,4.46,1.84,0.0,2.06,4.3,0.0
7,0.5,4.1,30.44,63.49,0.92,0.62,2.15,0.64,1.45,1.01
8,9.95,5.01,16.46,87.81,1.13,0.34,2.23,2.24,2.08,2.55
9,1.78,7.29,49.47,44.88,5.75,2.72,2.91,3.16,0.64,0.11
10,5.57,3.77,63.53,54.17,4.94,1.32,2.29,2.02,2.83,0.09
11,1.77,6.31,46.45,23.83,2.26,3.21,0.07,1.5,2.62,0.0
12,8.91,6.0,28.38,81.79,2.15,3.53,2.35,0.0,4.66,0.25
13,3.82,4.83,79.25,98.39,2.19,0.7,3.74,1.54,2.11,0.49
14,3.32,0.53,27.79,36.33,5.05,0.0,0.45,0.38,2.57,0.24
15,4.14,9.34,50.81,85.45,4.85,0.5,2.93,2.39,3.02,0.65
16,0.5,4.75,40.91,75.51,4.22,1.32,0.97,0.06,0.25,0.0
17,7.21,6.58,42.7,50.28,3.02,1.97,0.93,1.85,2.17,1.53
18,8.15,2.99,53.79,58.12,6.47,1.97,3.13,2.86,0.0,1.78
19,4.76,4.78,56.34,75.63,3.9,2.69,2.46,0.09,2.12,0.5
20,8.69,6.11,42.24,57.75,4.25,0.0,1.84,2.81,1.85,0.44
21,2.82,0.0,46.79,56.75,3.38,1.38,2.2,0.78,3.5,0.0
22,8.1,4.38,47.46,35.17,2.32,5.03,0.57,0.61,2.97,1.32
23,10.24,3.58,50.93,41.5,3.89,2.76,1.33,1.44,0.9,0.26
24,6.33,6.21,51.49,30.54,2.48,5.14,1.68,1.24,2.28,1.31
25,6.5,3.99,58.21,48.65,1.5,2.43,2.5,2.99,2.9,1.24
26,3.67,6.64,20.55,32.85,3.14,2.16,1.41,2.81,1.18,0.74
27,4.87,4.48,34.7,62.82,4.86,1.67,2.1,1.41,3.78,0.1
28,2.31,1.73,51.52,79.0,3.72,2.79,0.0,3.76,0.69,0.65
29,7.38,5.36,57.76,22.7,2.77,3.11,3.61,0.0,2.18,0.16
30,3.21,0.35,46.15,58.85,3.04,2.4,0.0,1.58,1.77,1.52
31,4.16,6.5,34.56,69.46,2.3,0.0,3.0,1.97,0.0,0.06
32,3.85,4.53,21.15,69.85,4.57,2.48,1.66,0.78,0.0,0.66
33,11.14,6.01,49.01,92.25,2.66,2.3,1.36,0.0,3.14,0.47
34,5.52,7.2,53.87,48.76,4.46,3.29,1.44,0.47,0.15,0.0
35,5.07,3.32,56.27,42.53,3.77,3.39,3.09,2.78,4.68,0.0
36,9.19,6.53,23.25,57.21,3.9,0.43,2.74,2.38,1.94,2.22
37,4.36,5.59,63.54,19.62,4.74,0.49,1.38,0.07,0.97,0.22
38,4.2,2.99,25.51,27.47,4.45,4.26,2.32,3.03,4.42,2.25
39,1.75,5.78,24.9,47.5,2.99,1.7,2.08,2.94,0.0,1.13
40,8.57,2.04,39.33,73.36,7.04,2.0,3.59,0.18,1.85,0.0
41,6.3,3.23,46.3,54.95,2.91,1.25,1.77,3.66,1.14,2.22
42,3.45,0.61,43.81,68.95,3.65,3.62,0.0,0.46,2.11,1.33
43,9.64,3.93,42.61,55.69,6.23,4.76,2.25,2.21,1.28,0.0
44,4.22,5.03,46.84,14.89,3.44,1.21,1.45,0.65,4.85,1.82
45,7.61,2.96,50.14,15.93,4.41,3.38,1.87,1.29,0.81,0.42
46,5.55,4.22,40.83,76.79,4.51,4.13,4.43,1.81,2.31,0.73
47,4.14,1.43,49.11,63.45,4.6,1.38,2.92,2.59,1.22,1.77
48,1.2,4.34,27.96,31.7,4.89,4.27,3.08,2.43,4.5,0.64
49,7.07,5.64,50.47,50.02,4.36,2.59,1.08,3.74,0.74,1.21
50,4.31,0.0,48.35,56.62,3.23,4.91,1.54,2.57,3.61,0.49
51,4.73,5.91,30.25,88.78,3.36,4.33,2.11,3.05,2.34,0.54
52,5.13,2.59,48.38,85.9,4.19,0.0,2.73,4.51,1.27,2.15
53,6.1,3.25,48.58,65.23,2.21,2.3,1.29,0.61,0.98,0.0
54,8.01,2.68,35.81,15.57,5.25,0.0,1.54,2.92,0.23,0.83
55,3.05,3.17,34.35,53.46,3.99,1.49,0.0,3.99,3.91,1.08
56,5.92,1.01,48.5,24.66,2.06,3.06,2.95,0.01,2.37,1.37
57,5.04,4.75,31.38,36.72,1.47,2.93,0.11,3.11,2.94,0.19
58,8.92,2.51,22.45,72.97,3.48,4.81,2.39,2.75,1.85,0.94
59,2.92,4.75,36.78,70.01,2.87,3.62,3.49,2.19,0.0,0.24
60,5.46,0.59,70.89,39.13,0.0,0.82,0.34,0.14,2.25,1.06
61,10.25,3.63,49.86,88.06,3.04,0.92,3.92,2.14,4.07,2.16
62,5.84,3.77,46.26,21.72,3.37,0.0,0.0,0.0,0.75,1.19
63,12.67,4.36,33.37,37.48,4.95,4.4,1.34,1.44,2.02,1.27
64,7.16,3.63,40.63,32.63,3.77,3.86,1.19,3.12,1.35,1.07
65,6.34,4.64,35.55,37.59,3.27,1.9,2.39,3.62,2.33,0.4
66,3.74,2.52,45.59,53.79,1.2,2.31,2.91,0.62,3.58,2.24
67,7.69,3.56,10.73,82.32,2.96,3.27,1.75,4.93,1.24,0.63
68,4.62,6.88,40.33,40.22,3.4,5.31,0.5,2.12,2.74,1.82
69,3.97,6.12,50.31,79.98,3.9,2.63,2.33,3.14,0.0,0.49
70,10.86,5.14,43.14,85.5,2.0,1.07,0.42,1.99,2.4,0.0
71,6.75,1.48,63.26,33.23,0.91,2.83,0.0,1.53,2.14,1.03
72,7.02,4.21,51.23,35.74,3.05,2.66,1.38,3.39,1.47,1.56
73,8.1,3.24,29.94,45.08,5.86,1.42,2.33,1.76,1.79,0.56
74,3.23,3.41,43.05,76.63,2.65,2.8,0.72,0.5,0.73,0.46
75,9.19,3.08,57.85,72.18,2.9,1.01,1.13,1.1,1.76,0.19
76,12.68,2.23,51.83,40.75,4.2,2.38,3.76,0.0,0.86,0.87
77,10.07,5.72,52.93,49.95,5.08,0.03,2.39,2.23,3.97,0.79
78,11.13,4.51,40.13,62.52,3.96,3.55,2.28,1.22,0.0,0.39
79,7.49,6.29,50.03,66.25,3.78,1.73,2.51,0.74,0.0,0.62
80,11.38,6.9,26.72,84.52,6.1,2.0,0.0,1.67,0.0,1.57
81,9.63,6.28,19.32,72.31,4.12,0.48,1.28,3.09,1.55,1.5
82,9.17,4.69,33.97,55.53,3.99,0.44,5.64,6.22,0.0,0.74
83,5.19,2.76,32.02,27.17,5.7,2.63,1.75,0.0,3.8,0.29
84,4.64,8.03,46.19,31.98,0.66,2.9,0.07,1.96,0.64,1.38
85,1.61,6.66,43.13,33.88,2.72,0.0,1.36,2.52,1.21,1.95
86,2.22,5.7,54.42,65.24,4.29,1.05,2.63,0.51,3.51,0.0
87,6.64,3.81,35.3,53.41,3.5,0.0,2.78,4.61,1.09,0.1
88,1.3,6.1,23.33,69.44,0.59,0.89,1.52,1.32,1.89,0.16
89,0.5,4.52,37.16,60.07,3.26,0.0,0.65,2.26,0.0,0.21
90,11.42,5.55,32.83,60.99,2.39,1.7,1.43,2.0,2.44,1.7
91,8.78,0.0,59.5,55.37,2.03,3.09,0.96,0.21,2.98,1.89
92,2.61,1.58,50.36,56.13,4.46,1.41,1.26,0.32,2.89,0.02
93,8.63,4.71,54.25,58.06,3.39,2.87,2.97,0.8,3.48,1.24
94,9.15,4.31,47.18,23.0,4.0,1.3,1.57,3.11,2.45,1.05
95,1.9,3.39,42.56,67.7,6.76,3.11,2.72,1.88,1.61,1.67
96,6.89,4.45,35.85,55.15,4.59,1.18,1.31,3.08,0.0,0.37
97,9.29,2.7,68.86,39.42,5.4,1.08,0.14,4.99,3.72,0.34
98,7.16,2.64,29.67,74.22,3.8,1.67,0.49,2.68,1.14,0.39
99,7.73,6.03,24.77,34.22,6.11,3.02,4.48,5.45,0.56,0.78
100,3.8,1.87,47.45,41.74,4.0,1.55,0.23,0.96,1.63,0.82
101,5.04,3.8,46.78,60.22,5.77,0.0,2.46,1.47,0.29,0.92
102,5.15,0.0,51.38,66.2,4.16,4.41,0.53,0.34,2.71,0.0
103,5.8,3.38,63.25,25.0,2.67,3.21,0.0,2.26,0.41,1.35
104,0.5,3.74,35.83,57.43,3.41,0.91,0.62,1.4,1.32,0.63
105,7.64,7.52,51.07,17.32,5.07,2.58,1.02,1.59,0.92,2.07
106,11.37,2.58,44.96,29.46,2.71,2.21,0.78,3.28,1.94,1.51
107,8.74,5.5,36.05,50.09,3.83,1.42,1.29,0.83,0.55,1.19
108,2.52,4.3,49.62,25.11,2.08,3.56,0.37,4.01,2.37,0.26
109,3.95,3.11,41.86,45.07,3.14,2.87,0.49,2.34,3.85,0.0
110,0.69,5.08,50.72,55.58,5.81,0.31,2.09,1.12,1.59,0.0
111,7.37,5.4,49.32,66.68,7.14,3.54,3.01,3.8,1.69,0.65
112,8.16,3.45,66.9,70.93,4.52,0.15,0.0,0.92,1.8,1.29
113,7.29,0.0,40.44,53.97,4.53,1.18,1.16,0.61,4.39,2.73
114,3.91,4.19,51.13,29.02,6.2,1.15,2.18,1.04,2.7,0.27
115,4.53,1.99,39.04,71.1,0.3,1.85,0.0,2.36,3.86,2.33
116,6.01,4.28,29.46,70.7,2.75,1.05,1.1,4.38,0.0,0.46
117,3.29,1.96,47.22,48.05,3.31,3.37,2.23,0.0,1.78,1.11
118,0.5,0.0,48.35,76.32,4.33,3.49,1.37,2.59,2.49,0.13
119,0.5,6.12,33.7,57.41,4.14,0.79,2.4,4.34,1.44,0.0
120,7.61,0.79,43.42,61.86,2.45,2.8,0.16,2.81,1.45,0.0
121,6.9,5.62,38.15,65.13,3.78,0.0,1.09,1.83,1.75,1.48
122,5.58,3.66,26.87,31.06,2.57,2.9,2.46,0.37,2.22,0.93
123,7.31,1.43,16.16,61.54,2.88,2.07,0.48,1.4,1.86,0.81
124,8.85,5.09,78.76,53.21,4.49,1.94,0.51,0.0,2.28,1.21
125,4.46,1.94,29.94,44.66,3.48,0.35,2.83,3.88,2.76,0.8
126,4.58,4.4,46.51,46.98,4.94,2.08,0.0,5.32,2.91,0.0
127,3.56,2.79,26.34,58.72,2.91,2.61,0.0,1.87,4.41,0.15
128,7.42,4.56,35.68,60.0,4.34,3.12,2.27,4.92,1.31,1.53
129,4.49,1.63,48.97,47.81,4.78,3.99,2.57,4.17,1.21,0.0
130,8.73,4.15,56.8,0.0,1.73,3.17,0.68,1.69,0.69,0.49
131,9.07,7.6,28.04,36.61,3.32,0.0,0.56,1.22,1.92,1.6
132,8.16,4.47,29.41,61.37,4.39,0.3,2.81,1.47,0.89,0.2
133,5.92,2.41,29.68,59.15,5.83,1.08,2.26,1.22,0.0,0.27
134,6.5,2.03,41.38,47.9,3.88,0.96,0.74,0.03,1.02,0.86
135,8.03,2.76,67.37,36.22,2.15,0.13,0.0,0.83,2.75,1.84
136,10.23,6.34,28.23,58.27,0.37,1.34,1.92,2.41,4.02,1.17
137,5.09,2.95,45.12,82.03,3.56,2.43,3.27,2.36,0.0,0.12
138,10.15,7.85,43.54,42.44,2.49,0.0,3.36,1.16,2.62,3.23
139,5.37,3.08,54.67,100.0,0.93,0.0,0.8,1.26,2.17,1.23
140,9.17,5.53,61.9,21.28,3.63,1.99,0.6,2.18,3.42,0.7
141,7.41,5.09,67.15,59.44,2.05,0.42,0.47,2.87,1.95,1.01
142,2.59,6.28,74.4,48.57,2.85,0.4,0.0,3.21,2.12,0.88
143,5.02,3.42,36.63,55.11,3.19,3.09,0.22,1.69,0.84,1.11
144,12.13,6.55,78.23,69.05,4.62,4.31,2.83,1.75,2.86,0.0
145,7.19,6.25,51.37,62.89,3.88,1.79,0.0,2.42,3.58,0.68
146,5.46,4.73,36.04,45.65,3.53,0.75,1.82,0.95,1.75,0.03
147,4.82,4.27,38.02,25.35,3.55,0.0,1.33,2.25,2.25,2.02
148,4.47,4.94,43.0,41.91,6.26,3.3,2.28,4.58,2.09,0.0
149,10.68,3.31,54.69,26.35,3.47,1.35,1.05,0.34,1.06,2.6
150,3.3,4.64,53.28,58.01,4.86,0.0,1.1,3.57,2.04,0.0
151,5.06,3.21,73.44,41.89,2.19,2.36,0.0,0.4,2.0,1.07
152,5.61,3.92,56.35,41.59,3.65,2.05,3.85,1.88,1.01,2.29
153,8.55,1.26,53.63,18.21,2.25,4.23,3.44,4.3,3.34,0.29
154,7.31,3.23,44.56,100.0,3.64,2.03,2.85,3.23,4.99,2.47
155,5.74,2.4,51.59,55.6,2.97,3.09,0.83,3.14,1.41,2.13
156,10.73,0.27,67.08,69.6,1.44,4.15,0.0,1.9,2.5,1.17
157,6.82,5.66,57.46,88.99,4.89,2.21,2.87,2.66,4.12,1.2
158,8.12,6.66,41.15,22.63,5.22,2.49,2.68,2.38,4.8,1.31
159,3.56,4.4,33.38,41.21,2.73,2.07,1.43,1.4,3.66,1.13
160,8.78,7.6,36.85,38.9,4.55,1.04,2.86,2.06,2.76,0.0
161,5.73,4.85,26.58,6.24,1.72,1.09,0.13,1.41,0.0,2.22
162,4.37,4.68,48.59,61.1,4.4,0.39,3.25,2.72,1.6,2.12
163,6.57,2.75,36.07,51.84,2.28,1.4,0.43,1.61,2.17,1.17
164,8.76,5.98,37.5,47.27,7.35,2.17,0.97,1.91,1.39,0.68
165,0.5,3.83,49.47,36.37,4.38,2.62,2.08,2.64,5.32,0.78
166,8.51,1.87,45.17,71.47,2.29,1.78,0.22,2.67,1.5,1.62
167,9.42,5.02,41.61,69.35,3.81,3.19,2.35,3.02,0.26,1.0
168,3.4,3.29,64.8,53.2,2.47,3.1,2.56,3.88,2.26,1.87
169,9.66,3.26,40.75,77.35,4.32,2.99,1.05,0.43,1.67,0.39
170,8.98,5.56,49.7,44.76,0.71,3.83,1.21,1.07,2.75,0.0
171,6.82,5.42,3.16,58.25,1.79,2.22,1.96,5.6,1.93,2.51
172,10.46,5.24,55.01,67.94,2.87,3.48,0.67,0.14,2.5,0.22
173,9.42,8.58,57.85,47.49,0.08,0.0,0.0,2.91,1.09,2.6
174,7.01,5.68,30.45,61.7,2.13,3.74,3.48,1.87,1.9,0.0
175,9.8,3.04,47.74,70.9,2.28,0.0,1.63,1.31,2.41,2.2
176,10.35,0.97,34.51,79.12,3.97,3.13,0.54,0.0,3.25,1.57
177,5.1,3.43,54.8,79.58,2.15,0.53,0.77,2.33,1.43,0.73
178,7.34,3.45,64.11,81.45,3.72,0.65,0.0,1.41,4.08,0.23
179,7.19,2.92,66.61,72.96,4.34,1.53,3.54,4.46,1.38,0.97
180,0.5,5.22,18.47,93.34,5.24,4.15,2.21,1.61,3.13,0.0
181,6.3,0.0,30.4,32.48,3.15,1.63,0.0,1.01,0.91,0.34
182,3.1,4.73,43.14,58.94,0.67,2.0,0.0,4.52,2.37,1.45
183,7.09,3.68,54.3,37.98,5.56,0.13,1.48,0.0,1.89,1.93
184,4.17,6.36,10.42,81.37,2.45,2.68,1.21,4.0,0.71,2.0
185,5.29,3.82,43.18,66.07,5.92,0.48,0.61,1.81,1.09,0.54
186,8.05,3.33,31.83,71.7,3.47,2.84,1.54,1.3,0.85,1.69
187,3.97,2.48,67.99,52.35,4.29,0.56,2.31,0.53,0.0,0.0
188,6.88,5.79,27.44,47.32,4.68,0.95,2.15,1.77,0.67,0.05
189,3.79,3.62,62.5,34.96,4.14,1.87,0.93,0.11,2.1,0.2
190,3.93,3.88,45.01,80.58,2.04,2.76,1.42,3.37,0.0,0.75
191,9.39,3.85,36.52,53.81,3.33,4.66,0.89,2.01,2.85,0.7
192,10.36,7.1,24.0,47.46,1.96,1.74,1.12,0.0,0.85,0.42
193,6.42,2.47,51.82,49.57,2.03,1.78,2.95,4.45,2.12,0.62
194,6.27,6.02,49.18,72.68,1.14,0.49,0.38,1.86,3.17,0.58
195,5.71,4.04,30.49,53.35,4.29,1.08,2.3,0.97,3.07,2.99
196,4.59,2.15,59.23,77.86,3.51,4.81,2.46,0.96,4.05,0.12
197,7.43,4.86,45.94,65.58,6.51,1.78,1.99,2.06,3.64,2.41
198,8.89,6.47,46.46,52.93,4.86,2.07,0.0,2.94,0.0,0.03
199,5.14,2.31,39.36,60.66,2.09,2.17,1.9,4.22,1.95,2.16
200,1.83,8.44,41.45,72.76,5.25,1.73,1.03,0.83,3.49,2.37
201,2.86,4.38,41.61,100.0,0.0,1.61,0.0,2.84,0.0,0.0
202,4.25,6.62,34.24,20.56,3.37,0.05,3.41,3.31,2.41,1.44
203,11.3,3.82,47.1,60.4,0.9,4.2,0.08,4.2,2.66,1.12
204,4.25,2.84,68.85,26.05,4.13,1.57,1.03,1.47,5.09,0.36
205,7.26,0.77,30.52,44.05,2.02,2.06,2.56,1.11,4.84,2.01
206,5.5,3.07,47.43,62.8,4.9,5.37,1.55,1.34,3.59,0.59
207,4.97,3.92,65.5,52.05,2.65,0.36,0.22,2.06,2.26,0.15
208,9.84,5.88,56.17,62.36,2.75,0.0,1.75,4.97,0.0,1.55
209,9.08,0.73,29.28,54.09,3.16,2.85,1.54,3.84,1.05,1.51
210,2.66,3.12,35.44,52.68,4.78,0.0,1.36,5.58,2.93,0.48
211,9.85,3.94,74.98,41.21,4.26,1.01,0.29,4.77,0.73,0.98
212,7.79,5.33,61.61,68.64,1.63,0.18,2.82,0.3,0.73,0.71
213,13.01,3.03,54.72,64.44,3.32,1.38,1.82,1.11,3.42,1.17
214,4.79,5.12,43.13,78.86,0.0,0.0,1.82,4.41,2.8,1.19
215,6.29,1.53,57.11,73.67,3.65,1.81,2.0,1.44,0.43,0.82
216,7.32,7.69,57.15,66.22,0.0,2.6,2.16,1.17,2.15,0.0
217,2.96,0.0,47.7,54.65,1.84,5.24,0.5,4.01,1.1,0.53
218,9.22,3.4,53.17,69.18,3.11,2.42,0.0,0.93,0.66,0.79
219,6.35,2.01,43.82,39.07,2.68,1.81,0.83,1.8,2.8,0.88
220,8.77,2.59,34.93,11.66,3.68,2.81,0.99,3.47,0.28,0.0
221,3.61,0.0,62.94,59.68,4.6,2.52,1.46,2.01,0.78,0.48
222,8.57,3.05,55.12,61.77,2.54,2.58,1.02,1.76,1.31,1.41
223,9.33,0.92,51.02,50.13,2.05,2.71,1.34,2.04,2.14,0.71
224,3.94,4.75,18.55,71.1,3.33,3.1,2.43,4.66,0.0,1.72
225,3.47,7.33,63.85,45.31,3.61,0.58,0.51,0.0,1.63,2.6
226,4.73,2.32,43.74,55.26,2.23,1.24,0.21,3.13,1.41,1.55
227,4.89,5.73,29.91,10.01,3.25,2.24,2.56,0.5,2.14,1.4
228,7.43,6.34,47.9,26.63,3.54,2.57,0.42,0.93,0.38,0.92
229,7.54,7.7,32.91,45.78,3.43,0.68,2.85,1.38,3.09,1.06
230,3.22,2.79,15.98,86.16,5.16,3.48,1.04,3.22,2.34,1.28
231,3.62,2.79,65.78,38.38,4.24,3.82,1.67,4.03,0.56,1.12
232,10.41,5.76,53.87,84.45,1.92,1.48,0.28,4.71,2.53,1.14
233,3.58,5.76,71.54,61.17,0.93,1.65,1.67,0.73,1.83,0.8
234,12.87,6.57,55.01,55.46,2.74,2.61,0.79,3.26,1.62,0.0
235,7.34,2.64,79.04,65.85,2.9,0.48,1.32,5.28,1.66,0.0
236,3.37,3.78,66.52,78.35,0.79,2.25,0.0,0.11,4.35,0.25
237,7.24,3.61,56.23,35.92,1.65,3.59,0.0,0.93,0.83,1.66
238,1.67,2.67,54.63,41.34,2.75,0.0,1.24,1.48,2.46,1.7
239,7.83,4.2,55.53,41.15,2.25,3.22,2.58,4.75,1.49,0.0
240,2.55,2.66,54.92,19.11,5.08,0.65,0.0,1.21,3.2,1.39
241,1.48,5.97,49.12,52.46,5.42,1.12,0.0,2.55,0.0,1.13
242,7.43,5.75,35.98,31.72,2.24,2.45,0.54,2.72,2.82,1.51
243,8.17,2.09,57.07,70.45,1.0,2.67,3.81,2.8,2.87,0.42
244,5.77,6.15,32.86,52.61,2.78,5.24,2.57,2.02,0.89,0.94
245,5.55,0.0,25.83,76.5,1.09,2.19,0.1,0.0,1.65,0.81
246,6.75,4.32,42.78,68.1,4.2,1.58,1.28,2.25,1.96,0.4
247,0.5,4.53,44.04,71.04,3.36,2.33,1.33,2.75,1.34,1.12
248,0.5,2.18,37.08,34.05,3.21,2.12,1.68,0.34,1.3,0.58
249,1.3,5.48,42.57,91.06,7.15,1.46,2.55,3.53,2.64,0.61
250,11.66,2.46,29.88,61.28,4.42,0.08,0.89,0.16,1.97,0.32
251,0.5,6.17,47.45,39.22,3.48,2.19,1.08,1.18,2.56,0.0
252,3.3,4.02,47.91,78.96,3.23,0.73,1.83,1.09,2.09,0.41
253,2.64,2.4,53.05,60.61,4.56,2.45,1.36,1.86,1.3,0.0
254,3.24,6.64,36.41,60.27,3.87,1.24,2.77,3.87,1.79,0.0
255,6.08,1.52,40.55,80.39,2.78,1.57,1.62,2.84,2.63,0.32
256,3.21,5.71,47.27,42.77,7.94,4.08,0.83,2.08,3.26,0.04
257,6.52,1.78,32.71,25.09,4.82,0.22,0.76,1.04,0.0,1.97
258,7.16,3.13,45.95,59.69,1.8,1.7,1.64,2.47,0.11,0.0
259,0.5,3.26,62.02,75.55,4.93,0.22,2.37,5.2,0.4,2.88
260,5.07,2.08,44.15,77.27,4.85,1.11,2.98,0.27,1.45,0.0
261,1.41,3.66,52.3,41.36,2.93,2.53,0.76,0.41,2.27,2.36
262,12.84,6.38,43.83,76.92,4.37,1.38,1.58,0.65,1.19,2.17
263,9.25,5.27,41.81,59.71,4.28,2.68,1.43,0.0,1.95,1.77
264,10.73,0.95,33.75,92.77,4.52,2.82,2.49,3.2,1.72,1.73
265,2.48,6.66,52.73,66.49,3.71,1.26,3.56,3.5,0.68,1.48
266,7.07,4.1,53.27,51.26,4.55,2.31,2.27,1.09,1.83,0.59
267,3.96,4.74,38.87,33.48,2.74,0.76,0.0,1.56,1.47,1.22
268,0.5,1.75,73.93,75.49,3.44,1.32,1.64,3.97,0.0,0.0
269,4.17,9.56,47.08,100.0,4.55,0.24,1.1,3.1,0.45,0.0
270,7.22,3.54,45.19,78.48,4.74,2.09,0.0,2.55,0.08,0.0
271,5.68,4.4,58.37,59.65,2.36,3.47,0.0,0.52,0.24,0.31
272,9.61,5.11,72.23,71.65,2.51,0.66,3.91,1.4,1.58,0.78
273,3.97,2.38,55.48,29.84,2.74,3.12,1.68,2.24,5.49,3.26
274,2.06,2.43,51.51,56.19,4.93,4.77,1.11,2.44,1.78,0.0
275,7.52,0.93,20.04,73.35,2.89,0.3,1.67,0.11,2.74,1.78
276,7.89,2.49,37.62,20.7,3.06,2.66,1.09,0.0,0.0,0.76
277,1.39,4.49,34.98,32.71,2.01,3.03,1.87,2.2,2.49,0.0
278,7.41,5.01,50.68,39.15,4.0,0.0,1.67,4.74,1.49,3.01
279,3.58,3.66,43.36,68.3,1.72,2.45,0.0,3.17,0.77,0.92
280,2.07,2.01,10.77,56.85,3.93,2.3,1.84,1.89,2.71,0.37
281,7.67,5.76,30.72,67.38,2.58,2.26,2.61,1.6,2.89,0.0
282,2.84,3.08,42.4,90.78,3.48,5.98,1.45,0.0,0.16,0.0
283,6.48,3.78,40.75,54.01,2.62,2.48,2.7,2.05,2.38,0.64
284,3.91,0.51,47.72,13.7,5.12,3.83,3.17,1.67,0.0,1.28
285,8.34,3.32,61.6,81.08,3.19,3.84,1.07,0.34,1.86,0.0
286,8.54,3.07,58.47,45.63,0.0,0.71,2.58,0.0,0.33,2.53
287,1.37,5.89,45.37,71.55,2.96,2.78,2.53,2.18,0.92,1.72
288,7.14,5.16,47.19,83.73,1.47,2.74,1.02,2.95,1.42,0.75
289,7.4,4.25,53.34,58.24,4.55,1.8,2.02,3.04,0.82,1.28
290,5.86,7.13,71.61,52.19,4.33,0.39,2.27,1.62,3.87,0.72
291,7.88,3.01,41.56,31.09,2.61,2.55,2.55,1.14,2.36,0.76
292,2.28,5.06,67.07,52.9,5.6,1.19,0.27,3.24,2.98,0.36
293,6.25,6.18,46.94,67.74,3.72,0.0,0.83,3.76,4.02,0.0
294,8.15,7.67,36.52,30.28,3.01,1.52,2.59,0.47,1.01,0.0
295,3.12,5.17,47.62,77.69,2.73,2.87,0.0,0.0,1.81,1.94
296,4.68,1.87,34.58,29.7,4.81,0.99,2.89,0.0,2.29,0.65
297,8.23,3.76,28.36,60.71,4.01,1.08,1.01,2.39,0.1,0.0
298,5.92,8.16,17.24,47.65,2.75,1.94,1.4,1.55,0.88,0.85
299,10.18,4.84,44.15,88.57,5.25,0.14,2.09,1.07,0.0,1.25
300,6.03,4.1,8.56,29.37,5.65,1.42,0.98,4.27,1.82,0.7
301,6.27,1.31,36.71,79.0,0.03,0.0,0.0,1.43,3.72,0.88
302,10.32,2.23,32.75,44.55,3.19,3.89,1.19,0.5,1.5,2.01
303,0.74,4.68,43.61,85.04,3.77,0.0,2.77,1.59,3.03,2.51
304,4.07,3.07,46.93,33.1,1.61,5.17,0.06,1.38,2.9,1.08
305,6.02,3.99,39.59,53.22,2.13,3.0,2.0,3.85,5.09,0.65
306,7.44,5.61,44.29,48.6,4.71,3.74,0.77,0.41,0.0,0.77
307,7.62,5.53,50.42,82.1,5.48,3.9,1.68,2.69,1.19,0.32
308,8.83,2.47,30.24,74.32,1.35,0.96,0.7,0.0,1.87,1.56
309,14.28,1.31,46.98,75.01,3.84,4.31,1.45,2.0,2.72,0.0
310,2.32,4.35,62.17,59.6,7.45,1.27,2.45,2.61,3.5,0.08
311,3.47,4.67,43.61,40.98,3.26,2.11,0.0,2.23,0.0,0.0
312,1.06,5.4,70.32,57.24,4.71,0.99,3.78,5.77,1.59,1.05
313,10.07,5.58,41.1,67.9,3.65,0.0,0.0,2.09,0.31,1.16
314,7.99,8.54,66.96,60.16,2.33,1.15,1.31,0.0,0.8,0.0
315,1.96,7.26,67.98,97.6,2.42,1.72,3.32,5.52,3.92,0.0
316,1.5,3.28,46.52,46.55,4.19,0.0,0.0,2.44,2.58,0.0
317,3.63,6.03,61.82,55.53,2.32,1.15,2.02,2.37,3.4,1.04
318,3.0,7.51,62.67,40.13,3.45,4.97,0.58,1.23,1.49,0.0
319,7.46,3.68,53.46,70.51,5.89,2.2,0.26,0.0,1.94,0.0
320,5.07,6.89,79.76,26.87,5.49,2.86,0.45,3.77,0.04,0.0
321,9.89,1.18,28.75,67.35,1.2,4.81,2.16,2.2,2.13,1.48
322,0.5,2.24,53.54,44.41,4.08,1.57,1.67,1.17,0.68,1.07
323,3.85,2.65,58.7,27.3,1.52,3.75,1.73,0.0,3.22,1.06
324,2.8,4.16,59.77,51.73,2.2,2.1,1.98,0.87,1.67,0.84
325,4.67,5.29,39.49,52.7,4.87,0.0,2.33,3.27,0.12,0.0
326,8.91,3.23,26.12,29.54,2.6,2.51,0.98,2.23,2.14,1.28
327,10.6,2.87,35.67,63.91,2.81,0.0,1.1,4.28,4.05,1.04
328,8.22,1.62,52.11,44.45,1.08,1.18,1.61,1.44,2.82,0.42
329,3.68,4.21,25.36,78.57,4.21,0.0,4.23,3.48,1.1,2.23
330,8.48,2.86,0.0,48.47,3.11,1.7,1.91,3.92,2.11,2.03
331,4.82,0.47,56.8,61.52,3.3,0.0,0.0,2.24,1.11,0.0
332,8.38,3.94,56.86,55.81,2.99,2.37,1.59,0.2,1.98,0.0
333,10.06,7.87,12.89,64.91,3.05,0.0,1.21,2.06,0.71,1.37
334,11.59,1.61,32.07,40.59,0.46,1.99,4.24,2.12,0.99,0.26
335,1.68,7.78,43.45,41.26,3.1,3.55,1.93,2.39,2.85,0.0
336,3.8,0.33,50.03,80.15,4.8,1.63,0.0,0.0,3.27,0.0
337,4.85,7.52,59.21,30.71,4.06,2.12,1.93,4.36,1.83,3.12
338,3.25,4.84,58.79,48.96,3.1,0.0,1.27,2.83,3.16,0.7
339,7.46,2.05,2.47,52.42,4.72,3.17,0.0,3.05,2.01,0.74
340,3.95,6.45,50.95,69.29,2.89,0.0,0.25,3.37,1.64,0.0
341,9.85,3.97,26.31,64.36,6.22,2.62,1.74,1.31,0.0,0.54
342,5.94,4.73,36.81,61.44,3.11,0.0,1.75,0.0,3.47,0.03
343,4.55,6.2,48.54,82.02,2.52,1.82,1.48,4.17,0.13,0.98
344,1.85,5.39,46.19,37.38,2.14,0.0,2.54,2.29,1.25,1.59
345,7.97,3.67,50.71,8.99,7.67,2.7,2.86,0.35,0.0,1.21
346,3.73,2.33,57.8,65.04,2.6,1.85,0.0,0.61,3.47,0.0
347,10.07,2.01,47.77,68.97,4.51,2.93,0.81,1.58,2.14,0.87
348,10.92,4.79,43.2,36.18,3.53,1.41,3.52,1.39,2.57,1.79
349,3.79,3.03,38.97,71.25,3.33,0.0,0.29,0.83,0.77,2.13
350,0.99,10.93,36.01,35.51,3.15,2.78,1.31,1.15,1.41,0.39
351,4.68,1.31,53.33,81.02,2.98,0.0,0.49,3.33,0.55,0.0
352,5.93,1.63,46.92,100.0,3.32,3.67,1.82,0.06,2.12,1.12
353,6.12,3.55,73.38,24.73,0.66,2.6,0.12,1.49,0.35,0.0
354,8.02,2.09,38.71,72.74,1.52,2.49,0.59,2.46,2.63,0.81
355,1.14,4.64,45.31,47.95,2.18,1.27,2.44,0.9,0.0,1.62
356,11.84,3.99,50.96,72.8,3.8,0.0,1.55,0.86,4.72,0.0
357,5.39,5.41,43.55,82.15,2.41,1.71,2.37,4.27,2.58,0.65
358,7.03,0.86,29.46,25.03,1.58,5.4,1.47,3.17,0.6,1.6
359,3.66,2.11,58.48,58.37,5.44,2.18,1.16,0.99,1.59,0.0
360,8.51,7.94,69.45,61.01,4.42,0.0,3.43,3.15,2.73,0.0
361,4.87,5.76,52.85,24.68,2.5,3.83,1.16,1.84,2.63,0.81
362,2.7,2.24,45.24,62.33,3.15,0.28,1.58,3.61,2.41,0.54
363,6.27,4.91,58.25,93.9,1.72,3.63,1.46,1.79,1.04,1.08
364,3.37,0.42,38.16,59.4,3.88,1.77,3.05,2.96,3.02,1.1
365,10.04,4.5,42.03,80.29,5.47,2.77,0.67,1.42,4.68,0.13
366,2.75,0.0,29.79,35.54,3.73,2.67,0.67,1.06,3.16,1.19
367,4.46,5.83,32.45,89.87,5.93,0.0,3.36,3.82,1.28,0.24
368,7.06,1.98,43.48,84.75,3.51,1.08,1.06,1.52,0.3,0.91
369,6.34,5.62,36.15,61.37,3.28,2.06,2.2,2.35,0.06,0.0
370,0.74,5.95,68.01,72.96,3.55,2.09,1.96,3.35,3.25,0.0
371,6.88,7.51,48.26,49.84,2.25,1.67,0.69,1.44,0.0,0.28
372,8.96,3.6,43.23,63.17,3.18,5.1,2.09,3.54,2.22,0.0
373,9.76,4.93,42.38,51.6,5.97,2.48,2.46,2.54,1.6,0.43
374,12.98,5.68,12.48,41.48,1.91,1.42,0.0,4.26,0.38,0.07
375,2.14,7.47,19.28,83.52,5.99,3.14,0.97,2.75,2.9,1.34
376,12.49,1.24,37.56,72.1,3.83,3.93,0.07,1.58,1.35,0.01
377,2.74,2.11,28.29,99.42,1.31,0.0,1.42,0.42,0.0,0.81
378,6.41,7.62,31.25,55.79,4.98,0.8,1.46,0.39,0.2,0.0
379,3.37,4.46,16.05,73.77,1.79,1.74,1.14,0.21,2.28,1.38
380,9.96,4.39,68.13,50.67,6.68,0.67,1.93,4.71,2.15,0.71
381,5.09,5.91,41.11,51.99,4.44,1.45,3.35,2.21,2.39,0.0
382,4.06,2.91,43.49,23.38,2.75,2.83,0.0,0.85,2.12,1.92
383,9.6,5.06,49.89,45.7,3.68,3.31,0.3,0.0,2.51,1.01
384,5.94,5.71,32.17,39.28,3.39,4.49,2.2,1.17,3.25,0.95
385,10.53,4.85,45.94,14.83,1.86,4.49,2.35,3.74,2.05,1.29
386,7.75,7.77,50.28,52.33,3.43,0.83,1.58,2.46,1.63,0.0
387,5.45,7.12,61.83,67.87,4.32,1.95,1.62,3.01,3.65,0.0
388,6.88,2.84,56.12,47.73,6.11,0.65,0.86,1.42,1.47,0.13
389,2.75,7.06,27.15,50.42,4.98,3.86,2.37,2.79,1.08,1.31
390,8.98,4.68,25.41,37.68,6.13,0.39,0.49,2.27,1.89,0.52
391,4.08,3.24,64.96,52.5,4.2,3.34,1.67,0.01,1.17,0.0
392,7.06,1.87,34.73,45.65,2.97,0.0,1.52,0.32,3.16,0.54
393,2.29,6.01,26.5,7.44,5.87,0.8,1.25,3.42,1.66,2.71
394,0.5,5.11,66.95,100.0,4.95,0.0,1.55,2.47,4.37,0.0
395,6.19,3.59,68.87,78.83,4.62,4.9,0.0,0.0,1.53,1.94
396,6.21,4.17,37.67,63.29,3.56,0.0,1.39,2.09,0.23,1.29
397,0.5,2.35,44.73,66.87,1.37,0.87,1.44,4.52,0.47,0.51
398,10.33,5.18,51.09,34.83,4.14,1.13,0.06,3.47,0.0,0.19
399,7.09,5.08,39.65,57.14,1.83,0.0,1.83,1.63,0.36,0.0
400,7.79,3.12,22.39,71.92,5.47,4.15,4.0,1.87,3.04,0.0
401,6.29,2.41,28.76,22.62,2.13,0.45,0.15,1.98,2.73,0.71
402,8.84,6.13,88.95,50.54,1.83,2.04,1.05,5.59,0.0,1.2
403,3.32,5.24,46.94,51.34,1.91,0.22,2.38,2.78,2.37,0.0
404,9.86,1.56,39.66,58.59,4.56,4.49,1.73,3.06,1.88,0.0
405,2.64,3.4,46.27,46.86,5.54,5.22,2.31,4.14,0.57,0.0
406,5.01,3.24,55.63,58.58,5.75,0.0,0.69,0.96,3.88,2.6
407,9.83,4.16,68.79,43.37,4.08,1.83,0.0,2.76,1.45,1.29
408,5.35,4.11,36.98,33.59,1.38,2.05,0.65,0.97,0.82,1.39
409,7.86,7.98,55.03,54.16,3.44,2.72,2.91,1.72,2.02,0.0
410,10.56,4.39,29.27,27.25,2.68,3.05,1.33,4.93,3.03,1.48
411,13.59,5.66,45.94,58.42,1.18,4.67,0.7,0.89,1.14,1.99
412,7.63,4.61,44.03,54.47,3.43,2.62,1.76,4.86,0.46,3.1
413,6.46,1.58,21.25,64.99,3.14,0.45,1.34,3.32,0.8,0.63
414,5.18,3.47,48.04,57.34,3.87,2.23,1.95,1.25,3.54,0.44
415,9.25,2.26,45.43,73.6,1.03,2.26,0.65,2.42,2.49,1.19
416,2.48,4.01,39.57,38.41,0.87,0.0,2.78,3.56,1.09,1.87
417,11.47,8.04,64.29,55.94,4.28,1.46,0.58,3.29,0.88,1.24
418,4.75,5.5,70.01,62.11,3.75,1.63,0.72,1.95,1.54,0.4
419,1.53,5.38,47.24,41.21,5.69,1.02,2.13,1.35,2.43,1.27
420,3.53,1.74,30.28,67.69,4.78,1.99,0.68,0.0,0.73,0.0
421,7.97,0.97,43.29,79.04,2.18,2.44,2.0,1.89,3.92,0.5
422,9.51,2.99,28.86,68.19,4.2,0.0,2.7,3.68,4.18,2.58
423,4.17,1.34,59.53,99.57,4.05,0.0,0.98,2.92,4.32,0.89
424,4.5,3.37,38.22,43.43,3.87,3.24,2.42,6.03,2.1,1.96
425,6.46,6.36,43.8,46.0,5.48,3.06,0.76,1.32,1.94,1.07
426,4.48,3.14,68.62,51.79,1.72,1.18,0.0,0.0,1.02,2.34
427,4.65,3.46,31.41,52.28,3.89,3.9,1.31,0.0,2.83,2.11
428,4.44,2.01,36.47,89.49,1.87,0.99,1.19,3.14,0.0,1.77
429,6.08,0.13,30.97,61.56,2.36,1.88,0.0,1.55,0.74,1.02
430,2.64,4.91,16.24,42.16,3.3,1.18,1.68,2.8,2.99,0.94
431,4.57,3.37,15.51,50.55,4.29,0.77,2.43,1.03,3.43,1.75
432,0.5,4.36,66.83,68.97,3.81,4.21,1.0,3.45,1.63,0.0
433,10.0,5.07,26.45,51.74,1.84,4.31,0.8,2.98,0.99,0.9
434,8.73,5.02,56.55,57.34,4.8,0.0,2.12,0.0,1.05,0.37
435,7.5,4.67,36.34,33.67,0.0,2.69,1.7,3.9,0.8,1.11
436,4.51,4.48,42.09,53.32,4.05,2.64,1.69,1.42,0.51,0.76
437,11.91,4.25,59.74,38.61,1.35,1.19,2.19,1.18,2.43,2.21
438,1.73,7.51,30.1,65.78,4.58,1.77,1.01,5.92,1.55,0.17
439,7.09,5.45,36.93,50.95,3.69,0.93,1.91,0.0,2.13,1.08
440,3.99,3.37,62.19,70.01,1.65,3.82,0.73,0.78,2.3,0.43
441,3.27,3.23,42.63,26.91,5.35,1.17,0.0,0.0,4.76,0.56
442,8.6,3.84,73.97,42.68,4.09,4.76,1.8,2.76,0.0,0.02
443,8.36,1.57,38.15,58.98,3.6,3.02,0.51,0.41,3.23,0.0
444,2.06,2.5,67.18,39.94,6.74,3.63,0.66,2.83,0.0,0.14
445,6.08,4.59,56.18,68.25,4.45,2.44,0.78,1.85,2.33,0.0
446,4.37,3.05,54.73,65.38,3.28,2.27,1.35,0.0,3.44,0.0
447,8.81,2.43,60.18,72.45,2.92,1.15,3.74,4.33,2.49,2.57
448,4.19,2.43,24.6,47.56,3.93,1.07,0.68,1.76,1.9,0.57
449,4.24,3.07,22.47,53.57,3.51,3.73,0.0,2.46,0.93,0.24
450,2.24,3.79,41.99,61.53,6.07,0.2,3.67,1.92,1.3,1.4
451,10.37,6.09,37.82,100.0,0.53,1.2,0.0,1.98,1.61,0.79
452,4.38,3.81,75.08,59.59,2.77,1.96,0.97,1.36,2.02,0.7
453,3.33,1.36,48.43,75.89,0.9,2.2,0.0,0.41,2.95,1.01
454,5.67,4.29,50.52,74.18,5.56,5.72,2.47,0.71,1.49,0.91
455,5.4,4.45,33.87,79.46,0.64,1.18,0.68,4.0,2.4,1.21
456,0.53,3.15,35.86,97.12,2.44,2.03,2.16,3.59,2.28,1.07
457,3.8,4.57,45.25,62.87,4.23,1.43,1.06,4.15,1.56,0.85
458,0.5,6.04,63.72,65.22,4.22,4.14,0.0,1.94,3.14,1.25
459,7.47,5.63,45.01,54.89,3.13,0.0,1.01,3.19,1.76,1.64
460,3.74,3.31,84.64,63.32,1.28,1.63,0.17,0.48,0.0,0.34
461,6.31,7.24,34.48,39.53,3.47,2.23,2.73,6.23,0.69,0.98
462,8.48,5.22,53.37,71.47,2.57,1.37,0.34,1.67,1.51,1.37
463,7.36,5.76,49.76,75.13,3.82,0.15,1.67,1.31,0.5,1.49
464,4.99,1.8,64.99,1.29,2.77,2.81,0.0,2.17,0.0,1.05
465,3.89,1.04,57.05,58.8,3.49,4.47,0.46,2.6,1.19,1.04
466,11.03,6.85,18.25,82.71,2.53,4.87,1.86,3.18,2.47,1.19
467,1.99,3.47,34.13,46.96,3.49,1.76,2.66,6.06,0.31,0.72
468,12.23,3.93,72.89,87.32,0.43,1.76,0.7,3.13,4.16,0.0
469,5.85,0.8,39.83,66.63,2.27,3.8,2.46,3.62,0.73,0.94
470,14.96,0.43,59.8,97.84,4.3,3.12,1.26,3.92,0.49,0.64
471,6.03,6.01,63.68,55.62,3.26,0.0,3.08,3.25,0.86,3.03
472,8.58,4.13,38.68,51.25,1.25,4.19,2.8,0.0,1.24,0.78
473,1.73,3.63,75.67,38.04,3.93,1.48,0.35,3.36,1.0,0.0
474,4.83,1.23,38.99,48.11,3.01,2.87,0.0,0.0,1.13,1.05
475,1.71,4.74,25.01,31.19,3.45,0.0,1.92,1.85,1.59,1.53
476,4.38,4.16,38.82,38.19,1.51,0.0,0.0,2.37,0.0,1.55
477,3.45,2.5,33.74,41.79,3.21,1.42,1.71,5.52,3.52,2.32
478,5.13,3.32,61.17,60.12,3.22,1.14,2.59,1.64,0.57,0.0
479,6.24,4.8,65.89,43.69,4.5,1.95,2.68,3.42,2.54,0.27
480,5.94,2.15,65.79,33.59,2.78,0.84,3.17,0.1,2.25,1.0
481,6.36,5.34,74.2,79.41,3.1,1.84,0.26,1.92,3.21,0.11
482,12.94,4.73,59.07,79.21,3.93,3.05,0.3,1.85,1.49,2.73
483,8.81,5.48,73.36,46.09,3.11,2.49,1.9,1.21,1.37,1.21
484,10.21,7.4,15.0,25.75,2.36,1.33,1.51,4.27,1.38,1.29
485,2.69,1.42,93.51,62.97,4.16,0.0,0.2,3.04,3.71,1.35
486,7.53,3.97,54.95,80.1,3.9,2.62,1.66,3.47,1.86,0.0
487,6.43,8.38,77.9,62.3,1.8,1.77,0.0,1.72,0.95,0.0
488,5.58,5.98,25.54,42.43,2.35,0.33,2.32,0.0,2.96,0.37
489,5.3,2.33,19.69,42.31,1.01,2.05,1.3,2.39,0.69,0.03
490,4.59,2.83,51.85,36.65,1.89,1.18,0.95,4.21,4.49,0.64
491,4.73,2.85,45.14,58.38,3.82,1.23,1.97,4.85,2.24,0.68
492,6.01,1.99,44.08,26.44,1.21,0.0,2.04,4.5,0.16,1.68
493,7.51,5.53,60.22,85.62,1.95,0.57,0.47,2.97,2.35,1.81
494,12.29,4.15,22.88,72.41,3.29,0.74,0.0,1.51,0.68,2.53
495,9.99,4.77,55.55,58.71,3.73,1.36,1.57,2.43,0.33,1.95
496,7.04,5.27,61.67,25.6,0.42,0.04,0.4,3.54,1.73,0.06
497,7.58,5.45,14.14,65.77,3.04,0.0,2.48,2.59,5.61,1.54
498,9.12,6.31,26.27,29.75,3.06,4.55,0.64,0.0,0.65,0.91
499,11.15,1.91,47.39,55.72,1.99,2.59,2.98,0.0,3.53,0.42
500,7.3,5.52,57.55,42.66,1.72,0.1,0.0,0.0,0.06,0.07
501,2.13,3.13,39.58,40.78,3.9,1.44,0.44,2.77,3.82,0.88
502,3.46,1.67,63.51,49.64,3.37,4.03,2.26,2.09,1.59,1.95
503,0.73,5.95,65.43,79.36,3.2,0.0,0.0,2.83,2.43,1.05
504,4.16,3.52,37.65,32.39,4.02,1.91,3.46,0.44,0.05,1.28
505,6.12,5.78,46.98,62.21,4.7,2.01,1.7,4.38,0.0,0.0
506,8.57,2.56,41.4,31.74,5.01,3.29,3.25,1.54,0.0,1.24
507,5.74,5.28,78.81,56.69,5.97,1.85,1.65,2.02,0.21,0.06
508,4.19,2.66,47.86,43.58,1.23,2.57,0.68,3.22,2.1,1.42
509,3.75,7.97,14.0,92.93,3.77,0.72,0.69,1.72,0.89,1.1
510,4.41,6.33,68.25,44.36,4.61,1.77,0.92,4.11,1.4,0.22
511,8.89,3.75,35.38,46.04,2.93,3.0,1.62,0.0,0.05,1.21
512,0.97,3.26,68.12,40.72,4.09,0.36,1.59,2.06,1.59,1.03
513,4.25,2.91,60.21,81.41,3.05,2.85,1.72,0.24,0.25,0.82
514,7.06,1.51,53.3,68.52,3.79,1.54,3.93,0.46,3.79,0.65
515,8.53,3.05,68.81,66.99,3.48,1.19,0.0,1.26,2.75,0.0
516,6.22,2.91,51.18,81.39,4.45,2.96,2.54,0.0,3.55,0.64
517,13.91,2.34,0.73,57.0,3.05,2.23,0.46,0.0,3.37,1.04
518,6.69,8.59,69.72,78.38,2.16,2.33,0.33,1.6,0.71,0.0
519,10.51,2.53,50.6,46.75,2.36,2.72,1.35,3.99,2.66,0.0
520,3.54,0.88,31.36,37.11,1.93,2.56,0.87,2.05,3.28,2.04
521,3.85,1.11,60.95,69.33,3.56,1.22,1.57,1.2,4.26,1.54
522,8.45,0.0,53.2,48.64,4.73,2.95,0.0,0.04,0.82,0.33
523,8.43,5.34,87.51,36.89,3.97,2.72,1.19,2.76,2.05,0.43
524,10.24,4.16,57.65,0.0,4.55,1.83,1.42,0.19,1.96,0.48
525,7.15,4.29,50.9,44.12,2.23,1.93,0.0,2.23,2.46,1.71
526,9.49,3.68,11.75,76.71,4.84,1.71,2.46,2.33,0.81,0.14
527,5.97,3.36,59.17,45.13,5.38,3.79,3.65,4.13,3.81,0.31
528,3.47,6.83,56.03,81.08,3.89,2.56,3.23,2.49,0.24,0.0
529,9.81,5.56,51.25,38.43,3.51,4.02,1.9,0.0,1.95,1.8
530,4.56,8.08,41.64,63.02,5.69,1.24,2.04,5.11,2.03,1.1
531,8.7,2.13,43.17,46.22,3.87,3.1,1.9,2.65,3.13,1.65
532,8.16,0.47,37.96,51.15,6.29,3.05,1.87,0.0,0.0,0.0
533,4.35,6.36,36.06,87.0,4.13,1.11,2.79,2.09,3.21,1.57
534,10.66,3.95,57.1,38.82,4.08,2.29,1.83,0.48,2.14,1.11
535,5.91,2.22,35.26,26.54,3.74,2.25,3.8,0.0,2.66,0.0
536,10.17,6.11,5.73,70.09,2.91,0.42,0.46,6.74,0.38,1.38
537,4.79,2.95,40.5,51.77,3.45,0.0,0.71,1.22,2.6,1.69
538,4.89,1.83,20.79,75.29,3.84,0.76,2.84,4.7,0.0,1.43
539,7.21,1.89,65.4,33.9,2.59,3.75,0.21,1.83,3.24,0.16
540,6.39,6.7,36.93,47.24,4.13,1.05,1.28,2.03,2.69,0.07
541,5.97,1.86,19.37,62.41,3.67,1.82,1.2,2.15,1.5,3.07
542,7.13,3.75,27.46,24.75,0.95,0.93,0.0,0.0,1.82,0.65
543,1.85,3.9,28.26,42.17,2.6,1.21,1.35,3.24,4.84,1.05
544,9.87,2.09,52.84,38.07,0.78,2.41,2.14,3.76,3.71,0.87
545,1.15,3.15,32.42,35.71,4.11,3.1,1.0,1.33,2.87,1.1
546,4.46,6.34,31.57,45.36,5.33,3.74,1.54,2.09,1.49,1.68
547,2.09,6.64,46.66,59.53,4.19,2.47,1.4,4.47,1.4,1.97
548,7.77,6.24,75.89,41.04,4.39,2.95,0.0,1.93,2.87,0.26
549,1.66,3.57,41.24,24.26,4.37,2.25,1.16,1.78,2.55,1.0
550,6.85,2.54,37.3,34.21,3.72,3.79,1.86,0.8,0.98,1.84
551,0.88,3.83,48.31,67.52,4.38,1.74,2.44,3.9,1.4,0.86
552,10.8,4.86,19.83,26.62,4.87,0.99,2.41,0.24,2.79,0.63
553,1.66,2.39,42.03,44.75,3.95,1.45,1.14,2.89,0.0,0.1
554,5.27,3.85,34.02,74.02,1.64,1.63,2.8,3.42,2.44,2.13
555,6.44,6.1,39.82,40.0,4.41,0.0,0.38,0.63,3.08,1.16
556,3.38,5.2,78.34,38.9,3.1,2.65,1.99,1.02,2.42,1.94
557,12.72,4.79,39.65,53.05,1.66,1.71,1.58,3.68,0.48,0.03
558,1.69,4.82,62.72,27.5,3.79,1.93,1.56,2.93,3.96,1.13
559,8.8,1.24,25.17,81.69,4.39,2.94,2.6,0.85,3.04,1.75
560,10.47,4.01,50.75,33.69,0.0,3.24,1.41,2.01,2.93,0.56
561,0.5,1.71,40.82,39.3,5.18,0.0,2.14,2.93,3.24,1.42
562,3.02,0.58,51.84,49.48,3.75,4.22,1.17,3.64,2.65,0.0
563,8.54,7.24,49.7,49.47,4.61,4.12,2.13,3.8,0.0,0.71
564,2.52,5.78,65.83,80.56,3.95,1.84,1.65,2.58,2.06,0.0
565,4.95,3.63,46.26,10.44,4.42,1.52,1.72,2.61,1.16,1.06
566,1.29,5.88,43.25,47.73,2.85,0.27,0.98,1.79,0.24,0.0
567,8.58,1.6,37.1,27.29,4.6,5.06,2.46,1.94,1.61,0.0
568,8.22,3.56,53.14,47.81,2.32,1.31,0.36,3.19,0.93,1.99
569,6.4,4.14,41.47,48.95,5.01,1.78,2.47,2.53,2.65,0.59
570,3.17,2.72,40.34,77.24,2.25,0.38,0.73,0.62,3.02,0.0
571,5.55,7.74,62.56,73.69,3.57,5.07,0.17,1.32,2.35,0.0
572,8.5,0.74,57.32,57.09,4.85,2.92,2.62,2.54,3.04,0.0
573,7.0,3.63,39.7,64.18,2.01,0.84,1.27,0.37,3.03,1.14
574,8.2,1.38,50.94,0.66,2.85,5.01,0.0,2.27,3.45,1.64
575,7.46,1.53,51.62,44.3,2.19,1.79,0.64,1.2,1.73,0.68
576,6.23,3.72,35.47,62.89,5.13,0.0,3.65,2.4,4.33,0.74
577,5.4,3.62,65.05,72.02,2.63,2.6,2.97,3.03,2.16,1.62
578,6.14,4.07,41.51,58.4,3.6,0.0,1.58,2.22,2.78,1.74
579,8.69,3.18,50.63,75.01,2.1,0.9,2.36,4.24,3.42,0.81
580,0.64,6.63,45.84,74.37,4.72,0.23,0.99,2.48,1.77,0.0
581,0.5,4.83,39.36,79.42,2.74,2.93,0.19,3.0,2.43,0.67
582,3.86,6.17,45.7,60.05,2.02,0.85,0.35,1.09,3.51,0.0
583,0.52,3.01,51.79,38.34,2.17,2.02,2.31,2.33,0.66,2.54
584,6.28,2.3,49.23,40.77,3.83,4.78,0.0,0.48,2.22,0.83
585,3.3,2.72,46.43,100.0,3.31,2.52,0.67,4.18,2.77,1.13
586,3.56,4.2,48.57,31.92,4.84,1.27,0.95,0.24,0.78,0.14
587,6.88,4.06,43.75,37.25,5.43,0.8,0.54,0.02,2.08,0.18
588,6.15,2.86,56.03,63.31,5.63,0.0,2.13,1.55,0.93,1.16
589,6.79,7.2,38.93,49.69,3.08,2.13,0.69,0.78,0.0,0.77
590,2.59,4.41,53.95,75.8,3.01,0.52,0.74,2.0,2.11,1.13
591,5.08,4.79,38.7,14.33,4.32,3.8,1.11,3.0,0.0,0.0
592,9.72,3.87,41.14,45.35,3.69,2.89,1.01,1.69,2.64,0.57
593,8.66,3.41,23.3,78.76,3.79,0.0,1.01,1.39,0.8,0.7
594,6.65,1.82,14.44,37.75,4.18,3.98,1.37,2.66,0.0,0.36
595,7.61,1.76,57.81,66.53,3.9,4.36,0.0,2.59,1.99,1.31
596,1.77,4.34,19.99,55.5,1.93,1.44,1.01,3.45,1.76,1.68
597,7.71,4.62,53.41,31.34,4.89,0.63,1.71,2.54,0.0,0.8
598,6.7,1.31,57.37,2.51,3.58,1.79,1.81,0.04,1.79,0.0
599,5.69,5.42,44.52,65.08,2.73,3.2,0.57,1.98,1.59,1.13
600,6.54,3.09,78.39,57.99,6.95,3.7,2.58,1.85,4.9,0.0
601,0.6,5.59,44.09,64.16,1.39,3.01,1.57,4.52,4.98,0.82
602,6.35,1.99,23.29,71.19,3.53,1.91,0.0,0.34,2.57,0.33
603,4.09,6.5,40.85,72.46,4.43,4.64,4.05,1.28,0.0,0.0
604,7.66,3.52,7.33,69.02,1.83,2.6,0.68,2.76,0.0,0.53
605,4.05,9.22,56.41,57.52,2.97,0.0,0.18,2.26,1.75,0.0
606,9.14,2.49,25.16,64.52,3.04,3.88,1.57,2.34,2.24,1.48
607,1.11,0.19,24.76,68.44,2.46,4.31,0.99,3.35,1.91,0.06
608,5.73,5.25,62.1,73.0,4.7,0.0,2.27,0.0,2.08,1.08
609,3.88,7.0,57.65,64.14,4.23,2.85,1.69,1.66,0.68,0.0
610,11.52,5.43,30.33,22.6,2.54,0.0,0.6,0.0,2.04,1.57
611,10.5,4.01,60.55,25.58,4.77,4.56,0.51,0.04,0.37,0.78
612,4.57,2.34,54.82,68.42,1.73,0.0,0.22,0.63,0.58,1.63
613,5.37,3.7,49.12,33.36,4.9,2.14,2.59,2.5,0.0,0.0
614,4.63,0.0,38.86,38.63,2.88,2.69,2.52,4.17,1.9,0.36
615,4.5,0.79,32.65,38.32,6.14,2.39,2.96,2.07,1.31,0.85
616,0.64,8.37,39.74,18.97,3.33,2.04,1.12,0.43,0.5,1.69
617,3.87,1.09,51.93,44.42,6.02,1.6,1.12,0.57,3.3,0.0
618,3.91,7.18,42.61,63.15,1.81,2.4,2.66,3.18,1.67,2.1
619,0.5,2.42,34.41,36.97,3.56,1.21,0.84,1.13,3.39,1.09
620,9.2,3.42,53.65,49.36,2.77,0.69,3.24,2.3,0.33,1.78
621,3.21,0.77,68.51,59.92,1.92,1.57,0.77,3.84,1.41,0.82
622,6.39,4.17,50.65,61.34,3.88,3.13,2.78,1.24,1.84,0.15
623,4.84,4.86,38.18,61.48,3.72,1.47,2.09,0.0,1.0,0.48
624,11.79,2.48,40.39,47.25,4.68,2.48,1.96,1.33,0.01,1.36
625,14.0,3.4,53.4,43.16,4.21,3.17,1.8,2.85,2.12,1.3
626,3.61,6.66,58.92,43.38,5.34,2.35,1.98,2.63,1.32,0.0
627,8.1,1.96,50.2,89.56,3.68,2.9,1.21,4.37,0.0,0.0
628,9.2,5.6,37.8,66.23,3.29,2.1,3.42,2.25,1.57,1.41
629,5.81,2.3,73.49,24.67,0.93,4.7,0.28,0.0,4.98,0.98
630,7.89,3.41,44.81,89.31,1.52,2.32,2.0,0.54,1.94,1.65
631,5.52,2.59,68.06,42.91,2.22,4.4,3.86,1.73,1.04,0.82
632,11.62,1.66,28.55,52.45,4.23,1.01,2.02,0.0,1.53,1.81
633,10.12,8.91,36.62,30.08,4.06,0.0,0.2,2.44,0.81,0.14
634,8.13,4.7,56.6,59.22,3.74,2.52,0.0,0.92,3.6,1.55
635,3.87,7.74,70.73,64.39,4.22,2.16,1.65,2.38,2.1,0.0
636,5.78,4.85,58.1,81.24,4.45,1.83,2.89,0.6,1.4,0.22
637,2.81,5.21,31.2,43.5,6.6,2.17,1.86,1.61,3.72,0.0
638,4.1,3.5,26.59,35.46,5.84,4.17,2.88,3.41,0.0,1.04
639,5.07,3.97,18.83,53.27,3.43,0.65,1.92,2.81,0.0,1.73
640,12.86,2.36,44.57,66.4,6.25,5.65,1.84,2.06,1.37,0.0
641,5.7,3.95,15.99,54.12,3.45,0.0,1.65,2.83,1.88,2.38
642,5.41,3.84,5.76,53.17,2.23,0.66,1.83,3.27,1.51,0.86
643,3.5,3.15,47.96,78.89,2.8,1.83,0.0,3.31,1.5,0.0
644,3.69,2.39,36.26,61.39,2.92,3.95,1.37,2.78,2.8,0.7
645,2.89,6.62,48.86,44.8,2.7,0.0,0.0,2.49,1.74,1.38
646,0.52,2.84,39.36,58.15,1.45,4.09,1.8,0.0,3.99,1.34
647,11.47,1.96,41.97,74.98,3.2,1.63,0.11,0.0,1.14,0.0
648,1.88,1.15,30.79,63.13,2.12,2.82,2.78,0.05,3.2,0.52
649,9.12,3.42,36.31,25.49,2.69,0.0,2.33,1.42,0.05,0.85
650,0.72,4.3,39.23,67.66,3.7,0.64,0.0,3.19,2.65,0.37
651,4.98,1.65,46.04,58.56,3.13,0.0,1.26,0.53,2.31,0.69
652,2.82,5.71,52.24,53.29,4.62,3.51,1.28,0.56,2.46,0.0
653,8.92,4.84,45.12,27.11,0.76,2.27,0.88,1.3,1.26,1.48
654,14.65,4.65,31.96,41.44,4.28,3.55,1.46,0.0,0.32,2.09
655,1.95,4.18,35.65,83.02,2.8,1.94,2.02,4.09,0.62,1.09
656,6.09,5.99,41.7,42.16,5.11,3.37,2.21,2.95,0.9,1.21
657,11.15,2.67,29.73,80.48,4.38,0.0,0.43,0.95,2.25,0.82
658,7.78,2.95,35.08,87.16,2.58,3.47,1.23,1.82,1.24,1.48
659,5.82,3.63,71.28,60.86,1.62,1.71,1.27,2.48,3.29,1.25
660,6.45,3.98,57.43,100.0,6.93,2.1,1.35,1.96,3.16,0.47
661,9.67,6.92,14.5,62.78,1.59,1.3,0.17,1.67,0.65,1.58
662,10.34,6.33,38.25,46.78,3.57,1.21,3.25,1.16,1.91,2.04
663,5.16,2.32,37.37,83.27,1.67,1.15,3.11,3.94,5.02,2.29
664,5.2,4.97,39.39,63.67,4.93,1.19,2.01,2.0,1.21,2.08
665,13.07,6.3,13.97,53.0,1.46,0.07,2.03,2.2,0.94,0.92
666,6.87,6.49,50.09,57.24,3.48,0.0,3.39,3.7,0.9,0.19
667,12.12,3.09,41.43,33.86,2.25,2.41,1.77,3.13,2.63,2.6
668,4.52,6.95,62.45,66.12,2.44,0.78,0.69,1.55,1.15,0.93
669,8.26,5.32,72.48,45.21,4.07,2.3,1.84,0.33,0.01,1.28
670,6.34,5.66,41.79,50.39,5.98,2.49,3.25,0.0,3.33,0.51
671,6.25,1.15,51.23,27.87,0.79,3.83,0.39,1.91,0.2,1.19
672,7.25,1.71,40.78,52.12,3.58,1.45,0.89,0.0,1.1,0.33
673,8.43,3.17,46.8,39.51,3.44,0.87,0.79,1.42,2.85,2.61
674,11.69,6.91,31.3,26.97,2.66,0.76,2.13,2.61,1.87,1.28
675,9.5,6.88,26.11,51.64,3.37,0.0,1.79,1.23,1.34,1.09
676,5.34,5.25,34.15,75.95,4.6,3.53,1.27,4.32,2.2,1.56
677,0.64,7.15,45.82,85.44,2.84,0.0,2.79,4.66,0.0,0.47
678,6.33,0.0,53.0,33.36,3.18,3.75,1.43,2.48,1.97,1.67
679,9.81,5.16,20.06,83.5,6.06,2.75,3.21,4.66,4.85,0.95
680,5.26,3.08,32.91,47.3,1.67,1.27,1.77,3.31,1.5,1.0
681,0.67,1.76,67.51,41.73,4.24,1.41,0.12,2.7,2.22,1.45
682,7.35,4.81,48.31,26.52,2.96,3.54,0.89,4.45,1.61,0.0
683,9.03,5.7,38.52,33.21,3.27,2.58,1.67,1.54,1.66,0.41
684,7.6,5.63,39.43,59.74,3.02,4.49,2.97,2.84,1.73,0.46
685,9.9,4.5,47.91,77.23,2.83,1.58,2.95,3.13,0.63,0.0
686,5.02,4.21,42.47,100.0,5.31,0.0,2.57,2.65,1.19,1.25
687,6.15,1.87,62.21,62.12,2.64,1.98,1.75,3.05,0.26,0.45
688,4.29,4.86,38.92,51.53,2.31,2.96,0.0,1.02,1.06,1.53
689,3.87,1.68,62.95,32.53,3.98,3.06,2.32,2.34,1.19,1.2
690,1.42,4.64,50.44,34.24,3.85,2.44,1.89,1.0,1.62,1.08
691,8.71,6.45,50.98,58.08,5.04,4.17,4.02,2.75,3.68,0.0
692,2.63,4.9,35.69,12.5,3.17,0.0,1.84,4.42,0.0,0.45
693,7.03,0.09,22.89,41.12,1.44,1.21,0.0,0.0,0.21,1.36
694,6.92,6.95,50.05,47.28,2.24,1.0,1.76,2.11,1.89,0.58
695,12.83,6.57,45.85,59.19,4.5,3.24,2.34,0.41,1.75,1.27
696,3.06,3.71,50.44,71.47,4.76,0.0,1.07,1.93,2.63,0.0
697,0.72,4.96,31.53,60.19,4.56,2.06,1.72,1.45,1.72,0.0
698,9.96,2.65,47.79,90.61,4.52,3.99,0.41,3.49,1.53,0.57
699,7.1,8.9,66.8,78.46,3.39,2.35,2.13,2.66,0.82,0.0
700,7.56,4.01,51.85,36.6,3.85,0.86,1.37,4.0,2.21,1.71
701,5.52,2.81,50.5,70.45,2.23,3.09,0.0,2.7,0.0,0.74
702,5.52,4.36,65.2,34.35,3.55,0.12,1.36,2.84,3.11,0.88
703,2.31,6.54,39.62,28.63,2.97,2.58,1.57,2.61,0.0,0.29
704,11.88,5.62,27.52,57.27,3.44,0.82,2.14,1.55,3.3,1.06
705,0.5,3.19,65.73,58.57,4.41,2.72,1.8,2.96,3.4,0.92
706,5.0,5.41,67.75,35.78,4.37,2.51,2.29,0.0,2.54,0.71
707,7.3,7.94,42.72,61.51,2.52,2.92,2.45,0.94,4.13,0.29
708,8.48,3.93,39.93,72.41,2.39,0.0,0.0,1.26,3.24,0.39
709,8.52,4.66,50.43,49.76,2.42,4.36,0.0,0.0,1.37,0.02
710,7.13,7.1,63.24,55.72,1.57,3.16,3.15,1.29,2.44,0.0
711,7.16,4.55,81.81,44.96,3.23,2.91,0.52,3.72,0.22,0.49
712,3.75,0.38,42.61,26.74,2.91,2.16,0.91,3.33,0.0,1.93
713,2.4,5.9,61.42,87.1,4.76,0.28,1.56,2.05,2.57,0.47
714,10.65,4.72,49.13,69.26,3.21,0.0,0.0,3.23,0.0,1.02
715,10.94,3.7,34.28,31.57,4.21,2.71,2.27,2.15,0.16,0.69
716,8.36,1.02,28.6,61.0,4.53,1.56,3.53,0.0,2.4,2.63
717,8.38,2.35,43.53,32.41,4.07,2.62,2.46,0.0,2.89,0.8
718,5.69,2.71,38.8,60.77,3.86,1.14,0.35,1.44,0.86,1.59
719,8.83,6.67,40.39,35.58,3.21,3.0,2.74,0.69,2.47,0.49
720,0.5,6.13,41.14,63.15,4.0,3.6,1.57,2.05,1.51,0.0
721,9.74,0.75,72.41,55.94,6.16,1.28,2.26,0.45,2.94,2.24
722,3.67,4.83,61.34,54.15,4.76,0.0,3.35,2.97,1.32,1.69
723,3.78,3.07,45.66,66.17,1.88,4.49,0.5,3.35,2.66,0.81
724,2.0,3.81,73.24,93.55,3.09,0.63,2.51,2.7,3.42,1.02
725,5.06,3.56,22.58,41.46,4.25,1.09,3.17,2.23,3.0,1.17
726,0.5,3.65,80.95,59.29,3.97,0.5,1.11,5.65,2.19,0.27
727,4.0,2.75,40.58,56.09,3.58,1.79,0.0,1.14,3.91,1.53
728,3.69,3.02,44.22,49.35,2.54,2.69,0.57,1.5,1.52,1.09
729,7.95,3.94,46.07,23.47,4.06,3.4,0.0,1.82,2.93,0.85
730,4.59,2.86,20.54,78.7,1.39,3.9,0.0,2.04,3.38,1.54
731,6.67,2.24,58.95,63.44,4.1,3.2,2.1,1.56,1.78,2.14
732,4.57,3.2,31.57,56.19,4.2,2.38,2.78,3.41,3.39,1.06
733,1.32,0.34,63.96,62.55,4.07,2.41,2.74,2.46,1.47,0.2
734,8.13,2.53,49.62,67.89,3.11,2.58,3.45,0.97,0.0,0.71
735,4.72,4.81,52.51,49.2,0.0,2.86,0.47,2.76,0.48,0.92
736,10.89,4.17,33.82,49.59,3.3,2.76,2.45,1.63,2.6,1.08
737,2.2,2.33,22.48,55.14,3.08,0.7,0.0,3.33,1.62,0.51
738,12.23,4.48,52.82,33.83,3.2,2.25,3.25,1.58,1.17,1.73
739,3.61,4.01,47.96,62.78,1.39,2.74,4.12,1.75,3.34,0.58
740,10.29,0.53,51.33,31.21,3.5,3.24,0.57,0.0,5.23,2.22
741,10.23,5.99,34.1,18.5,2.67,1.57,2.11,2.61,0.0,0.85
742,8.3,3.01,36.53,60.31,3.89,1.88,1.2,1.05,2.47,1.58
743,11.75,6.35,50.4,30.69,5.12,0.05,2.98,2.65,0.59,1.11
744,4.11,7.31,34.16,56.53,5.96,1.55,1.35,3.89,0.2,0.0
745,6.46,5.2,57.44,22.55,4.08,0.0,2.34,5.15,0.68,0.22
746,7.98,4.46,69.18,40.56,2.77,0.67,4.59,1.96,3.42,1.24
747,8.55,4.09,43.14,63.04,2.77,3.05,1.55,1.73,1.28,0.17
748,10.05,1.47,23.69,31.83,4.89,0.86,2.91,1.29,3.27,2.56
749,6.18,5.21,48.57,50.56,4.79,2.77,1.17,1.12,1.24,1.34
750,7.43,5.69,24.65,66.98,4.97,1.54,2.1,4.14,0.07,0.0
751,0.5,2.18,67.52,36.87,2.5,0.48,0.0,2.83,4.42,0.98
752,2.43,3.96,37.11,54.77,4.48,0.0,1.68,3.97,3.13,0.58
753,8.53,4.76,41.91,43.75,2.83,1.06,1.45,0.0,1.11,1.07
754,5.0,3.58,37.83,95.49,6.72,0.38,1.24,3.67,2.09,1.32
755,4.74,4.45,42.35,42.41,3.62,2.42,1.6,0.0,1.21,1.59
756,5.34,3.53,31.17,37.71,4.52,2.49,2.45,0.0,3.68,2.13
757,1.43,5.26,52.8,24.08,3.47,3.02,3.56,1.84,0.57,0.0
758,5.73,4.9,46.52,34.38,2.53,1.99,2.23,1.05,0.43,1.09
759,8.78,1.2,42.5,60.33,1.56,3.66,1.6,0.53,2.64,0.89
760,7.53,3.67,44.0,65.8,2.26,3.55,1.32,1.95,3.05,1.19
761,5.03,5.32,61.76,28.03,2.87,1.79,1.37,0.0,1.81,0.0
762,12.91,0.67,46.79,43.1,2.77,1.92,2.51,2.03,5.22,0.99
763,9.15,2.46,46.38,65.17,2.97,4.48,1.71,1.52,0.2,0.0
764,4.78,0.0,74.77,51.7,3.77,0.83,1.56,2.34,3.0,1.75
765,7.22,2.23,57.22,68.96,4.89,4.63,1.06,0.0,2.37,0.63
766,4.64,4.74,62.09,32.91,1.25,1.8,1.06,0.72,0.0,1.9
767,6.96,3.79,58.82,65.1,8.0,1.87,3.14,2.33,2.34,0.0
768,3.43,3.55,24.75,72.46,7.34,2.33,1.72,2.33,2.76,0.73
769,9.03,3.95,51.44,47.69,6.56,1.66,0.5,0.0,1.06,0.54
770,4.36,5.92,72.53,40.95,3.51,0.0,1.56,4.89,1.21,0.89
771,0.5,0.0,29.21,80.54,5.61,4.09,1.31,0.49,0.05,0.56
772,6.85,3.24,29.9,77.17,4.39,4.5,2.17,3.51,2.48,0.76
773,1.82,3.3,30.1,28.79,4.91,1.89,1.08,0.12,2.02,1.24
774,6.78,6.07,41.93,65.07,5.47,2.95,4.24,5.13,0.98,1.35
775,4.96,8.6,59.48,43.6,5.22,2.69,1.82,1.16,0.79,0.0
776,5.88,1.21,48.05,36.64,4.69,3.36,1.75,0.07,1.89,0.96
777,0.66,1.55,54.78,79.73,6.01,2.15,2.61,1.19,0.18,0.0
778,2.44,5.3,29.58,88.63,2.55,0.66,0.59,5.75,3.72,1.17
779,9.3,2.62,49.25,68.98,5.08,3.22,0.8,2.33,0.47,0.43
780,4.44,3.34,50.73,25.59,4.04,4.38,0.0,3.73,1.36,0.0
781,5.95,4.18,37.7,24.19,7.44,2.08,2.83,3.93,2.53,0.0
782,2.59,4.3,27.38,50.93,3.64,1.86,0.0,1.5,4.09,1.05
783,9.63,3.02,61.8,47.19,5.87,3.09,2.09,1.46,0.47,1.66
784,7.31,0.97,66.79,49.14,1.87,2.05,0.75,1.4,3.75,1.32
785,7.06,5.43,39.8,71.1,3.3,1.34,0.0,2.03,0.0,0.0
786,0.55,6.22,38.53,51.97,2.52,0.39,2.06,4.66,1.85,0.08
787,7.29,7.31,49.95,28.95,5.47,2.41,0.0,0.77,3.72,0.06
788,0.5,3.89,33.71,62.02,4.0,3.41,2.24,3.51,0.98,2.46
789,3.05,6.3,55.38,41.32,2.56,3.41,1.83,5.58,2.39,0.0
790,7.35,7.08,46.6,54.2,0.0,0.53,2.07,5.29,0.89,0.96
791,3.12,3.72,60.96,71.75,4.86,2.33,0.0,0.92,0.74,1.11
792,9.46,0.51,30.78,69.38,5.73,2.7,3.04,0.82,1.86,0.57
793,6.78,5.65,83.96,64.81,2.41,0.73,1.36,0.59,2.77,0.0
794,2.17,1.66,67.85,64.71,0.43,2.81,0.0,4.38,0.0,0.18
795,6.73,4.75,54.75,72.6,2.37,3.64,0.0,2.22,2.07,0.17
796,4.5,2.66,28.49,34.59,1.33,0.0,3.93,2.21,1.65,2.59
797,12.92,4.04,35.83,62.99,3.86,1.63,2.05,2.33,1.91,1.47
798,6.44,4.35,49.61,43.93,5.44,1.47,0.0,0.0,2.17,0.24
799,0.5,3.49,35.18,67.63,1.01,0.11,2.2,1.03,5.0,0.0
800,4.32,3.8,40.8,74.81,5.54,0.52,3.15,0.93,0.81,0.0
801,5.66,6.33,57.58,57.63,3.53,1.51,0.34,0.0,0.0,0.0
802,5.58,4.86,42.63,31.44,5.9,5.6,2.63,0.15,1.18,0.0
803,2.98,2.96,28.25,41.71,4.42,3.26,1.8,2.83,2.46,1.81
804,8.94,4.09,68.2,26.2,6.75,2.27,2.36,2.38,2.49,0.0
805,10.38,4.99,41.43,89.64,3.41,3.96,3.34,1.7,3.32,0.0
806,1.76,3.44,73.83,71.83,5.82,3.02,2.49,2.16,1.04,0.0
807,2.62,2.77,63.39,81.38,6.69,0.94,1.2,2.91,2.22,0.0
808,0.66,3.41,72.04,65.49,1.06,3.45,0.0,2.19,0.0,0.34
809,7.57,3.9,35.04,70.8,2.94,2.61,0.0,2.62,2.76,0.0
810,6.16,5.62,57.54,24.6,1.12,0.0,0.9,0.0,0.0,0.74
811,8.54,3.01,40.73,44.89,3.54,2.47,1.44,0.0,3.34,1.65
812,6.1,4.19,35.18,53.99,4.96,0.0,1.05,2.98,0.0,1.44
813,0.5,2.69,60.55,44.43,3.94,1.94,2.93,3.49,0.62,1.37
814,11.4,4.84,44.65,51.16,3.28,4.36,2.46,0.94,2.43,0.35
815,8.36,7.25,49.74,62.89,1.77,0.0,1.75,4.98,3.06,3.66
816,4.33,7.19,42.34,44.53,3.58,0.55,0.0,1.42,0.06,1.93
817,6.17,2.86,40.91,67.94,3.23,1.56,3.89,3.8,0.83,1.54
818,3.43,6.51,11.21,47.65,3.97,1.87,1.74,2.54,4.05,0.4
819,5.72,5.62,35.23,77.68,3.14,3.44,2.94,4.33,0.43,0.99
820,5.68,6.04,31.44,42.78,3.36,1.42,1.37,2.11,2.32,0.35
821,6.6,2.49,53.09,36.36,2.55,0.0,2.31,0.0,0.0,1.51
822,4.5,6.3,57.01,34.09,6.34,3.79,2.04,3.95,2.81,1.93
823,4.83,5.66,41.55,60.05,3.09,2.29,2.84,2.73,2.55,0.0
824,10.88,6.02,56.22,51.25,3.5,1.62,1.34,0.56,2.42,0.76
825,7.89,6.06,65.3,50.23,2.48,1.49,0.11,2.99,0.59,0.69
826,2.82,1.36,29.48,55.53,3.49,2.8,1.05,2.54,2.44,1.51
827,4.37,2.45,67.63,71.35,2.72,1.98,2.39,5.1,0.86,0.52
828,5.87,2.01,33.3,53.24,3.59,2.92,1.83,3.65,0.0,0.36
829,6.45,6.58,47.94,79.27,1.72,3.17,2.05,0.93,3.78,1.55
830,5.04,9.75,30.16,75.18,6.2,3.85,1.62,3.18,1.23,0.13
831,4.82,5.69,45.62,56.08,4.01,1.89,2.1,1.62,2.3,0.0
832,3.37,0.74,42.39,94.13,2.85,1.6,0.54,1.13,1.88,0.77
833,8.45,4.55,41.24,80.36,4.94,1.11,1.85,2.06,0.0,0.0
834,6.01,6.43,41.65,70.82,5.82,1.97,0.79,4.27,4.84,0.0
835,4.8,3.51,37.36,37.32,2.25,2.12,0.29,4.05,1.49,1.21
836,4.54,3.36,40.47,62.94,4.99,1.39,1.54,2.74,1.16,0.27
837,6.56,5.79,56.16,36.93,0.83,2.53,2.21,3.2,0.0,1.18
838,4.19,5.36,41.38,39.92,3.78,2.15,2.54,3.33,1.56,0.67
839,8.98,2.09,64.86,58.96,4.13,2.83,1.33,2.33,4.64,0.9
840,12.48,6.88,28.76,72.13,2.72,3.55,2.49,0.05,1.75,1.51
841,9.49,6.71,36.07,58.03,4.91,2.63,1.88,0.37,3.96,1.2
842,0.5,6.45,52.95,61.02,2.62,3.39,0.0,2.62,4.65,0.63
843,9.44,7.53,51.25,49.29,4.37,2.62,5.13,1.39,2.08,0.8
844,6.58,4.91,81.74,43.87,2.71,2.71,0.2,1.71,1.07,0.06
845,3.76,3.9,57.98,47.05,1.32,2.91,1.18,0.0,2.92,1.01
846,2.45,0.0,80.42,78.24,2.77,2.63,0.0,2.62,2.59,0.79
847,2.58,0.0,36.54,48.21,6.76,2.35,1.99,0.85,2.67,2.53
848,6.36,3.6,56.91,35.4,2.73,1.61,1.44,2.86,4.04,1.19
849,9.58,5.33,49.97,12.91,1.35,2.85,0.43,0.83,0.81,0.78
850,5.42,5.69,26.7,67.1,3.33,0.54,1.36,2.27,2.27,1.81
851,4.57,0.0,23.52,0.39,3.96,2.9,3.37,0.0,1.19,1.18
852,2.99,8.04,27.43,50.53,2.97,2.88,2.9,0.0,2.2,0.28
853,3.67,2.58,65.18,75.18,0.82,2.75,0.87,1.75,0.0,1.45
854,11.25,6.89,86.37,72.97,3.94,1.86,0.57,2.72,3.5,0.0
855,3.51,2.71,62.43,64.54,2.78,1.72,2.53,1.87,1.98,0.31
856,1.9,4.2,47.56,65.21,4.33,2.76,0.51,1.7,2.57,0.0
857,1.43,5.86,55.08,53.82,5.79,0.0,0.74,1.87,2.44,1.19
858,8.71,4.01,46.13,88.45,1.59,0.69,2.53,0.77,1.49,0.8
859,7.38,6.11,40.33,31.13,2.8,0.0,1.52,1.2,3.88,1.14
860,6.8,2.83,47.2,36.96,4.58,1.52,2.15,3.35,1.97,1.38
861,0.5,4.39,40.31,25.37,5.49,2.52,2.07,0.59,0.16,1.38
862,3.73,5.0,48.78,56.17,3.9,2.15,0.0,1.41,0.85,0.0
863,9.55,2.53,36.54,54.98,4.37,0.58,0.45,2.13,1.69,0.55
864,5.56,2.68,53.67,76.4,3.45,1.73,1.96,5.0,3.17,1.52
865,7.93,8.61,84.07,22.57,1.61,4.23,0.88,0.0,0.81,0.58
866,0.56,3.62,43.68,20.78,4.68,0.73,2.87,4.04,0.0,0.0
867,8.92,3.08,57.13,86.01,4.02,2.62,2.68,0.43,1.22,0.85
868,8.15,2.82,37.92,69.8,2.49,1.69,2.2,2.58,1.79,1.33
869,9.38,6.32,66.12,88.17,2.48,0.0,3.71,2.95,3.65,0.48
870,4.43,2.58,51.47,66.4,4.92,1.24,1.63,0.85,2.46,0.22
871,5.66,5.26,35.63,58.57,5.35,1.32,3.16,2.9,3.55,1.3
872,2.83,4.76,75.74,15.98,4.78,3.55,2.12,3.3,3.57,0.83
873,3.05,3.16,41.01,50.0,4.17,2.18,1.7,0.36,0.67,1.06
874,7.51,4.49,31.92,55.61,2.14,0.0,1.03,2.45,3.52,0.87
875,7.04,5.77,25.77,39.47,3.22,1.48,1.84,2.79,2.13,1.16
876,4.74,3.95,34.34,57.55,4.25,0.32,0.0,2.22,0.92,0.7
877,6.25,4.87,73.23,54.0,5.45,1.24,0.42,1.2,1.75,0.0
878,7.16,4.07,35.73,67.45,4.86,1.29,2.28,0.79,3.35,0.83
879,5.04,2.57,40.44,54.47,3.07,1.67,0.0,2.17,0.0,1.68
880,7.23,6.12,59.3,65.62,4.9,4.76,2.32,2.01,1.57,0.58
881,7.16,1.1,39.3,71.02,5.3,3.61,1.7,4.16,1.84,1.54
882,5.82,4.95,59.95,48.24,4.53,2.05,2.14,3.6,1.17,1.33
883,6.12,4.65,32.89,63.14,3.65,1.62,0.0,0.47,3.23,0.66
884,8.57,2.19,51.45,54.33,3.08,2.23,0.96,0.0,2.9,1.76
885,6.6,3.85,52.64,6.81,6.32,3.66,2.91,0.26,0.0,1.84
886,3.66,1.93,38.25,26.04,4.5,2.43,1.76,0.54,0.0,0.74
887,9.95,4.28,51.06,62.83,5.19,2.94,1.77,3.92,1.77,1.45
888,4.44,3.6,46.1,29.38,3.85,1.36,0.76,1.19,2.62,0.04
889,12.35,0.0,38.78,53.8,5.4,3.86,0.0,0.29,2.51,1.54
890,5.35,7.34,42.96,61.08,2.55,1.54,3.39,1.38,0.69,1.54
891,0.5,1.88,58.03,74.06,2.51,1.01,1.23,2.89,0.98,0.34
892,5.12,6.07,55.28,60.26,2.34,0.37,2.64,3.48,1.27,0.52
893,8.32,6.64,24.85,72.97,4.05,2.62,2.28,4.27,1.51,0.13
894,7.08,3.07,52.33,33.94,4.78,2.85,2.58,2.88,3.11,0.9
895,11.42,2.48,48.4,65.7,5.44,5.18,2.51,2.03,3.62,1.08
896,4.83,6.46,22.43,68.6,2.01,3.3,2.21,2.53,0.69,1.23
897,4.78,2.53,80.66,45.38,2.43,1.83,0.0,0.0,2.35,0.09
898,10.37,5.71,56.0,88.21,1.62,2.18,1.72,0.94,2.31,0.71
899,7.91,0.9,37.84,62.89,4.42,3.67,0.86,3.06,0.05,0.0
900,7.9,2.73,40.16,49.15,6.91,4.84,0.68,1.48,3.14,0.14
901,5.75,5.69,30.42,36.84,4.43,3.76,1.32,1.36,2.32,0.12
902,6.72,3.99,65.06,42.13,2.44,0.0,2.17,2.64,2.66,0.4
903,8.48,6.3,31.39,79.14,0.89,2.31,0.91,2.34,0.0,0.18
904,7.39,4.53,36.21,34.13,3.2,3.0,1.7,0.0,1.64,0.67
905,8.3,6.54,43.13,100.0,3.3,0.64,0.38,1.26,0.0,0.0
906,6.72,6.53,44.09,65.24,2.41,2.78,1.04,1.15,1.22,1.1
907,5.74,3.89,41.01,20.26,4.14,5.32,1.32,2.7,3.04,0.75
908,2.16,1.34,55.42,62.31,3.71,1.21,1.76,1.66,0.66,0.83
909,1.56,4.9,54.51,32.8,4.83,2.07,1.44,2.82,4.57,1.06
910,7.29,3.1,45.0,81.96,4.9,4.16,4.94,3.66,3.18,0.7
911,6.05,7.04,50.94,94.79,5.46,0.0,1.95,1.85,0.75,0.0
912,4.88,4.8,68.11,59.26,3.39,0.49,0.39,1.75,0.32,0.34
913,3.41,3.25,33.12,43.09,2.97,0.0,0.0,0.75,2.07,0.0
914,2.73,0.0,14.23,65.4,6.46,2.15,2.83,2.36,3.31,2.14
915,5.89,2.07,32.24,24.74,3.56,1.84,2.06,1.71,0.41,0.39
916,8.44,6.01,50.47,15.09,5.94,2.54,2.39,0.0,1.32,1.46
917,0.5,2.09,69.94,25.68,1.78,1.37,0.0,4.49,2.27,0.0
918,7.43,1.94,53.87,32.69,4.26,1.12,0.38,0.0,0.38,1.13
919,2.6,4.13,32.63,57.44,0.5,0.91,0.76,3.6,1.05,0.17
920,11.0,1.84,40.53,43.46,5.28,3.18,1.98,2.42,1.64,0.29
921,1.72,3.35,20.49,35.36,4.81,0.36,0.0,2.3,3.34,1.18
922,2.88,8.2,53.22,60.82,3.7,0.0,0.91,1.12,2.0,0.6
923,6.17,2.92,80.1,55.96,2.64,2.77,2.98,2.05,0.68,1.0
924,5.95,3.76,34.39,22.32,2.48,4.14,2.82,0.56,3.18,0.81
925,7.74,0.82,58.35,43.91,3.69,0.42,0.26,3.59,1.46,1.75
926,5.03,1.66,23.48,31.45,3.11,0.85,4.34,1.72,3.38,1.78
927,6.59,4.13,26.55,51.86,3.94,1.19,1.34,1.67,0.49,0.0
928,5.99,4.37,19.89,84.36,2.32,3.68,1.97,2.33,5.02,0.0
929,4.6,6.03,48.26,80.17,4.06,0.0,0.0,1.83,0.64,0.0
930,9.76,5.08,20.24,63.54,3.13,2.3,1.73,1.2,1.9,1.5
931,3.18,6.3,43.37,63.21,4.56,1.83,1.45,1.09,0.41,1.7
932,3.71,4.72,12.39,31.48,0.0,0.0,1.07,1.42,0.69,2.15
933,5.53,5.44,27.46,100.0,3.15,0.25,2.47,1.58,1.4,1.06
934,5.49,3.81,72.94,91.75,2.39,6.12,0.0,0.0,3.13,0.5
935,3.5,7.91,38.61,72.99,3.57,0.22,0.0,0.82,2.98,0.34
936,6.78,6.08,49.62,66.96,2.81,3.12,2.7,3.04,2.71,0.62
937,10.32,5.53,66.75,75.6,2.58,3.81,0.76,3.97,2.81,1.61
938,8.23,2.93,37.68,61.81,5.73,2.93,1.09,0.0,3.4,2.04
939,5.46,1.28,57.2,79.6,2.33,1.52,1.66,2.49,3.85,0.95
940,9.39,4.5,43.78,81.64,0.91,0.79,1.56,5.47,1.39,0.64
941,5.52,2.33,41.76,78.61,2.17,1.75,1.68,2.56,3.23,0.39
942,6.81,2.02,38.65,74.39,5.62,0.61,2.76,2.65,1.17,0.16
943,2.54,8.7,48.08,37.81,1.07,1.73,0.0,1.43,0.0,0.73
944,9.58,2.17,32.31,30.42,3.12,0.62,0.0,0.28,3.88,0.93
945,6.52,3.48,47.36,66.17,2.54,4.45,2.53,2.44,1.89,0.92
946,6.07,0.0,37.61,73.09,3.21,2.3,1.04,1.41,3.99,1.92
947,6.1,6.28,37.98,82.85,4.23,1.03,3.19,3.18,2.14,0.36
948,0.5,5.35,37.54,29.53,2.87,2.31,0.48,2.1,2.6,2.21
949,12.3,4.79,38.31,95.43,4.27,0.75,1.61,3.23,3.9,1.43
950,7.92,8.6,51.78,51.31,4.77,1.45,0.56,3.0,1.18,0.0
951,0.5,4.89,37.49,60.41,3.25,2.55,1.69,1.82,1.21,0.57
952,4.68,6.78,53.75,61.52,2.03,0.95,2.38,2.78,1.04,0.99
953,2.83,4.61,17.52,45.38,4.84,1.52,0.43,3.7,3.2,1.38
954,8.35,6.1,43.12,52.51,1.04,2.33,0.34,3.71,2.08,2.12
955,6.16,5.37,70.22,16.35,1.96,1.03,0.46,0.51,2.4,1.17
956,9.13,3.63,60.31,76.78,2.28,3.46,0.0,0.0,2.11,2.57
957,7.55,3.47,41.4,30.8,0.23,2.83,1.9,5.08,2.37,2.05
958,6.31,0.43,39.65,66.67,2.77,1.85,1.98,1.44,3.35,1.46
959,6.98,4.06,25.7,77.33,1.6,1.4,1.1,1.33,2.86,0.0
960,7.81,4.76,58.53,60.86,5.26,3.5,0.52,3.95,0.66,0.45
961,2.79,5.18,59.3,61.28,6.2,1.53,1.08,3.95,1.91,2.54
962,6.94,3.37,66.58,50.98,1.78,2.0,2.32,1.64,4.66,1.57
963,2.23,2.68,50.45,70.35,5.67,4.94,1.31,1.42,0.67,0.0
964,11.09,0.0,49.29,72.73,4.04,5.71,0.0,1.56,5.74,0.93
965,2.79,4.02,35.29,55.47,4.8,3.14,1.31,0.98,1.34,1.38
966,1.75,4.58,35.06,92.7,1.96,0.54,1.99,2.76,1.33,1.05
967,5.69,3.68,34.56,72.53,2.61,1.89,0.46,0.0,1.0,0.52
968,5.56,6.04,43.71,80.43,1.73,2.58,2.13,2.01,1.38,0.0
969,4.74,5.19,36.42,55.81,0.23,1.77,0.57,5.03,2.94,1.65
970,2.08,8.55,51.63,81.59,0.31,0.0,2.54,2.88,0.7,1.6
971,4.49,8.45,42.33,23.59,4.52,1.99,0.9,2.53,0.0,1.5
972,5.32,4.88,66.04,99.66,4.13,1.64,1.56,2.11,0.87,0.0
973,11.2,4.46,41.5,27.91,3.96,3.41,2.35,0.0,0.69,0.16
974,4.4,4.16,65.41,88.69,3.24,0.53,2.03,3.89,3.02,2.18
975,9.84,6.56,41.03,41.07,3.25,2.9,0.0,6.1,1.64,0.15
976,5.5,8.02,57.01,50.98,5.86,3.38,1.72,3.7,0.98,0.03
977,0.5,1.45,25.18,70.63,4.85,1.53,0.0,1.87,0.0,0.62
978,12.3,1.53,42.35,46.46,3.24,4.7,2.52,0.08,1.41,0.31
979,7.91,3.51,20.54,58.24,0.15,2.96,0.0,1.78,0.81,1.63
980,3.82,3.03,46.3,94.42,4.52,0.65,2.15,2.06,3.44,0.61
981,3.82,5.64,25.75,54.46,4.01,0.88,1.6,0.22,4.44,1.44
982,5.98,2.62,58.91,47.35,4.08,4.14,1.17,2.21,2.43,1.59
983,5.01,6.75,48.14,68.52,5.6,2.64,2.29,3.22,1.85,0.64
984,6.44,4.31,17.94,77.4,3.73,0.85,1.65,2.66,0.67,0.79
985,8.23,5.71,20.41,23.09,1.7,1.52,0.0,2.06,0.0,1.26
986,4.63,2.37,65.86,44.68,2.43,2.75,0.35,0.0,1.72,0.78
987,9.0,3.32,49.61,47.56,2.48,1.49,1.82,2.16,0.59,0.48
988,6.15,5.37,26.98,48.42,4.02,0.45,1.46,2.01,1.44,1.4
989,7.06,2.85,63.84,62.17,3.02,0.8,0.79,1.21,0.92,1.48
990,4.59,4.03,39.46,48.2,1.99,2.6,1.33,0.64,2.09,0.0
991,5.25,1.83,21.21,75.74,4.26,3.76,1.92,1.93,2.18,1.55
992,3.31,0.61,53.75,45.91,4.36,0.51,2.38,2.79,5.32,1.0
993,4.58,1.84,42.84,67.11,5.06,1.7,1.89,0.12,4.08,0.88
994,3.26,1.74,70.13,48.0,4.07,2.94,0.0,2.08,2.47,0.04
995,9.76,5.26,22.68,36.97,4.06,2.68,2.86,2.62,1.21,1.58
996,3.87,6.25,25.87,46.93,4.91,3.59,0.0,4.77,0.0,0.48
997,3.73,4.8,54.23,70.36,2.08,2.3,1.25,1.71,3.1,0.69
998,4.06,4.11,25.99,70.19,6.32,3.21,1.77,2.78,2.42,0.24
999,0.5,1.73,51.97,54.89,4.45,3.36,2.88,1.36,0.99,0.0
1000,6.09,5.7,31.36,32.86,2.93,2.77,1.0,4.22,1.11,0.65
1001,10.54,3.14,44.54,64.75,4.3,3.24,1.94,0.04,2.34,2.54
1002,7.99,3.17,54.0,47.54,3.69,0.5,0.75,0.0,2.22,1.31
1003,5.99,5.75,45.86,65.26,5.78,0.0,1.87,2.44,2.74,0.87
1004,7.06,3.88,29.68,71.27,3.31,2.48,1.68,1.61,0.11,0.0
1005,5.37,4.52,58.99,81.49,2.39,0.55,2.29,1.44,1.54,1.27
1006,5.17,5.55,54.22,36.95,5.59,1.17,0.43,2.0,4.18,1.03
1007,2.31,2.78,52.88,87.88,5.71,1.01,2.28,6.67,0.0,0.0
1008,7.55,2.07,42.32,39.41,2.19,2.45,0.0,1.24,4.3,0.22
1009,3.85,7.18,22.25,71.79,2.01,1.42,0.88,2.34,0.0,0.0
1010,7.8,3.28,65.71,76.85,3.91,1.23,1.7,1.71,2.41,0.28
1011,2.63,5.15,41.04,23.28,3.9,2.03,0.0,1.24,1.54,0.48
1012,7.66,1.98,52.87,37.16,4.53,0.41,0.49,4.11,0.0,0.0
1013,6.91,3.51,55.41,48.17,1.84,2.97,0.0,2.22,1.47,1.85
1014,9.29,3.0,19.59,33.12,2.81,3.04,1.38,0.09,2.95,0.83
1015,7.85,6.66,19.55,73.52,4.53,0.71,1.31,1.44,0.9,0.49
1016,5.01,2.6,27.93,82.8,4.34,0.88,3.01,3.94,0.93,0.13
1017,7.67,8.41,48.02,69.39,4.38,1.18,0.0,1.15,1.28,0.71
1018,2.73,5.31,47.56,51.72,2.67,2.8,0.33,4.69,0.0,1.85
1019,9.9,1.55,31.68,36.13,5.46,3.16,1.05,1.28,2.37,2.79
1020,1.74,0.51,44.0,49.2,5.47,3.6,0.0,2.46,0.14,1.61
1021,8.86,2.59,23.14,69.27,1.42,3.6,0.62,0.22,2.31,0.98
1022,8.62,2.94,21.04,46.33,3.93,0.0,3.36,3.26,1.07,1.13
1023,5.32,3.93,36.73,22.72,4.01,1.39,0.27,2.91,3.0,0.8
1024,10.03,6.38,62.13,65.26,3.01,2.09,1.69,2.42,0.0,0.37
1025,5.4,4.56,27.59,63.44,1.13,4.09,1.76,0.0,1.27,0.94
1026,7.22,4.06,48.89,75.28,4.16,2.8,0.19,1.48,1.27,0.85
1027,5.07,6.95,44.52,79.24,4.7,0.0,1.45,1.99,2.02,0.47
1028,6.47,2.61,54.01,53.62,3.78,0.96,0.0,3.17,3.4,1.75
1029,9.8,3.73,40.2,38.5,3.86,2.63,2.07,1.99,0.0,0.59
1030,4.92,1.25,26.07,16.4,1.58,2.68,0.0,0.79,0.32,2.55
1031,5.05,2.76,33.15,53.72,2.74,2.45,0.0,1.83,0.81,1.52
1032,6.4,2.65,73.46,84.98,3.38,4.16,2.86,0.72,2.58,0.28
1033,6.48,4.67,21.89,19.98,4.06,2.86,2.83,1.52,2.28,0.45
1034,6.3,5.32,30.23,59.67,2.65,2.31,0.81,5.94,0.18,0.11
1035,4.86,2.01,54.51,83.17,2.17,0.0,1.7,2.98,4.19,1.88
1036,7.53,3.03,46.94,88.19,6.27,2.47,1.03,2.5,0.12,0.17
1037,9.05,5.73,61.24,42.28,2.5,1.88,3.52,2.22,0.0,1.27
1038,4.46,4.14,68.52,51.5,3.94,1.69,0.72,0.52,2.11,0.0
1039,11.51,2.79,34.21,35.34,4.13,0.0,0.0,3.15,5.74,1.86
1040,0.65,4.94,38.15,39.25,2.24,1.4,0.51,3.74,0.0,0.42
1041,1.87,0.0,63.5,71.07,4.43,1.89,1.4,0.23,1.7,0.5
1042,3.62,0.17,64.49,73.44,3.09,5.04,1.23,0.0,1.36,1.88
1043,10.9,3.59,54.88,60.03,5.83,3.13,2.25,0.0,2.76,0.47
1044,4.29,4.27,25.31,65.96,0.95,2.35,0.0,1.03,2.31,1.08
1045,6.1,2.95,75.32,18.89,3.57,0.2,0.77,1.32,2.4,1.46
1046,9.34,2.05,43.84,27.32,3.3,2.71,0.46,3.15,2.22,0.64
1047,4.26,4.22,60.53,59.2,3.15,0.0,1.35,4.54,1.61,1.77
1048,2.28,5.42,82.05,56.8,6.14,2.51,1.08,1.11,0.0,0.31
1049,5.19,5.16,77.67,36.28,3.75,1.06,1.08,1.82,3.06,1.86
1050,9.84,1.48,38.34,85.64,5.28,2.5,1.52,0.93,3.43,1.84
1051,5.84,3.48,62.7,56.09,2.96,2.34,1.49,2.02,3.48,2.08
1052,2.64,4.82,57.96,59.6,4.18,5.19,3.81,1.92,2.0,0.96
1053,3.27,3.13,37.75,35.54,3.17,2.27,1.8,5.0,2.66,0.83
1054,5.85,0.98,40.91,51.57,3.75,1.9,0.97,0.86,0.0,1.5
1055,0.5,3.27,75.96,51.56,3.75,1.79,1.83,0.0,4.59,1.36
1056,4.13,7.36,73.36,29.32,4.76,1.23,2.5,2.25,2.33,0.0
1057,4.85,0.0,55.45,35.36,2.97,2.18,1.97,2.77,3.25,0.5
1058,6.5,8.1,25.67,55.77,1.73,0.47,1.57,1.83,1.57,0.0
1059,5.22,4.23,59.85,63.19,4.72,0.96,1.43,3.19,3.62,0.99
1060,7.85,0.67,47.42,62.87,6.49,0.0,2.62,0.0,5.13,1.33
1061,4.42,2.64,67.88,100.0,4.36,3.8,3.43,2.91,2.36,0.64
1062,9.35,0.0,47.24,85.41,3.49,5.38,2.54,0.57,0.52,0.88
1063,5.68,0.57,54.17,72.66,3.5,5.31,2.83,3.25,2.64,0.65
1064,1.12,1.71,25.57,52.61,3.74,2.59,1.17,1.27,3.44,0.08
1065,4.27,8.31,39.51,65.87,4.45,0.32,1.86,3.54,0.0,0.0
1066,7.38,3.45,53.16,39.36,4.47,3.07,2.97,0.26,2.85,2.26
1067,3.33,5.47,37.81,61.55,2.92,1.03,0.79,2.88,1.3,0.86
1068,1.85,3.6,66.64,94.56,3.94,1.66,0.77,1.4,2.12,0.46
1069,6.34,2.02,55.41,48.36,3.81,2.42,2.42,4.37,2.53,0.71
1070,1.88,5.59,76.81,78.37,4.49,0.0,3.71,3.94,4.14,1.26
1071,6.19,4.27,41.0,25.14,4.36,4.66,0.36,2.59,2.71,0.51
1072,10.91,3.34,35.21,58.49,4.77,2.23,3.04,1.91,4.54,1.14
1073,4.91,2.78,30.64,41.44,4.21,5.31,0.41,1.02,1.29,0.62
1074,7.33,4.52,32.85,45.72,2.66,2.06,0.41,1.85,1.71,0.01
1075,4.82,4.59,42.4,58.12,3.18,1.55,0.0,0.0,2.28,0.89
1076,8.84,0.0,75.41,40.15,4.32,2.43,2.44,0.0,1.26,0.78
1077,6.64,6.85,78.17,47.31,4.74,5.24,3.04,6.01,2.19,0.0
1078,4.44,8.14,16.17,35.71,3.49,3.51,0.49,5.56,3.5,1.96
1079,5.08,0.98,71.27,70.1,4.81,4.24,1.84,1.97,2.01,0.37
1080,7.32,6.48,23.86,56.14,3.54,4.67,1.52,3.34,3.27,1.98
1081,8.65,1.66,38.19,29.86,2.24,0.71,2.33,2.82,1.82,3.24
1082,6.85,3.48,19.47,47.66,2.92,0.32,1.47,0.0,0.56,1.24
1083,4.25,6.67,48.22,83.78,2.39,3.43,3.49,4.51,0.0,1.99
1084,7.28,4.75,62.91,41.2,4.14,1.77,1.8,4.02,0.0,1.86
1085,3.26,4.42,61.92,57.22,5.6,1.49,1.09,2.29,1.27,0.61
1086,10.52,6.51,65.06,46.88,4.34,4.48,0.64,4.85,4.29,0.0
1087,6.91,4.17,40.04,44.8,4.03,0.81,0.0,5.12,3.15,0.92
1088,6.62,4.03,22.97,72.7,1.48,0.0,1.11,5.29,4.01,1.18
1089,10.97,4.65,20.06,36.72,1.88,2.52,2.54,2.02,0.0,1.77
1090,5.05,8.64,53.04,45.47,3.72,0.0,1.11,2.02,0.73,0.5
1091,3.55,4.94,64.6,59.57,4.82,4.2,0.23,1.94,2.39,0.0
1092,8.4,3.34,45.32,45.95,2.94,2.93,0.92,3.31,0.24,0.41
1093,8.16,2.69,44.9,33.46,5.02,2.2,2.48,2.1,2.17,1.11
1094,7.39,4.74,49.21,67.88,5.08,2.9,1.8,0.54,1.17,0.0
1095,7.92,2.88,75.67,52.06,3.62,3.25,1.11,3.68,2.44,0.99
1096,4.6,4.77,56.02,63.25,5.54,2.1,2.39,3.69,0.79,0.18
1097,2.68,5.17,33.48,60.71,2.99,1.29,0.0,3.21,2.07,0.0
1098,6.91,6.32,21.61,49.33,2.58,1.78,1.1,3.57,0.35,1.91
1099,4.86,7.29,30.22,60.91,5.75,4.68,1.26,0.0,1.63,0.18
1100,6.84,7.18,51.93,59.96,3.14,0.04,2.56,0.96,2.67,1.43
1101,8.23,3.57,45.45,85.99,3.16,0.19,2.38,2.33,2.0,1.14
1102,7.6,4.31,43.29,53.49,4.85,2.37,1.83,2.61,0.0,0.87
1103,10.98,3.24,50.89,3.64,4.2,0.56,0.55,0.0,3.3,1.8
1104,5.9,6.14,41.11,45.4,3.77,3.23,1.84,2.24,2.99,0.0
1105,7.27,3.95,54.13,68.04,4.58,0.94,2.13,0.84,1.02,0.0
1106,6.92,2.54,49.83,59.07,3.66,2.4,1.75,4.04,1.06,0.23
1107,7.87,3.46,53.38,27.58,4.99,1.79,1.86,2.3,1.72,0.0
1108,7.88,5.64,26.14,46.57,5.55,0.44,1.39,2.86,1.71,0.98
1109,10.25,2.71,54.75,73.47,1.85,2.05,1.14,0.32,0.0,2.05
1110,8.73,4.4,49.61,100.0,3.78,2.96,1.55,5.19,1.43,1.54
1111,7.38,5.26,30.43,68.88,4.37,2.71,1.09,2.72,3.84,0.0
1112,6.1,4.19,34.05,78.5,2.61,3.07,1.3,5.26,0.0,0.08
1113,1.37,2.01,46.89,44.16,2.52,0.0,0.81,1.81,1.71,1.8
1114,8.0,1.76,62.53,41.49,6.53,2.56,0.0,2.73,0.77,0.3
1115,4.1,5.53,52.05,48.34,3.25,2.88,1.62,2.12,2.79,0.64
1116,11.02,4.2,41.25,22.28,2.78,2.29,1.08,1.03,3.1,1.4
1117,4.42,5.09,47.23,45.62,5.62,0.5,0.36,2.2,2.67,0.08
1118,7.77,6.3,34.5,72.67,5.4,3.71,1.53,2.25,0.38,0.0
1119,3.89,8.38,50.5,34.51,5.56,1.13,1.5,0.0,1.04,0.0
1120,4.19,5.13,44.0,56.12,4.08,2.34,2.54,2.48,2.2,3.59
1121,8.76,6.27,42.82,17.43,2.29,0.0,1.72,2.2,3.84,0.89
1122,4.24,4.29,42.11,65.22,1.72,3.17,0.74,1.3,1.35,1.58
1123,10.58,5.5,71.27,41.12,6.92,1.81,2.09,1.04,3.49,0.91
1124,5.39,5.49,56.86,74.22,4.9,2.41,1.66,2.71,2.28,0.15
1125,0.61,4.75,57.26,41.41,5.82,2.93,1.14,3.19,0.36,0.41
1126,8.96,3.35,44.11,26.47,3.62,3.27,1.76,1.08,2.54,1.72
1127,5.82,3.86,38.68,35.37,5.16,3.47,0.77,0.72,0.0,1.22
1128,1.94,1.7,49.19,53.34,4.79,4.88,2.92,1.43,3.89,0.9
1129,7.01,3.77,25.09,6.22,3.19,5.25,2.84,1.69,0.62,2.26
1130,7.9,4.3,52.42,48.48,7.4,2.15,4.38,2.62,2.78,0.68
1131,6.37,4.23,55.94,25.7,1.34,0.95,0.26,3.43,0.99,0.0
1132,4.57,9.53,44.24,100.0,2.47,1.6,0.0,4.4,0.0,1.42
1133,2.42,3.69,52.54,71.91,4.34,2.03,0.62,3.82,2.17,1.09
1134,5.59,6.04,72.89,72.82,4.46,3.16,2.68,0.0,1.26,0.38
1135,2.64,1.21,38.75,55.05,3.31,4.65,1.89,2.39,2.33,0.44
1136,8.25,1.4,73.8,61.14,3.97,3.18,3.33,0.12,0.0,0.56
1137,5.25,2.84,33.19,71.98,0.0,0.21,1.17,2.0,3.17,3.06
1138,1.11,1.54,43.77,60.22,3.3,4.95,1.04,1.05,4.05,0.59
1139,3.64,2.74,49.38,56.69,4.16,3.73,1.24,2.17,3.51,0.38
1140,4.12,6.31,58.84,43.45,0.0,1.09,0.0,2.43,0.0,0.0
1141,2.18,2.71,60.71,60.71,0.53,2.43,1.94,4.52,2.08,0.68
1142,4.31,3.97,68.18,71.14,2.5,3.52,2.93,2.1,0.14,0.19
1143,7.64,2.41,41.31,53.63,0.98,1.32,2.5,2.7,0.0,0.4
1144,7.29,2.62,58.47,63.96,3.81,2.81,1.73,2.98,3.43,0.49
1145,4.53,4.67,33.85,64.01,4.62,0.42,0.0,1.34,2.14,1.55
1146,8.67,3.63,29.42,54.09,7.15,3.55,2.22,2.64,3.66,0.69
1147,6.85,9.08,10.06,47.14,3.2,4.09,4.8,2.38,3.19,1.5
1148,3.94,5.55,23.82,43.86,2.89,3.84,2.03,2.62,2.89,1.84
1149,3.07,5.47,49.44,26.75,3.76,0.32,0.98,2.34,1.95,0.99
1150,0.5,2.43,63.52,57.63,4.16,4.09,1.15,2.79,1.56,0.0
1151,6.39,5.38,40.64,8.93,5.33,0.31,0.88,2.67,0.19,1.25
1152,5.18,4.72,71.39,35.71,0.86,0.93,1.35,2.49,2.45,1.28
1153,5.86,3.92,33.23,63.76,0.0,0.83,0.35,0.0,3.0,1.89
1154,6.86,3.3,58.91,84.45,3.59,0.44,1.25,0.0,2.14,1.39
1155,6.57,3.36,51.34,36.79,5.32,2.13,2.48,2.55,0.57,0.82
1156,6.56,1.64,42.78,65.05,4.11,3.51,2.2,0.0,2.62,0.46
1157,5.33,3.92,67.38,80.17,5.79,0.0,1.34,3.18,3.38,1.86
1158,10.41,4.05,51.51,73.95,4.42,0.48,0.45,3.79,0.0,2.77
1159,4.66,4.17,59.79,70.46,7.72,0.96,1.38,3.68,0.51,1.48
1160,1.81,1.49,59.69,44.44,4.52,0.31,2.17,0.0,0.0,0.0
1161,9.0,5.43,46.37,68.29,6.06,2.39,1.87,2.67,1.25,0.01
1162,8.23,4.01,58.23,57.2,3.84,3.49,1.22,1.09,0.71,0.51
1163,5.68,7.21,38.23,57.22,1.85,1.01,2.25,3.02,1.52,1.69
1164,6.16,6.49,44.34,37.55,2.72,0.0,0.61,3.08,1.15,1.47
1165,7.28,3.48,68.26,69.83,3.65,3.42,0.4,2.03,0.93,1.48
1166,6.07,5.48,65.56,31.33,4.28,1.86,0.0,3.27,2.65,0.16
1167,1.48,3.66,40.18,65.51,3.58,1.53,2.47,3.76,2.14,1.33
1168,9.13,5.59,47.43,23.12,3.28,0.0,0.0,2.08,4.27,2.48
1169,2.27,3.22,45.51,44.06,0.9,2.1,1.52,3.75,2.52,2.13
1170,13.35,6.36,52.8,67.43,0.53,0.0,2.9,1.4,1.28,0.0
1171,5.86,6.03,51.01,82.24,1.66,2.86,2.45,0.0,3.02,0.61
1172,6.43,5.63,49.18,12.61,3.97,3.05,3.0,3.02,1.41,0.09
1173,6.22,7.21,45.84,48.61,4.39,0.64,1.73,5.4,2.82,1.32
1174,4.86,5.96,37.52,91.88,1.49,4.28,3.33,2.16,2.78,0.0
1175,4.54,7.06,49.05,9.92,4.68,0.65,0.75,2.33,1.74,0.0
1176,5.08,8.51,45.83,77.41,2.98,4.57,2.6,2.8,1.25,0.0
1177,7.97,4.45,60.9,12.48,3.12,0.65,1.89,3.3,3.35,2.33
1178,4.69,3.72,56.08,37.24,5.88,1.01,0.34,1.89,0.62,0.56
1179,3.42,5.95,52.36,53.22,4.37,1.64,2.14,3.68,4.7,0.0
1180,4.03,1.22,44.02,9.43,3.21,0.97,2.58,0.41,3.45,0.48
1181,7.94,7.85,61.16,61.6,1.9,1.56,2.63,0.52,2.95,1.87
1182,6.59,2.68,37.06,42.44,3.75,2.78,0.0,2.33,1.33,1.14
1183,8.87,3.38,31.68,51.88,3.88,0.04,1.37,1.35,2.63,1.79
1184,2.4,4.78,27.55,37.92,3.51,1.88,2.76,3.23,0.68,0.09
1185,10.13,4.52,46.17,69.75,2.68,4.91,1.79,0.0,1.49,0.08
1186,4.78,2.99,43.94,77.49,3.68,1.34,1.62,2.39,3.48,1.38
1187,8.3,5.18,34.93,84.16,0.0,0.0,0.0,2.85,0.0,0.58
1188,6.18,4.18,25.5,46.65,6.31,0.0,1.45,0.91,1.32,0.69
1189,4.21,4.72,40.82,76.82,1.19,2.87,2.58,3.78,2.22,0.84
1190,12.49,4.49,26.8,64.51,3.76,5.19,1.36,2.35,0.89,0.65
1191,8.43,6.98,58.62,62.69,3.91,2.26,1.21,2.49,1.26,0.94
1192,3.69,4.77,48.21,59.39,2.94,2.37,1.58,3.72,0.83,1.21
1193,6.11,5.5,22.82,83.69,3.7,0.26,3.83,3.39,3.25,1.51
1194,4.57,0.91,29.87,66.86,2.89,2.32,0.0,0.0,3.22,1.16
1195,9.43,5.45,34.73,53.47,3.77,2.39,0.79,1.92,0.91,0.0
1196,12.79,5.92,28.8,31.36,3.39,2.21,2.1,0.75,2.44,0.0
1197,9.28,4.06,52.4,38.96,1.76,4.72,1.01,0.64,0.92,1.46
1198,2.65,6.6,44.21,61.79,3.93,3.85,2.42,0.92,0.0,0.0
1199,2.32,3.76,35.09,72.59,1.76,1.31,0.46,2.38,1.84,0.0
1200,0.85,3.38,39.64,34.65,2.72,3.82,0.0,2.67,2.36,0.0
1201,6.03,0.0,17.71,41.83,2.65,1.96,0.77,2.35,0.24,1.24
1202,5.29,4.79,41.31,24.23,6.74,4.87,2.39,2.92,3.2,0.3
1203,2.09,5.0,61.41,58.54,3.41,1.4,0.72,3.87,1.85,0.79
1204,4.85,7.9,48.83,66.87,2.67,0.93,1.28,2.15,0.0,0.03
1205,2.52,8.2,59.69,68.45,3.48,0.0,0.68,1.98,0.0,0.0
1206,5.53,3.59,47.14,64.66,3.16,0.0,2.31,0.28,2.53,1.66
1207,3.74,1.49,19.47,10.81,2.02,4.05,1.73,1.64,1.68,3.0
1208,1.87,7.89,23.54,44.68,3.78,1.41,1.53,0.17,2.28,0.0
1209,8.76,3.89,36.05,53.05,3.43,2.69,0.0,1.5,0.0,0.0
1210,9.16,3.97,46.32,47.11,4.36,3.34,2.65,2.04,2.3,0.52
1211,9.24,5.28,56.0,68.06,2.77,3.11,0.59,0.0,1.06,0.0
1212,10.17,3.92,32.98,82.94,4.19,1.58,0.99,1.87,3.36,0.71
1213,4.3,6.85,46.3,39.35,3.11,0.0,2.12,2.94,1.62,1.49
1214,4.94,4.36,56.13,55.6,1.04,1.92,2.08,3.33,2.83,1.93
1215,7.6,2.38,33.77,71.6,6.22,3.28,4.25,0.0,2.56,0.0
1216,2.6,7.91,62.33,77.2,4.84,2.24,2.52,0.71,1.59,0.97
1217,3.29,5.56,53.4,75.26,2.86,2.73,0.0,1.55,0.46,0.0
1218,10.97,3.74,25.3,53.79,5.61,0.1,0.66,1.32,3.16,0.69
1219,9.19,5.98,51.87,45.66,4.62,1.21,0.0,0.0,4.11,0.0
1220,8.38,3.56,41.33,40.6,5.92,2.86,2.37,2.88,2.29,0.64
1221,9.59,3.55,19.72,74.82,5.01,0.0,2.41,0.0,2.5,0.98
1222,3.49,2.31,67.18,31.79,3.51,4.14,0.99,0.52,0.0,0.76
1223,10.96,5.25,45.9,44.85,2.62,2.87,0.17,1.44,0.08,0.5
1224,6.13,2.25,3.29,50.12,2.0,4.88,1.34,5.12,0.74,1.43
1225,3.17,1.6,72.39,61.59,5.39,2.3,0.0,3.49,2.78,0.31
1226,3.65,3.86,5.2,48.31,5.12,2.49,0.67,1.44,4.48,1.22
1227,4.63,0.0,56.44,91.14,3.33,1.71,2.27,2.05,1.8,2.35
1228,6.81,2.84,39.58,93.13,2.96,0.35,2.52,1.72,4.44,0.21
1229,6.0,2.92,58.12,22.91,4.67,2.15,1.85,0.0,2.24,1.72
1230,6.62,9.61,54.38,55.88,1.93,0.0,1.58,4.5,0.0,0.32
1231,0.5,0.45,59.68,29.42,2.84,4.94,0.0,2.83,1.6,1.46
1232,7.54,2.09,41.79,53.78,5.61,2.2,2.27,0.96,0.21,1.24
1233,5.68,0.8,35.89,50.34,4.08,1.81,0.0,1.67,2.41,0.22
1234,1.0,4.21,36.7,52.62,4.8,2.2,2.82,2.46,3.34,0.06
1235,1.17,4.09,47.64,28.13,0.92,3.89,0.17,4.08,0.88,0.3
1236,5.25,3.74,48.72,71.73,3.66,1.35,2.15,2.74,3.67,0.07
1237,9.28,4.38,35.38,54.06,4.13,0.66,0.0,5.7,1.93,0.25
1238,4.11,5.53,25.75,56.04,3.63,1.16,2.23,3.52,0.65,1.54
1239,9.1,5.33,36.26,67.27,3.38,1.15,0.67,2.33,1.22,2.17
1240,7.97,4.19,26.2,18.59,2.85,0.17,2.47,0.14,0.45,0.58
1241,3.88,1.76,39.42,37.84,5.03,3.71,1.94,1.23,3.53,0.72
1242,8.16,1.92,43.11,58.38,1.86,2.84,1.08,0.25,0.73,2.08
1243,10.35,4.78,39.0,82.57,1.69,3.34,0.5,2.01,0.0,0.19
1244,5.61,5.24,45.2,30.77,3.74,2.67,2.35,0.93,3.14,0.63
1245,8.63,2.83,67.75,80.3,3.39,1.43,0.0,0.0,4.63,0.0
1246,3.12,0.41,55.41,51.15,3.01,5.14,0.0,3.81,0.23,0.0
1247,5.99,3.06,32.46,42.2,3.8,0.0,2.51,1.08,0.0,1.37
1248,5.97,5.86,12.04,48.59,2.76,1.32,1.1,0.75,2.6,0.02
1249,10.06,5.4,59.58,17.49,1.88,4.63,1.65,1.53,3.03,0.51
1250,3.41,4.71,42.99,31.06,3.38,1.39,0.73,3.74,3.84,0.11
1251,8.35,2.77,54.44,52.82,2.7,3.49,1.32,2.55,1.65,1.4
1252,5.01,4.62,49.63,80.91,5.56,2.25,2.48,1.27,2.49,0.0
1253,7.34,4.82,35.82,59.82,3.72,1.14,0.67,4.45,0.0,0.37
1254,6.13,4.37,48.25,55.38,0.72,1.55,0.51,0.0,1.88,0.07
1255,2.38,2.83,34.57,26.05,1.17,3.19,1.53,1.71,4.16,1.82
1256,8.98,4.99,44.46,26.35,4.52,4.1,1.31,1.86,2.72,0.52
1257,1.87,0.83,54.52,14.49,3.78,0.0,1.99,0.0,3.4,2.52
1258,3.52,7.37,33.82,36.92,4.49,1.71,2.82,1.21,3.61,0.0
1259,10.89,3.36,57.88,43.42,2.96,3.87,4.0,1.57,2.1,1.11
1260,7.66,3.53,47.89,63.53,2.9,1.89,0.53,0.86,1.72,0.75
1261,8.4,3.49,32.88,71.92,3.66,0.0,3.06,2.37,0.34,0.0
1262,8.44,3.41,40.8,62.69,5.35,0.96,1.55,4.6,4.58,1.4
1263,7.03,6.46,42.86,82.4,3.99,1.42,0.0,2.01,1.21,0.0
1264,5.6,2.27,18.87,62.68,5.16,2.28,1.7,3.22,0.95,0.0
1265,8.24,5.05,54.88,45.98,3.08,3.16,1.21,2.54,1.6,0.62
1266,4.63,5.11,32.31,32.39,3.03,0.63,2.4,1.74,0.51,2.43
1267,4.07,5.38,30.38,24.22,2.14,0.26,1.41,0.94,1.76,2.55
1268,5.81,2.81,69.32,61.19,1.91,0.92,3.44,1.89,2.41,0.41
1269,9.97,5.05,47.19,54.22,4.13,3.16,0.0,1.49,3.41,0.71
1270,2.19,3.86,37.5,41.09,3.49,2.09,2.32,4.18,1.91,0.73
1271,1.28,4.1,38.82,30.21,2.35,0.06,1.88,1.87,2.9,0.8
1272,3.9,1.44,11.72,54.34,4.65,3.69,0.0,0.62,0.0,0.0
1273,2.31,2.87,69.96,48.55,5.96,2.83,1.2,2.25,1.51,0.0
1274,6.76,2.74,65.69,93.28,2.34,2.45,0.0,0.0,1.08,0.0
1275,2.62,4.0,36.03,47.89,0.61,0.71,0.0,3.72,0.95,1.12
1276,0.5,2.98,39.87,41.98,3.86,4.26,2.23,1.38,0.0,1.67
1277,7.57,2.21,49.37,64.51,2.59,1.23,2.37,0.16,0.23,2.47
1278,0.5,0.99,30.94,83.64,5.56,2.69,1.31,3.39,3.88,0.0
1279,3.64,3.49,57.39,0.0,3.36,0.16,1.54,3.09,3.06,0.0
1280,2.85,10.61,34.05,29.79,3.66,0.92,3.05,5.94,0.85,1.11
1281,4.1,8.31,62.97,69.22,7.69,1.38,3.08,2.94,1.61,0.0
1282,8.93,5.47,41.9,63.78,4.09,0.0,3.26,3.88,1.79,0.0
1283,2.26,3.99,42.1,59.86,2.07,0.9,0.19,0.0,1.77,2.14
1284,8.73,1.72,41.09,50.94,2.02,0.0,1.61,1.97,3.57,1.75
1285,3.12,1.68,71.14,29.35,5.3,5.02,2.84,0.89,0.4,0.24
1286,6.23,0.66,47.36,77.53,2.6,3.45,0.75,0.39,3.42,0.87
1287,4.0,1.1,34.78,57.09,5.2,1.39,4.05,1.1,2.85,0.0
1288,1.0,0.0,29.43,66.53,0.22,4.16,0.78,0.58,2.05,0.39
1289,7.17,5.89,18.33,40.36,4.66,5.29,3.47,1.19,1.51,2.28
1290,5.18,3.68,60.25,40.17,2.82,3.42,0.96,2.83,0.0,0.43
1291,4.62,2.78,47.26,64.08,4.36,0.0,3.13,2.19,2.62,1.31
1292,8.67,3.15,63.12,16.37,3.64,5.75,2.07,1.31,1.09,1.93
1293,3.19,5.71,33.59,32.76,1.56,0.0,0.94,1.51,3.06,1.48
1294,6.62,4.41,25.58,15.93,3.9,1.4,2.55,2.55,1.15,1.38
1295,4.67,4.74,20.12,32.46,3.31,2.14,3.37,3.06,1.54,2.83
1296,6.08,2.29,20.06,95.11,2.75,3.17,0.51,1.0,1.81,0.85
1297,6.37,7.63,64.55,32.78,3.64,3.12,0.59,3.67,1.27,0.87
1298,6.53,1.62,55.84,63.93,5.53,3.24,1.76,1.23,3.34,0.66
1299,9.55,0.19,30.01,46.27,2.4,2.23,1.26,2.36,1.16,1.87
1300,0.5,2.58,58.55,48.98,6.14,5.83,2.16,2.66,2.4,0.71
1301,8.39,1.59,51.87,60.2,4.79,5.04,3.03,4.25,0.0,0.76
1302,9.15,3.63,50.28,94.23,3.09,0.0,0.4,1.92,2.4,0.0
1303,7.46,2.73,64.26,64.36,4.26,1.85,0.82,0.45,1.37,1.63
1304,3.44,4.71,58.43,74.0,4.4,4.34,2.82,3.85,3.52,1.98
1305,9.39,2.31,44.41,24.28,3.97,1.77,1.52,0.28,1.21,0.21
1306,5.65,8.05,60.81,69.72,2.14,0.39,1.44,2.61,2.87,0.27
1307,7.66,4.12,48.59,22.04,3.13,4.69,2.37,1.12,3.22,1.03
1308,10.0,1.55,59.87,58.09,5.1,2.2,1.9,2.61,0.62,0.0
1309,4.53,3.21,26.46,43.58,4.41,0.4,2.96,0.59,2.71,0.77
1310,4.36,4.35,43.26,43.92,6.24,2.38,1.91,4.66,0.0,2.14
1311,6.03,3.49,51.88,46.13,2.24,3.52,2.19,1.21,4.17,2.48
1312,1.96,6.23,38.53,50.95,1.8,0.0,0.0,0.83,0.92,0.26
1313,9.26,5.51,61.4,71.83,3.98,1.61,2.35,0.19,0.46,1.36
1314,8.82,5.13,45.94,57.45,3.02,2.3,0.0,4.19,2.44,1.6
1315,5.47,7.18,55.84,40.49,3.73,2.4,0.0,1.27,3.78,0.3
1316,4.77,1.87,63.06,60.78,6.77,2.66,3.07,4.83,5.04,0.58
1317,4.26,1.8,39.1,56.2,2.51,1.09,0.99,1.9,4.51,1.01
1318,5.8,4.02,66.61,71.22,4.11,2.53,2.04,1.35,2.73,0.0
1319,4.19,2.66,16.33,51.25,1.91,0.0,0.0,0.0,1.92,1.8
1320,10.17,4.45,52.92,0.0,4.33,2.34,2.45,1.3,1.17,1.13
1321,6.2,4.68,30.44,51.45,0.0,2.06,1.0,1.35,1.35,2.38
1322,4.46,2.72,39.7,67.3,3.63,3.11,2.71,0.6,2.33,1.95
1323,2.09,7.71,42.27,71.98,5.26,3.94,2.63,0.0,0.1,0.24
1324,4.78,1.82,56.93,51.47,3.66,0.85,1.22,4.99,1.75,0.74
1325,4.19,5.31,42.2,74.53,5.85,1.99,3.12,1.48,3.71,0.11
1326,0.75,5.91,48.34,70.45,4.01,3.44,3.91,4.27,3.8,0.2
1327,1.58,3.74,60.92,74.49,2.42,0.3,4.41,1.61,2.61,0.7
1328,4.54,0.66,28.23,59.56,1.25,1.0,2.42,1.84,1.87,1.47
1329,10.53,4.69,28.29,63.0,1.42,3.14,1.23,3.59,1.77,2.7
1330,12.79,5.13,85.22,44.42,5.31,2.28,2.97,0.23,2.17,0.0
1331,2.02,6.12,43.26,53.37,5.18,3.01,0.0,3.4,3.08,0.0
1332,5.34,4.95,57.66,63.87,3.93,0.56,3.94,1.14,1.8,0.79
1333,0.5,2.0,51.27,47.41,2.25,1.51,3.23,2.47,2.34,0.64
1334,7.89,2.95,58.65,78.38,1.96,3.77,1.27,1.7,4.51,1.09
1335,9.84,2.45,25.71,70.21,2.16,2.14,2.75,2.55,4.41,0.19
1336,9.06,1.38,33.25,71.94,1.76,1.11,2.27,1.38,0.8,0.93
1337,4.47,3.3,46.68,31.67,6.17,1.53,2.22,0.53,0.0,0.0
1338,4.25,2.64,31.64,43.32,5.04,2.72,2.77,0.69,3.06,0.57
1339,7.95,6.77,12.53,61.73,3.21,1.52,1.65,2.82,0.57,2.49
1340,0.77,6.38,46.02,75.29,4.11,1.16,1.59,2.33,2.59,0.16
1341,10.04,7.56,62.68,46.25,3.47,0.0,0.92,0.47,0.79,0.0
1342,4.75,2.56,43.47,100.0,3.41,1.05,0.8,1.64,2.83,1.71
1343,8.86,5.66,39.46,71.31,3.08,4.56,0.6,1.94,1.33,0.0
1344,6.15,4.76,39.13,82.53,3.12,2.68,1.3,4.33,0.98,0.0
1345,11.98,2.23,37.52,72.72,1.73,7.23,1.65,0.57,4.71,1.03
1346,11.09,2.19,52.3,18.28,7.64,3.23,2.33,0.53,3.09,1.82
1347,0.5,0.63,39.3,67.25,3.26,1.91,0.85,1.74,4.59,0.0
1348,5.15,6.85,39.43,85.53,3.31,4.06,2.67,2.83,1.47,0.14
1349,7.36,4.56,44.52,95.66,2.12,0.0,1.99,0.4,1.84,1.84
1350,11.04,2.93,52.26,41.04,2.61,3.6,0.16,0.91,0.0,0.06
1351,5.07,7.46,38.68,59.91,3.85,1.77,1.38,1.38,0.0,1.63
1352,6.27,1.81,68.88,61.12,3.34,2.03,0.9,3.09,1.38,2.47
1353,3.91,3.75,64.2,51.59,2.49,0.0,0.72,3.82,0.54,0.74
1354,5.68,0.55,33.15,52.34,5.13,3.09,1.88,3.61,1.78,0.44
1355,7.31,4.52,52.81,36.6,3.47,1.32,2.66,1.11,0.25,1.98
1356,6.89,3.46,48.99,40.73,5.47,0.0,2.39,3.5,2.74,1.47
1357,5.43,5.42,37.67,50.21,3.0,0.0,3.95,2.49,2.17,2.18
1358,7.94,7.36,53.82,57.38,4.16,1.55,1.75,4.52,3.3,1.59
1359,8.76,1.66,57.34,57.37,4.83,2.99,1.37,0.81,1.09,0.0
1360,7.28,5.81,40.24,89.89,3.0,1.33,0.0,0.24,2.36,0.0
1361,9.01,4.83,39.15,86.9,2.64,0.0,3.01,3.31,3.88,1.74
1362,4.86,3.48,41.78,100.0,3.95,2.81,2.6,1.04,3.47,2.18
1363,0.5,3.44,71.59,43.14,3.46,0.22,1.02,3.0,0.92,0.32
1364,4.79,7.34,4.08,76.29,1.76,1.01,3.69,1.81,3.71,0.72
1365,3.26,4.24,58.22,56.11,6.44,3.36,3.57,3.46,2.95,0.31
1366,2.94,4.73,20.09,23.07,5.04,1.22,2.03,4.07,1.16,1.91
1367,3.64,3.02,17.49,100.0,6.25,0.62,2.63,3.16,0.4,2.14
1368,5.34,7.09,35.9,85.23,2.81,0.0,0.63,2.91,0.55,0.96
1369,1.88,3.42,57.53,100.0,3.69,3.82,0.93,4.65,2.64,0.41
1370,4.6,3.76,51.75,71.39,4.81,3.46,2.4,3.65,1.43,1.32
1371,0.5,1.48,40.61,49.42,7.13,3.0,2.08,4.36,2.48,0.59
1372,6.34,5.65,55.13,97.67,1.24,2.39,2.77,3.33,3.37,0.0
1373,3.51,2.3,71.45,100.0,2.55,0.67,0.92,2.01,1.49,1.33
1374,1.0,2.79,49.56,67.96,3.62,1.79,2.56,3.13,0.21,0.75
1375,6.41,2.72,70.33,34.08,4.82,1.39,0.25,1.31,1.14,0.0
1376,9.17,1.46,36.18,56.17,2.74,2.36,1.21,0.0,0.47,0.03
1377,6.62,5.74,29.34,15.38,4.43,1.35,0.77,0.27,0.0,0.28
1378,5.42,2.72,52.51,54.13,3.9,3.83,1.88,1.63,0.17,0.0
1379,7.68,7.31,36.38,71.66,3.7,3.28,2.18,4.49,1.82,0.9
1380,9.29,2.69,24.61,75.66,2.94,1.1,1.08,2.02,0.61,0.28
1381,6.3,6.13,46.93,65.68,3.53,0.0,2.02,1.97,1.95,0.86
1382,4.28,0.05,56.3,70.58,0.73,3.17,1.11,0.93,4.82,0.96
1383,8.06,2.83,39.59,59.37,2.0,3.59,1.14,1.57,1.78,0.0
1384,3.49,0.0,27.63,53.91,0.56,0.29,1.5,1.81,2.51,2.14
1385,7.68,6.31,62.04,100.0,5.22,0.0,1.0,2.86,2.49,0.47
1386,2.94,5.06,39.54,41.25,5.09,0.71,0.9,3.74,2.04,0.0
1387,4.4,2.77,47.44,53.33,4.28,1.03,3.19,2.52,1.86,0.55
1388,4.4,3.62,53.98,49.17,4.16,0.79,1.75,1.84,1.53,1.19
1389,6.19,3.32,25.03,41.46,3.78,1.63,1.72,2.85,0.44,0.45
1390,0.91,4.04,17.32,39.4,2.63,2.96,1.7,3.87,0.11,0.94
1391,7.6,4.19,46.8,69.52,1.72,0.94,1.83,1.41,0.65,0.99
1392,11.78,2.49,52.46,61.64,0.55,1.84,1.55,3.34,1.59,1.14
1393,8.19,6.28,34.07,27.44,3.91,0.0,3.83,3.42,0.0,1.06
1394,5.34,3.37,26.96,54.78,2.32,1.31,2.63,5.03,0.62,1.2
1395,3.37,1.96,54.18,86.68,5.44,2.0,4.24,1.01,0.07,0.76
1396,5.92,2.92,35.33,60.08,7.38,2.48,2.32,3.23,1.06,0.08
1397,6.37,3.81,54.97,60.63,4.21,1.34,1.83,2.73,4.75,0.29
1398,7.25,3.59,48.68,65.44,4.1,1.16,1.94,0.27,2.92,0.02
1399,12.94,5.66,24.2,37.35,2.42,2.31,0.0,0.23,3.28,0.98
1400,7.74,4.38,49.93,63.37,6.33,1.89,0.85,0.66,3.74,0.0
1401,4.22,2.59,43.7,60.56,4.08,2.55,3.99,1.01,0.0,1.62
1402,10.97,5.57,33.26,20.66,5.1,3.65,2.02,1.07,1.87,1.26
1403,0.95,6.92,52.78,87.32,2.39,3.57,1.51,2.52,4.38,1.0
1404,8.48,4.47,43.12,67.3,2.71,2.17,2.11,1.57,0.22,0.0
1405,5.65,3.93,20.87,53.78,4.4,2.26,0.97,2.47,1.58,1.8
1406,7.74,3.75,50.61,58.66,3.15,1.3,2.18,0.0,5.06,1.24
1407,6.27,7.22,45.8,69.94,1.65,1.13,1.65,3.41,0.0,0.0
1408,3.13,3.02,20.18,73.58,2.49,1.41,1.82,3.94,0.65,0.07
1409,8.92,2.84,35.88,48.2,2.75,1.01,0.0,2.14,0.0,0.0
1410,4.87,5.24,26.91,56.69,4.62,1.17,2.61,2.36,0.84,0.17
1411,3.31,4.02,60.43,37.55,2.31,2.68,0.13,2.39,3.04,0.31
1412,10.67,4.93,46.15,55.86,3.14,1.74,0.68,1.39,2.28,1.99
1413,4.53,0.0,35.1,48.27,3.62,2.37,2.14,2.31,2.71,2.32
1414,6.25,2.45,45.06,41.31,4.98,1.54,4.35,5.06,1.97,0.97
1415,2.8,2.42,65.45,67.81,3.65,0.0,1.84,1.98,0.0,1.05
1416,3.87,2.27,9.43,49.71,2.93,2.63,0.0,3.17,0.0,1.51
1417,4.21,4.77,22.48,99.44,4.89,1.4,2.16,3.73,3.21,0.0
1418,3.8,3.01,42.22,67.11,4.92,0.11,2.52,0.81,4.01,0.9
1419,9.02,6.28,48.68,82.37,2.73,2.89,2.56,0.39,2.56,0.79
1420,1.91,8.27,67.22,42.7,3.23,0.39,1.32,1.64,2.83,1.34
1421,8.12,7.17,26.68,69.8,5.23,3.8,1.04,1.62,2.41,0.0
1422,12.08,6.13,33.85,34.27,7.42,2.22,2.56,0.63,2.44,1.8
1423,7.23,3.39,41.73,44.07,1.64,0.82,2.17,3.54,0.9,1.51
1424,0.91,5.32,56.35,6.65,2.99,0.93,1.65,3.57,1.08,0.64
1425,3.47,0.68,39.91,61.58,3.68,5.35,0.0,0.0,0.0,0.0
1426,9.84,2.75,25.15,38.54,1.14,2.48,0.96,3.05,1.16,0.0
1427,8.55,8.14,38.98,38.35,3.2,0.52,1.75,2.01,4.42,0.47
1428,7.97,3.81,43.25,74.65,5.65,4.33,4.97,3.13,2.39,0.0
1429,4.49,7.64,49.39,44.74,4.14,2.16,1.58,4.31,2.12,1.05
1430,3.15,2.12,49.41,38.65,3.01,2.43,2.59,1.37,0.53,0.54
1431,4.15,4.5,41.38,65.0,2.47,2.68,0.57,0.0,0.0,1.2
1432,9.01,5.45,28.73,22.54,5.02,1.23,3.4,2.7,0.69,1.23
1433,5.69,5.22,50.11,63.92,3.83,2.43,1.46,0.08,0.9,1.43
1434,7.38,4.39,56.16,48.64,1.49,1.92,0.0,3.46,2.35,1.36
1435,3.81,3.72,47.51,52.42,2.56,0.68,2.95,3.67,1.01,0.66
1436,3.92,3.35,55.86,45.48,3.18,1.72,0.3,0.48,2.64,0.94
1437,2.16,6.97,38.77,33.42,4.4,2.53,3.04,1.47,0.0,1.17
1438,4.79,0.36,26.35,48.24,2.93,0.0,0.0,2.29,1.32,0.52
1439,8.45,4.16,21.26,28.68,2.64,1.54,1.76,3.04,0.52,1.63
1440,6.49,6.26,56.23,47.83,5.77,0.52,2.75,2.31,0.0,0.26
1441,3.9,1.3,46.23,26.63,4.39,1.67,0.29,2.21,0.0,1.85
1442,0.5,0.85,39.74,82.62,3.88,1.25,0.89,2.58,2.59,0.54
1443,5.37,4.23,28.47,18.12,3.39,2.1,3.43,1.25,4.22,0.8
1444,10.71,5.75,55.1,78.14,3.87,1.83,2.59,3.22,2.13,1.48
1445,15.98,3.69,16.43,55.27,3.8,1.91,3.79,2.85,0.29,1.42
1446,4.63,3.31,77.42,35.95,3.42,0.58,1.51,1.05,2.74,0.62
1447,3.41,4.88,49.97,77.85,3.89,2.93,2.12,2.41,0.9,1.19
1448,10.96,0.0,52.96,86.34,4.12,3.14,3.1,0.02,1.67,2.57
1449,4.16,2.27,40.07,76.4,4.54,0.0,3.49,2.24,0.68,1.08
1450,7.43,5.82,24.67,15.23,1.49,2.3,1.19,1.46,1.36,1.44
1451,7.52,5.13,56.49,77.11,5.53,1.87,3.64,0.8,3.09,0.31
1452,5.61,5.27,35.86,39.19,1.87,1.51,1.13,0.01,2.91,1.72
1453,4.64,0.0,55.61,48.66,4.49,1.9,0.0,0.0,1.99,2.32
1454,10.48,6.35,58.46,85.2,3.73,0.0,2.18,3.37,1.31,1.02
1455,8.56,4.82,50.99,37.19,2.18,2.2,3.11,2.47,1.57,1.23
1456,5.93,1.72,47.99,66.05,4.02,2.94,2.12,1.28,0.0,0.58
1457,4.56,2.75,24.35,33.06,3.71,0.93,2.62,2.21,2.91,2.89
1458,3.44,1.27,42.61,79.36,5.21,2.11,1.38,0.76,3.97,0.34
1459,5.69,1.83,77.3,43.24,2.99,3.08,0.0,1.85,2.65,0.0
1460,5.65,4.35,35.69,72.15,4.05,2.97,2.49,2.56,1.53,0.87
1461,5.23,3.36,50.06,45.83,2.18,0.0,1.0,1.52,1.49,1.05
1462,7.76,5.0,68.01,73.29,1.48,2.18,2.93,3.11,1.01,0.58
1463,9.07,3.51,66.73,72.96,4.64,2.43,2.35,2.67,3.13,0.38
1464,10.96,5.88,47.24,59.15,2.89,1.03,2.19,1.27,0.03,1.18
1465,1.6,0.35,90.23,47.6,5.52,0.61,1.61,5.89,0.0,0.0
1466,1.3,6.09,55.82,70.52,1.82,1.95,0.0,3.31,1.46,0.16
1467,5.5,2.25,70.93,67.29,2.48,1.79,1.62,1.61,0.41,0.0
1468,4.82,5.44,53.67,84.81,3.2,3.37,1.54,2.87,0.0,2.07
1469,5.77,2.99,79.0,65.84,1.63,0.47,1.09,3.36,2.02,1.06
1470,9.96,5.34,49.7,13.07,4.0,2.36,2.92,0.32,2.43,0.0
1471,4.05,5.99,45.73,91.99,4.09,0.0,2.48,4.33,1.54,2.06
1472,6.85,1.86,42.2,64.47,4.8,3.43,2.24,1.7,4.79,0.74
1473,0.71,4.21,65.39,30.72,2.14,2.15,2.86,1.79,2.05,1.99
1474,2.54,5.72,55.28,63.11,4.06,1.43,0.44,0.92,3.23,0.64
1475,4.57,3.79,43.43,68.5,4.34,2.2,3.03,1.81,3.77,0.13
1476,2.71,1.35,46.49,29.26,2.07,1.85,0.0,0.87,3.09,1.48
1477,2.96,5.89,69.8,64.45,3.83,1.79,4.18,3.56,3.17,1.68
1478,4.91,0.56,53.06,40.31,3.69,3.62,2.35,0.03,0.0,1.24
1479,2.7,0.87,47.03,67.22,3.25,0.1,0.11,4.27,1.77,0.97
1480,6.96,4.27,59.75,50.15,4.77,1.56,0.91,2.74,0.53,0.0
1481,7.63,6.34,52.94,53.39,2.32,2.31,0.05,4.54,1.73,0.4
1482,3.26,5.52,45.52,66.07,2.3,0.0,0.7,0.0,2.04,0.0
1483,2.97,4.43,36.19,74.62,2.84,0.0,0.37,4.01,0.58,0.34
1484,7.98,5.45,56.51,41.27,2.03,0.92,0.69,3.18,0.14,0.07
1485,5.1,5.01,39.01,71.99,2.24,2.8,0.94,4.16,0.67,1.16
1486,11.36,0.0,39.5,65.58,3.58,1.8,0.96,3.69,1.33,2.41
1487,4.26,3.42,56.9,73.14,2.99,0.78,1.48,3.6,1.3,1.83
1488,1.26,3.34,85.66,82.86,2.43,1.64,2.17,2.4,2.42,0.33
1489,4.18,4.01,41.58,53.7,4.69,1.36,2.12,2.4,1.89,0.14
1490,3.16,5.03,34.83,45.96,2.51,0.32,2.5,1.29,0.91,0.0
1491,3.32,6.21,37.22,53.32,6.24,2.11,0.58,0.43,1.95,0.0
1492,0.5,2.32,57.89,65.98,4.21,2.55,2.09,0.78,3.31,0.0
1493,7.17,5.87,37.49,55.52,3.09,5.88,0.63,1.56,2.33,1.37
1494,0.52,1.57,52.54,40.71,2.9,1.74,2.75,4.02,1.64,1.18
1495,5.35,0.79,27.01,73.91,3.74,3.85,1.68,0.06,2.43,0.0
1496,5.73,4.16,42.89,71.65,1.56,0.95,1.21,0.0,3.33,1.52
1497,5.93,2.63,46.69,67.18,1.36,4.42,2.77,0.6,1.2,0.33
1498,5.63,2.94,37.04,63.32,3.72,4.77,0.61,0.0,3.21,1.79
1499,2.46,0.81,68.65,54.43,5.12,4.31,1.51,1.75,3.45,0.72
1500,7.7,4.67,37.68,52.38,2.96,3.33,0.55,3.05,1.25,0.24
1501,4.79,4.45,32.09,45.22,2.39,2.42,3.19,2.54,0.65,1.34
1502,8.76,0.0,35.9,40.13,4.36,4.91,1.96,1.34,2.43,0.03
1503,3.89,2.51,55.17,51.57,3.85,1.76,0.0,0.0,3.38,1.08
1504,8.19,3.18,40.75,76.1,4.65,3.32,2.67,2.24,1.23,0.0
1505,6.01,4.99,30.34,39.83,4.29,2.25,1.75,3.62,1.93,0.0
1506,8.07,1.55,78.19,73.75,4.85,0.0,2.21,0.58,1.33,0.94
1507,8.24,4.0,50.14,44.11,3.85,1.32,0.83,2.27,1.05,0.0
1508,9.75,5.82,55.93,43.89,1.33,0.0,1.14,0.8,0.16,1.68
1509,10.16,5.34,42.79,43.03,3.08,1.24,0.09,0.0,0.36,2.36
1510,3.3,2.96,37.05,61.16,3.23,1.83,1.16,1.11,0.19,0.15
1511,15.67,4.11,64.46,8.23,2.64,1.03,0.9,1.31,0.53,0.36
1512,2.86,0.02,44.49,25.45,3.92,2.72,1.17,0.0,0.07,1.65
1513,6.52,2.67,62.05,99.31,4.83,1.57,2.46,2.8,2.33,1.0
1514,6.52,6.33,26.2,96.84,4.58,0.0,0.0,3.59,0.77,0.99
1515,8.16,4.84,33.92,40.41,4.23,3.73,1.89,0.68,3.09,1.95
1516,2.44,2.57,40.59,85.43,5.35,1.28,3.28,1.01,0.89,1.14
1517,6.06,1.72,36.61,96.73,5.75,3.5,1.5,0.0,0.81,0.0
1518,4.63,5.62,49.95,39.52,2.14,0.38,1.03,0.0,2.02,0.0
1519,5.21,7.25,32.32,59.37,3.92,0.0,1.98,3.2,1.46,0.38
1520,4.57,5.36,55.58,100.0,3.36,2.92,2.51,0.0,0.0,0.0
1521,7.27,5.84,51.8,58.64,1.02,0.98,0.0,0.0,2.96,0.1
1522,10.59,5.51,47.52,47.92,2.94,1.79,0.34,0.0,1.15,0.86
1523,8.3,1.44,12.69,58.85,0.09,2.99,1.29,2.77,0.32,1.29
1524,9.84,6.3,24.82,68.93,4.27,1.64,1.81,3.99,0.95,0.0
1525,0.5,3.91,43.0,54.7,5.26,1.81,0.0,2.48,1.76,1.45
1526,0.79,2.76,26.19,27.03,5.83,1.0,1.67,0.02,2.15,3.33
1527,3.59,1.39,35.28,55.25,3.87,3.69,1.62,1.38,2.67,1.65
1528,6.03,3.28,53.43,83.22,1.17,0.0,2.75,2.29,1.17,0.0
1529,5.01,7.09,40.55,75.22,6.46,1.7,0.73,0.67,0.19,1.56
1530,3.31,2.3,53.15,86.02,5.47,3.87,1.12,2.69,1.78,0.8
1531,7.35,6.56,23.82,52.29,3.51,1.3,0.27,4.0,2.54,0.94
1532,4.07,0.0,43.74,76.77,3.31,2.85,3.54,0.92,2.2,0.0
1533,4.97,3.14,51.36,70.65,4.32,3.37,0.0,0.0,0.0,0.0
1534,0.5,3.63,47.04,57.45,3.35,2.81,1.1,3.92,0.98,0.0
1535,4.04,4.36,71.2,69.79,7.25,0.95,3.01,4.74,1.9,0.0
1536,7.41,2.04,31.43,54.08,2.53,0.23,1.74,4.88,3.38,2.32
1537,5.31,4.83,31.44,45.81,0.33,3.38,1.54,4.78,2.23,2.03
1538,3.53,3.85,65.25,54.49,4.96,1.28,0.91,3.75,1.17,0.29
1539,1.96,3.05,82.06,6.58,3.19,1.57,0.0,1.53,0.8,0.43
1540,1.99,2.75,47.78,44.73,5.14,2.71,1.95,2.75,0.31,0.35
1541,0.9,3.57,42.21,48.99,1.74,1.03,0.0,0.0,3.55,0.48
1542,3.51,4.88,41.37,32.54,3.71,1.77,2.75,5.31,1.79,0.62
1543,3.16,6.15,60.68,72.62,5.12,1.47,1.47,4.92,1.75,0.0
1544,4.94,2.8,25.58,57.08,3.46,1.83,0.03,0.36,3.35,1.31
1545,6.16,2.56,36.07,43.11,1.49,3.71,1.01,1.13,0.0,1.67
1546,6.51,4.56,33.68,60.95,4.3,0.09,2.01,1.7,2.97,2.69
1547,12.36,3.59,56.36,30.13,3.66,1.68,2.08,4.07,3.18,0.25
1548,11.05,2.6,47.55,49.3,3.4,4.97,0.18,3.8,1.04,0.48
1549,9.19,3.07,38.42,53.11,4.78,1.2,0.08,0.0,0.08,0.22
1550,6.02,6.42,33.54,40.13,1.76,2.33,0.46,3.66,0.61,0.17
1551,7.58,4.14,38.78,57.13,6.2,3.87,2.8,3.34,0.0,1.88
1552,7.92,2.38,29.88,32.55,4.56,2.12,1.85,3.04,0.25,1.73
1553,4.97,3.44,65.16,30.01,4.21,1.62,1.45,0.0,1.78,1.43
1554,5.83,5.67,60.57,33.2,0.92,1.51,3.06,2.81,1.4,1.45
1555,4.71,0.76,49.52,72.78,2.92,1.61,0.11,2.61,2.66,0.0
1556,2.66,5.96,41.76,26.82,2.66,3.85,1.71,1.14,2.93,1.33
1557,5.49,5.38,25.41,69.48,4.41,1.32,2.27,3.74,0.73,0.01
1558,9.1,4.01,22.76,50.94,1.44,2.48,1.65,0.0,1.07,1.89
1559,4.89,1.62,34.3,40.02,1.55,0.0,0.65,1.94,4.74,1.02
1560,5.56,6.11,33.44,69.91,3.46,2.89,1.73,2.9,2.12,0.0
1561,5.42,7.56,56.16,41.81,0.0,1.99,4.1,3.11,1.27,0.38
1562,7.08,6.54,70.56,80.61,3.72,2.04,0.64,1.93,2.84,0.0
1563,8.56,7.56,55.12,91.67,1.83,0.68,1.33,2.75,2.14,1.46
1564,9.07,4.16,39.62,60.0,3.19,4.04,0.0,2.84,0.0,0.69
1565,4.47,9.37,27.49,35.53,2.69,0.0,1.09,2.15,2.18,0.18
1566,2.72,1.92,57.83,66.21,1.72,0.37,0.77,2.02,0.7,0.0
1567,1.37,5.71,63.19,62.37,5.46,3.42,1.85,3.24,1.1,0.0
1568,0.5,3.53,27.92,20.07,4.0,4.05,4.98,3.22,1.5,1.26
1569,4.53,1.89,46.84,60.33,5.34,2.22,0.0,2.65,1.81,2.23
1570,4.99,2.68,65.63,54.84,5.85,1.34,0.43,0.0,1.08,1.49
1571,9.24,3.99,63.53,53.26,1.0,0.38,1.74,1.95,2.27,1.26
1572,8.76,3.62,71.38,59.17,3.46,3.01,2.37,0.16,1.04,0.0
1573,11.51,4.42,36.91,31.84,5.04,2.86,3.63,0.59,0.0,1.06
1574,8.19,3.96,25.25,64.36,3.44,4.34,1.62,1.33,1.29,0.41
1575,2.33,1.68,33.71,46.62,3.48,3.22,0.89,4.68,2.77,0.33
1576,7.01,3.72,70.64,47.2,5.13,2.27,1.27,2.55,2.49,1.76
1577,4.65,8.01,37.28,62.88,5.86,1.47,2.35,1.85,2.04,1.65
1578,2.14,2.52,53.0,77.42,3.41,2.28,0.67,3.36,1.72,2.63
1579,0.5,7.13,6.52,67.31,5.2,0.0,2.97,5.42,0.95,0.0
1580,3.85,5.83,30.19,84.54,4.47,3.57,2.55,1.84,1.19,0.38
1581,6.36,0.33,54.76,10.96,1.49,3.84,1.58,0.0,2.38,1.85
1582,6.58,4.58,72.42,39.75,3.39,0.87,1.26,0.83,3.6,0.81
1583,0.98,4.63,34.63,43.85,4.91,0.0,0.08,1.99,2.42,0.55
1584,8.79,2.26,14.88,38.23,3.83,1.93,1.5,3.89,1.73,2.4
1585,5.23,5.59,53.01,56.65,4.9,3.87,1.7,5.08,0.79,0.24
1586,12.69,5.38,61.4,64.24,3.95,2.34,0.0,1.03,0.0,0.5
1587,2.46,0.94,40.57,71.8,3.52,0.94,0.0,0.96,1.67,0.0
1588,6.8,2.59,52.46,16.6,2.5,2.91,0.0,3.72,0.82,0.81
1589,3.72,3.42,44.25,62.32,2.84,2.7,1.46,0.66,0.24,1.24
1590,11.5,3.38,58.24,31.32,5.47,1.38,1.98,0.12,0.75,0.76
1591,2.87,4.13,41.29,15.73,6.61,0.0,0.0,2.01,0.8,1.6
1592,4.76,3.65,54.47,59.96,2.68,2.18,2.39,0.0,3.01,0.0
1593,3.22,3.98,49.46,43.91,5.98,1.57,0.11,2.14,0.0,0.0
1594,2.6,2.02,44.92,48.79,2.02,3.57,1.58,0.0,2.91,0.48
1595,8.12,4.51,70.55,91.17,2.8,0.95,1.56,3.04,0.67,1.36
1596,6.15,3.26,47.71,29.68,2.28,1.61,0.0,2.3,0.0,0.0
1597,9.28,7.42,47.77,58.15,3.3,0.53,0.94,0.96,2.41,0.4
1598,2.92,3.39,44.87,53.46,2.41,3.07,1.23,2.7,0.0,2.11
1599,5.83,2.23,42.27,92.38,5.64,1.83,3.56,1.39,4.6,2.5
1600,7.34,2.38,45.65,16.57,2.08,1.15,3.02,0.04,0.0,1.12
1601,6.91,6.39,35.64,51.74,2.36,3.53,2.1,2.51,0.0,0.4
1602,1.4,3.88,70.59,35.99,7.45,1.68,1.41,1.83,3.11,0.85
1603,0.95,0.72,43.68,50.48,3.88,0.23,3.97,5.11,1.47,0.0
1604,1.67,2.92,52.72,66.87,0.0,2.64,2.41,4.28,0.69,0.0
1605,7.13,7.71,25.63,80.17,3.66,1.61,1.85,3.64,1.94,0.0
1606,5.03,6.28,38.24,78.52,4.64,2.5,2.98,4.08,0.16,1.4
1607,5.26,4.65,63.63,67.25,3.5,0.08,0.67,4.27,1.73,1.07
1608,3.96,2.26,58.01,80.13,2.86,1.25,2.34,1.29,2.28,0.0
1609,11.24,4.03,44.48,70.23,3.51,4.08,1.76,2.29,1.62,1.17
1610,5.75,5.2,38.8,35.41,1.65,3.12,1.16,1.97,3.65,1.85
1611,9.34,2.61,34.39,46.3,3.0,2.23,1.5,1.13,3.12,1.58
1612,2.06,4.43,60.17,0.0,1.74,1.72,0.61,0.0,1.75,1.4
1613,6.14,3.63,64.16,44.41,3.6,2.25,2.01,2.94,3.7,0.99
1614,10.68,5.26,51.83,72.02,3.65,1.28,2.85,1.65,4.54,0.51
1615,10.35,1.25,57.78,37.75,5.21,4.92,3.9,1.14,0.73,0.26
1616,3.75,4.82,55.74,56.63,6.95,3.29,2.86,3.33,2.32,0.0
1617,1.47,5.06,40.43,75.13,4.58,0.0,0.0,1.77,4.27,0.27
1618,2.79,5.3,54.47,11.74,2.85,1.24,0.0,3.33,0.19,0.77
1619,9.3,5.46,46.33,47.11,0.0,1.86,3.7,0.8,1.89,2.25
1620,9.28,2.67,60.2,98.34,0.64,4.2,1.92,4.62,2.44,1.26
1621,2.97,3.85,37.6,60.23,3.11,1.41,0.18,2.14,1.37,1.02
1622,6.47,1.23,50.93,55.53,2.08,2.98,1.82,1.82,0.93,0.13
1623,6.46,4.06,47.76,67.54,3.75,1.8,1.38,0.89,2.18,0.76
1624,8.2,4.0,56.55,95.02,4.32,0.0,0.55,1.65,0.0,0.0
1625,7.3,0.51,54.34,41.79,0.71,2.5,0.0,4.97,2.96,0.2
1626,5.19,2.82,61.98,43.76,1.72,2.93,0.87,1.74,0.0,0.0
1627,5.61,4.35,45.62,65.34,3.08,2.76,1.1,3.06,0.0,2.28
1628,0.5,5.73,52.35,64.41,5.59,2.66,3.58,2.65,4.13,0.0
1629,8.69,2.18,26.15,27.76,4.02,3.39,0.83,1.83,2.32,0.0
1630,10.87,5.55,65.89,50.97,1.91,3.37,1.81,1.92,1.28,0.43
1631,1.06,4.7,58.51,8.6,5.11,2.74,2.31,3.58,3.63,0.71
1632,10.75,5.61,28.17,45.21,1.49,1.96,2.52,1.11,0.0,1.81
1633,10.26,5.24,40.18,19.8,3.01,2.76,1.46,3.33,0.0,1.63
1634,2.9,8.87,73.24,47.67,3.97,1.87,1.62,2.27,0.67,0.0
1635,5.33,6.06,52.0,62.93,2.91,2.72,1.91,1.12,5.07,0.0
1636,5.85,3.89,57.0,28.08,6.02,2.69,3.59,2.68,3.78,0.83
1637,6.68,4.67,32.09,64.49,4.33,0.0,0.0,0.0,0.38,1.93
1638,4.48,4.39,44.6,20.49,5.41,1.43,0.38,0.57,2.1,2.47
1639,4.92,6.94,54.83,68.07,4.01,0.19,1.06,3.13,3.66,0.0
1640,8.28,5.21,33.42,100.0,4.49,1.88,0.51,2.42,2.18,0.69
1641,3.55,0.99,42.6,44.76,2.99,0.46,1.5,1.86,2.87,1.93
1642,2.72,5.89,30.46,49.81,4.15,2.53,0.62,1.13,4.09,0.0
1643,7.98,7.28,54.68,73.08,4.08,0.07,1.24,2.49,2.62,0.0
1644,7.01,0.0,44.45,47.66,2.74,0.4,1.14,2.45,5.59,1.96
1645,6.21,0.35,51.98,81.15,4.62,0.0,1.73,1.48,2.16,0.62
1646,9.16,5.5,46.09,81.74,1.39,2.62,1.79,0.43,2.26,0.22
1647,4.88,0.54,50.34,50.93,5.01,4.08,3.15,2.65,0.0,1.33
1648,6.72,2.53,57.62,39.5,6.58,0.18,0.15,0.0,0.0,0.34
1649,4.14,4.5,46.6,32.25,0.0,2.68,1.09,1.25,1.7,1.06
1650,8.09,1.71,43.84,46.47,2.6,2.25,0.55,2.96,2.82,0.27
1651,5.39,4.8,32.62,62.59,5.82,3.3,2.13,3.21,1.86,0.0
1652,4.46,3.35,60.43,60.35,3.38,1.32,2.69,2.25,2.46,1.49
1653,1.57,5.15,72.59,73.93,5.87,3.72,2.43,2.03,0.77,0.0
1654,5.92,4.47,25.77,33.21,3.89,2.41,0.89,0.45,0.44,1.06
1655,7.56,3.57,51.81,58.43,0.57,2.02,2.47,0.33,1.72,1.53
1656,3.3,3.41,43.02,47.6,5.83,4.13,1.47,2.01,0.21,0.0
1657,11.58,4.81,45.99,52.92,4.23,0.9,2.18,0.58,1.31,1.66
1658,4.73,4.03,54.68,73.59,3.66,2.32,0.71,2.03,4.39,0.78
1659,2.57,3.86,68.64,62.73,6.59,2.66,0.0,3.12,1.24,1.69
1660,5.52,7.59,14.77,96.03,1.99,0.69,1.82,0.0,0.18,0.84
1661,6.26,1.72,44.9,34.34,2.67,3.25,1.08,0.0,1.19,0.76
1662,4.39,5.67,14.17,50.76,3.98,1.1,2.4,3.81,0.7,1.35
1663,8.31,4.2,54.73,53.24,1.04,2.46,3.56,2.0,2.12,1.68
1664,5.31,6.28,32.75,50.22,3.11,3.01,1.06,1.61,2.22,1.22
1665,7.43,3.16,69.02,32.33,3.97,3.84,0.36,0.0,1.81,0.0
1666,7.31,4.61,54.43,33.51,6.06,3.76,0.0,2.46,0.48,1.8
1667,7.28,4.01,47.09,63.05,2.1,0.0,1.73,2.36,0.06,2.28
1668,5.39,1.2,16.4,26.88,3.97,5.38,0.08,1.46,2.14,1.29
1669,6.09,4.72,41.29,35.14,3.76,1.11,2.37,2.89,0.0,0.43
1670,3.13,3.48,60.04,41.53,3.89,3.61,1.94,1.14,0.74,0.94
1671,8.41,2.35,56.76,66.85,3.88,3.52,1.96,1.48,1.78,1.12
1672,1.71,3.86,55.57,56.57,3.14,1.51,1.9,4.84,2.82,0.5
1673,0.5,7.37,11.5,86.85,3.29,2.26,1.79,2.13,2.55,1.48
1674,7.3,5.52,54.56,78.74,5.02,2.18,0.97,4.05,0.5,0.21
1675,9.05,5.55,20.48,87.75,4.33,2.59,3.45,2.06,4.01,0.47
1676,6.04,4.56,40.94,76.1,7.63,4.34,2.11,0.0,2.49,0.34
1677,6.29,6.43,20.44,39.42,3.4,2.18,0.61,1.35,1.47,0.0
1678,7.17,1.38,32.92,74.11,1.82,2.22,3.15,1.98,0.0,1.71
1679,5.38,4.54,75.48,56.02,3.19,2.99,1.31,1.2,2.04,0.0
1680,6.75,3.9,55.86,100.0,3.16,2.77,2.08,2.19,1.21,1.19
1681,5.79,4.11,66.32,58.48,7.44,1.52,1.96,2.92,3.01,0.45
1682,9.45,5.56,36.82,75.18,1.25,1.58,0.0,4.78,1.45,1.57
1683,3.37,3.9,40.42,78.72,2.69,0.26,1.43,0.0,4.8,2.43
1684,9.58,3.1,38.22,54.36,2.32,1.59,0.0,0.57,1.54,0.02
1685,12.76,4.97,41.53,63.15,3.42,2.16,0.93,0.0,1.87,0.0
1686,4.35,3.45,33.56,18.91,6.3,4.1,0.33,1.59,1.95,0.0
1687,4.31,6.69,14.86,76.82,3.53,0.48,4.06,0.28,2.84,1.48
1688,3.19,1.5,20.82,81.14,3.76,4.31,0.0,1.51,0.67,0.35
1689,7.65,3.29,58.29,42.92,2.48,0.13,1.44,2.99,3.77,1.76
1690,3.92,5.3,22.48,59.4,4.71,0.98,3.03,1.8,0.0,0.31
1691,12.9,3.09,39.07,47.57,1.61,2.31,1.54,2.2,1.06,2.44
1692,4.46,3.95,54.02,55.5,4.86,2.23,1.37,0.75,2.22,0.0
1693,8.35,3.84,78.71,76.55,4.13,5.07,1.74,1.43,3.77,0.0
1694,4.97,1.49,47.82,23.61,3.67,0.82,2.81,0.49,1.51,1.65
1695,3.15,5.87,60.29,43.43,6.47,4.02,4.66,4.49,2.96,1.88
1696,8.22,2.9,0.0,68.24,2.08,3.96,1.36,1.81,0.78,1.41
1697,5.05,4.84,43.54,60.16,5.45,0.88,1.84,1.65,2.86,0.0
1698,3.47,5.09,32.36,45.0,2.11,0.0,2.04,0.0,2.27,2.62
1699,3.07,2.97,41.21,70.38,2.83,2.12,3.42,2.8,3.24,0.14
1700,6.63,6.35,17.85,51.79,5.33,3.45,2.63,1.93,2.92,0.89
1701,2.29,3.78,53.51,78.85,3.36,1.11,1.35,4.49,2.7,1.21
1702,6.6,1.78,51.66,89.65,4.86,3.98,1.78,1.59,3.79,0.31
1703,5.68,6.49,32.88,79.62,4.65,3.84,1.8,0.97,0.3,0.5
1704,10.32,3.17,46.57,59.13,3.1,1.84,0.0,3.39,1.51,0.92
1705,9.3,5.32,49.69,54.62,3.26,1.0,2.16,5.29,2.86,1.07
1706,11.77,4.92,46.99,33.93,3.61,1.83,1.99,1.9,2.2,0.0
1707,8.55,4.93,57.08,49.92,4.4,1.77,2.2,2.68,2.92,1.41
1708,5.97,3.86,50.91,47.39,1.57,0.0,2.62,2.06,2.59,1.54
1709,7.9,4.47,35.74,64.97,4.07,4.13,3.02,0.15,1.85,1.16
1710,8.86,7.18,40.15,41.96,2.34,3.38,1.86,1.77,0.0,1.94
1711,2.52,3.73,46.6,60.51,3.33,1.43,2.8,1.85,1.5,0.0
1712,4.07,2.74,32.09,68.85,2.18,1.68,0.54,1.57,4.59,0.96
1713,7.17,3.74,50.74,47.57,2.49,3.1,2.13,1.94,0.76,2.19
1714,10.38,2.82,39.09,27.83,2.34,1.86,1.5,0.0,2.57,1.02
1715,10.73,3.94,48.46,92.09,4.82,1.64,2.85,2.62,4.73,1.0
1716,8.64,6.7,36.42,44.18,3.19,0.15,1.86,2.88,2.77,0.58
1717,5.78,4.11,53.61,100.0,3.4,0.0,0.7,3.35,0.16,0.72
1718,7.27,1.4,56.34,79.09,2.99,5.09,1.74,0.57,1.52,0.0
1719,10.03,0.59,62.56,64.15,4.84,3.69,2.08,0.49,3.64,0.75
1720,8.25,4.47,46.94,36.81,2.77,0.27,1.53,1.59,1.17,1.08
1721,4.99,0.87,29.15,58.99,5.25,3.85,2.13,2.65,2.31,0.0
1722,4.67,4.11,47.17,60.43,2.93,2.04,3.39,2.85,0.6,1.26
1723,10.83,5.58,38.31,47.72,4.28,1.72,1.33,3.35,0.69,1.1
1724,6.65,4.84,51.11,35.59,5.62,2.49,1.05,2.15,0.78,1.27
1725,6.91,5.93,48.97,49.26,0.0,2.51,0.04,0.0,1.97,1.9
1726,11.26,6.51,33.5,31.0,3.23,2.29,0.46,0.84,3.07,1.81
1727,6.02,6.16,33.06,19.91,3.08,0.0,2.71,2.24,3.52,3.54
1728,6.05,5.84,46.84,53.04,3.07,0.4,0.69,6.67,1.2,2.18
1729,9.64,4.37,45.95,9.12,4.28,5.89,2.57,0.0,4.45,1.83
1730,2.15,2.44,24.26,38.84,1.76,2.93,1.21,5.67,2.26,0.0
1731,5.3,4.72,33.36,41.07,5.65,1.58,0.77,2.27,2.26,0.46
1732,5.25,4.91,52.49,51.88,4.36,3.48,2.86,0.69,3.13,0.0
1733,9.25,4.93,49.58,52.48,4.9,5.34,0.75,1.35,2.1,0.0
1734,3.86,3.03,42.47,38.61,3.99,2.04,0.5,5.81,1.57,0.59
1735,3.84,4.51,48.9,29.44,3.87,4.42,3.23,0.03,3.49,0.91
1736,1.64,2.9,57.52,59.3,6.35,1.9,4.3,4.16,2.45,0.84
1737,8.74,3.4,61.92,39.12,1.83,0.67,0.08,0.05,3.1,0.87
1738,2.28,3.21,57.36,74.15,4.36,3.56,4.02,4.52,0.0,0.0
1739,12.98,5.52,40.87,69.02,5.19,0.42,1.43,1.94,0.05,0.38
1740,6.17,0.78,37.77,51.02,5.68,3.04,0.0,2.24,2.8,0.11
1741,9.14,3.55,61.27,80.23,4.12,1.71,0.4,0.07,0.0,0.61
1742,7.66,2.72,30.66,99.6,5.19,0.32,2.1,2.0,5.18,1.12
1743,7.05,0.96,23.86,75.02,2.47,4.64,1.51,1.18,3.97,3.19
1744,5.91,3.26,26.97,48.75,1.74,0.0,2.61,0.0,1.33,1.19
1745,0.97,3.16,56.28,34.82,4.65,1.44,1.77,1.75,2.57,0.99
1746,7.71,2.73,18.04,69.58,3.91,1.2,1.94,2.76,2.45,2.34
1747,3.12,1.85,51.54,46.8,3.91,1.23,3.23,2.41,2.83,2.19
1748,8.7,0.74,32.53,65.71,3.96,2.96,2.82,1.45,2.2,1.57
1749,4.22,0.51,51.3,66.41,4.76,2.55,1.36,0.7,2.17,0.96
1750,4.88,2.17,38.78,36.78,3.1,2.18,0.7,4.14,0.57,0.0
1751,5.47,2.55,31.25,38.99,1.41,2.1,0.0,0.52,0.95,0.74
1752,9.51,8.27,39.06,69.27,1.97,0.0,0.0,2.69,1.52,0.14
1753,10.46,5.56,65.19,73.74,0.58,0.36,2.4,2.57,2.36,1.1
1754,6.55,2.9,39.74,35.21,4.36,0.0,2.73,0.0,0.18,0.57
1755,9.63,3.71,43.55,50.24,4.42,0.0,1.12,1.59,0.43,2.67
1756,9.76,5.39,51.25,59.42,4.8,3.4,2.6,3.78,0.93,1.81
1757,11.29,7.34,30.56,44.64,1.76,0.0,1.44,1.78,0.18,1.48
1758,10.89,7.71,14.91,30.63,3.87,1.33,1.01,2.09,2.85,0.0
1759,6.07,2.82,35.25,52.34,1.33,2.7,0.12,1.64,1.71,1.33
1760,8.43,2.52,74.01,57.58,1.87,0.87,0.86,2.81,0.35,0.34
1761,12.61,5.03,73.87,50.01,3.6,2.59,2.11,0.44,2.89,2.53
1762,3.61,2.61,41.84,48.05,6.24,0.72,0.39,1.27,2.66,0.25
1763,11.18,3.9,41.93,38.49,4.84,1.72,2.84,2.99,1.13,0.0
1764,9.77,5.34,19.53,51.96,4.69,1.29,0.43,0.5,3.61,0.95
1765,5.95,1.14,49.26,38.91,6.83,1.32,2.93,1.87,1.74,1.47
1766,5.35,4.8,35.81,39.11,3.16,1.25,0.45,1.83,1.35,1.49
1767,11.11,5.64,44.17,40.28,6.42,2.35,1.96,0.0,2.92,0.23
1768,1.23,5.75,44.72,42.24,5.54,2.13,1.6,3.22,0.86,0.0
1769,5.97,4.07,24.57,53.48,3.3,0.0,2.94,0.79,2.63,1.82
1770,2.23,2.56,56.52,76.59,2.87,1.62,1.87,2.61,2.29,1.1
1771,6.72,1.63,47.8,45.43,4.35,3.14,0.0,1.01,0.11,0.0
1772,8.67,1.94,34.48,43.62,1.24,2.79,2.61,3.51,5.33,1.7
1773,7.83,2.13,65.34,32.6,4.1,4.34,1.66,4.77,1.11,1.86
1774,8.13,0.0,31.85,92.49,3.12,4.27,1.87,4.17,0.0,1.88
1775,12.33,2.73,58.26,32.43,5.33,7.36,1.94,0.3,0.76,0.17
1776,7.16,0.61,32.56,25.71,2.09,3.62,1.91,0.23,0.53,1.69
1777,7.86,3.2,47.63,22.99,2.56,3.01,1.22,1.76,2.36,0.0
1778,4.74,6.0,45.42,50.22,3.74,1.46,0.94,4.13,0.0,0.37
1779,4.94,1.61,74.62,71.38,2.13,4.38,2.64,2.75,0.7,0.0
1780,6.45,2.47,42.72,33.83,3.89,4.26,1.53,1.67,0.0,0.79
1781,0.5,4.37,48.91,29.03,1.46,0.0,0.75,2.31,4.4,0.0
1782,4.8,2.98,63.96,32.07,5.09,2.23,2.6,2.86,1.77,1.71
1783,12.32,4.58,45.74,69.95,3.9,4.45,0.71,0.34,0.4,0.0
1784,4.06,5.6,20.62,57.67,1.97,5.09,1.47,2.44,4.04,0.0
1785,13.12,5.65,32.35,41.6,4.49,0.41,0.0,2.48,2.28,1.02
1786,11.93,3.03,44.85,55.87,3.17,3.27,0.61,3.47,1.58,1.34
1787,9.08,5.36,45.52,36.47,3.5,1.01,0.7,3.48,3.74,0.84
1788,3.3,7.9,48.13,54.84,4.54,1.39,2.47,1.1,1.25,0.0
1789,4.26,1.7,51.81,42.0,5.24,1.94,1.41,0.75,2.15,0.44
1790,0.5,1.56,16.27,50.28,5.55,3.26,1.38,0.0,1.72,1.49
1791,5.04,2.58,14.64,49.64,3.29,1.39,0.94,1.97,1.48,0.7
1792,5.6,2.23,27.77,38.94,2.51,1.63,1.04,4.41,2.24,0.94
1793,2.47,2.36,57.05,60.02,2.27,3.36,1.51,4.45,0.17,0.21
1794,7.46,2.55,38.19,56.8,2.59,5.05,3.56,2.2,0.88,0.68
1795,0.5,3.67,63.96,100.0,3.16,2.18,0.6,1.53,4.55,1.14
1796,11.0,3.81,31.02,72.37,4.67,0.89,0.71,1.81,3.25,2.05
1797,6.62,6.7,37.67,46.98,5.65,3.9,0.41,1.66,4.51,1.88
1798,8.21,1.34,34.32,52.02,1.16,3.0,0.0,0.84,4.79,0.76
1799,2.59,3.7,62.73,62.07,6.89,2.46,1.76,0.0,2.66,0.0
1800,6.46,2.7,67.0,40.78,1.49,2.7,1.03,1.08,2.34,0.0
1801,5.6,4.32,4.41,45.46,2.26,0.17,0.5,3.51,2.4,1.18
1802,6.29,5.67,58.25,43.5,2.94,0.0,3.49,2.45,2.09,0.61
1803,2.68,5.36,46.13,46.69,3.41,1.16,2.79,0.21,1.68,0.07
1804,3.56,5.15,65.64,70.22,1.55,3.31,2.86,1.52,0.0,2.17
1805,8.81,0.9,46.04,56.45,1.02,2.66,0.0,2.65,1.88,0.65
1806,6.22,7.49,59.66,31.81,2.7,0.96,2.4,3.54,0.24,0.0
1807,6.77,5.81,45.41,33.31,2.97,0.97,0.87,3.23,1.01,2.15
1808,3.78,2.9,21.07,46.73,3.48,0.95,1.47,1.56,0.0,0.97
1809,6.38,2.32,29.47,51.29,4.44,1.82,2.18,2.33,2.09,0.06
1810,7.9,0.0,44.22,31.75,3.23,0.22,1.67,2.59,4.17,2.55
1811,4.82,6.1,42.43,47.92,3.39,4.28,0.12,0.0,3.09,2.57
1812,4.34,5.29,48.49,65.74,1.76,0.0,1.39,3.48,0.0,1.15
1813,3.92,4.21,55.0,62.56,3.05,1.26,0.35,2.11,0.65,1.07
1814,4.93,1.28,27.62,65.12,2.26,0.58,0.0,1.7,0.95,1.52
1815,9.68,3.19,36.47,35.58,4.83,0.0,2.3,3.24,0.73,0.07
1816,6.09,3.66,22.6,65.08,4.19,2.07,1.79,4.41,4.93,0.33
1817,7.46,4.19,53.86,75.36,1.65,2.51,2.12,1.84,3.65,1.41
1818,3.93,0.89,47.54,31.64,5.74,3.18,1.51,1.36,1.06,0.27
1819,8.82,7.33,40.84,42.2,3.32,2.56,2.76,2.06,1.52,0.0
1820,6.75,6.94,48.35,51.34,3.81,2.45,2.18,1.92,0.28,0.0
1821,6.5,2.81,51.87,24.55,4.8,1.51,0.37,1.29,1.66,1.66
1822,1.88,2.67,9.86,48.34,4.39,1.36,1.16,3.81,0.08,0.85
1823,10.48,3.9,35.64,47.76,3.15,0.38,0.28,0.89,2.06,1.1
1824,10.05,2.81,35.77,43.72,2.71,6.14,1.61,1.64,1.39,2.49
1825,7.48,1.56,35.29,71.69,2.84,1.73,1.63,2.3,0.46,0.52
1826,8.39,3.39,65.44,47.51,2.35,0.0,0.58,0.0,2.52,1.06
1827,4.7,2.08,43.85,64.37,4.36,3.54,2.01,2.01,2.55,0.25
1828,7.85,0.69,60.18,41.67,5.94,0.91,3.6,0.0,4.88,0.0
1829,5.09,6.8,72.88,57.17,1.86,4.91,2.06,1.69,4.54,1.6
1830,4.24,5.98,53.15,49.21,4.38,1.24,1.84,3.62,0.0,0.22
1831,2.32,1.73,37.2,55.1,3.14,3.96,1.15,0.0,0.95,0.93
1832,8.04,4.92,4.12,46.54,3.08,2.83,0.0,3.25,2.54,1.29
1833,5.78,3.91,26.46,88.68,3.58,5.09,0.45,4.64,2.79,1.59
1834,2.48,5.14,75.09,68.3,2.77,3.19,2.67,4.14,1.98,1.0
1835,11.1,2.93,63.03,52.17,3.28,0.16,0.0,0.0,1.44,1.15
1836,3.34,4.09,32.67,54.84,4.42,1.74,1.86,2.89,0.0,0.02
1837,9.6,1.58,30.02,49.4,1.36,4.34,1.66,3.27,0.49,0.77
1838,4.12,2.0,61.93,12.47,3.78,4.29,1.61,0.4,1.73,0.0
1839,6.1,5.92,39.23,68.26,3.47,0.0,3.01,2.32,4.71,0.81
1840,8.09,3.29,20.81,97.7,3.85,3.39,1.93,2.96,2.36,0.28
1841,6.66,5.86,14.73,41.09,0.06,0.42,2.45,2.56,0.95,2.08
1842,11.2,0.0,19.09,51.03,2.95,0.82,0.34,1.04,3.42,2.31
1843,2.46,2.96,64.54,42.8,4.35,0.87,0.0,1.46,1.76,0.18
1844,7.52,2.18,26.51,47.52,4.4,3.92,0.86,1.05,1.56,0.0
1845,4.91,0.93,57.89,53.36,4.36,4.56,0.56,0.9,1.92,1.92
1846,8.44,5.96,47.46,23.03,2.67,4.07,2.74,2.05,1.99,1.64
1847,6.37,6.99,28.39,47.34,3.63,3.16,1.69,0.38,2.49,0.26
1848,3.56,2.34,43.4,99.79,1.54,0.91,1.24,2.47,4.28,0.52
1849,10.23,3.56,46.19,52.51,4.22,1.83,2.06,0.91,1.18,2.43
1850,8.76,5.55,23.75,65.73,3.29,0.0,2.57,3.38,4.53,1.14
1851,6.01,3.0,35.14,30.29,3.19,2.42,0.03,6.25,0.0,0.0
1852,9.55,2.88,56.68,75.79,3.48,4.54,0.27,1.33,0.52,2.26
1853,8.44,3.32,40.94,73.95,3.26,1.27,1.58,2.01,0.55,1.12
1854,4.36,3.25,31.14,60.86,2.58,1.67,1.91,1.93,3.8,0.04
1855,12.61,3.2,58.5,68.02,2.1,1.44,2.16,2.81,0.0,1.3
1856,7.43,4.97,44.98,83.83,2.43,1.83,0.74,2.87,3.63,0.39
1857,7.48,1.78,36.09,82.41,3.91,3.28,3.07,2.83,2.7,0.05
1858,0.5,1.21,50.99,77.11,4.43,4.55,0.24,1.6,3.97,0.0
1859,5.76,5.73,59.34,28.97,2.51,3.73,2.45,2.84,1.27,0.27
1860,9.01,3.38,58.71,11.76,3.52,2.14,2.25,2.14,2.1,0.85
1861,7.16,5.35,69.15,78.85,2.64,0.12,1.81,3.13,0.32,0.92
1862,9.89,0.76,21.21,23.45,2.22,1.28,0.84,4.63,0.0,1.04
1863,5.16,4.25,45.78,48.55,1.58,2.26,2.37,4.37,2.34,0.58
1864,2.97,3.96,79.44,0.0,2.2,1.49,0.42,1.91,3.38,1.42
1865,5.73,3.06,50.6,55.38,1.78,0.0,0.0,1.04,2.72,1.07
1866,4.3,3.59,28.38,81.74,2.27,1.65,1.28,3.32,2.09,2.02
1867,7.67,3.51,42.62,62.25,2.09,2.47,2.79,2.72,3.38,1.61
1868,7.29,3.12,32.31,75.95,4.19,2.81,1.19,1.15,0.41,2.43
1869,4.18,7.94,40.6,91.65,0.13,3.81,0.0,2.76,0.0,1.07
1870,6.86,3.95,55.34,76.54,3.01,0.66,2.56,2.78,1.9,1.98
1871,3.79,6.97,28.79,51.54,3.33,1.18,2.49,0.56,2.59,2.37
1872,5.12,0.59,62.57,44.31,3.71,3.6,4.09,1.84,0.13,1.08
1873,6.52,2.63,49.5,63.61,4.69,4.62,0.0,3.05,2.83,0.0
1874,11.56,5.31,21.47,78.1,4.12,0.39,2.09,3.48,0.19,1.59
1875,10.25,5.66,42.65,86.76,5.36,2.91,1.49,3.91,1.16,1.19
1876,6.56,5.56,39.02,51.1,0.37,0.46,1.36,0.4,2.33,2.67
1877,6.48,4.12,20.36,53.46,2.24,4.02,0.89,4.01,1.73,0.65
1878,8.3,5.68,34.86,41.4,5.33,0.6,2.04,0.79,2.92,0.63
1879,2.25,1.95,32.54,67.56,4.06,1.04,0.2,2.48,0.88,1.39
1880,3.79,1.91,40.42,67.69,3.15,1.24,2.16,3.08,1.9,0.8
1881,6.17,1.03,26.4,38.58,3.02,1.43,2.42,2.14,3.1,1.33
1882,10.81,6.79,24.35,51.09,3.45,2.18,4.11,5.19,0.01,1.54
1883,2.7,7.84,29.87,73.04,5.74,0.73,1.34,1.57,0.75,0.0
1884,1.59,1.51,46.86,63.11,5.28,3.84,1.72,2.16,1.96,0.0
1885,4.07,6.56,41.09,49.93,5.83,1.04,3.46,2.9,2.9,0.76
1886,2.86,0.0,33.29,64.33,3.55,2.36,2.54,5.25,1.78,1.58
1887,8.73,3.95,36.41,81.35,0.55,0.0,2.49,0.58,1.12,1.09
1888,4.44,2.96,51.15,63.73,4.92,3.01,2.04,0.64,0.78,0.19
1889,4.65,4.58,66.3,39.3,3.81,0.0,3.29,2.71,1.56,0.0
1890,3.65,3.85,33.39,46.51,4.53,1.12,2.83,3.27,0.0,1.19
1891,8.17,7.19,20.93,82.22,3.81,0.0,0.83,1.85,0.0,1.86
1892,1.82,5.53,59.08,41.94,3.24,0.41,1.84,4.05,1.04,0.14
1893,8.28,2.93,28.72,78.51,0.6,3.56,1.5,1.68,1.07,0.88
1894,2.77,6.26,44.28,48.54,5.41,1.64,2.53,1.14,3.24,2.12
1895,9.0,3.62,56.36,64.47,3.5,2.38,0.51,0.0,2.76,1.97
1896,2.4,4.8,25.0,66.11,3.49,3.94,0.72,4.34,0.34,1.14
1897,4.62,4.07,21.55,54.62,4.41,0.0,0.62,3.51,4.06,2.57
1898,3.83,4.25,42.89,38.85,2.23,1.88,1.07,1.93,1.66,0.9
1899,2.71,4.6,41.58,62.46,3.45,2.79,0.98,3.31,0.76,1.04
1900,5.97,6.52,40.74,84.72,1.37,1.56,0.63,0.14,0.65,2.23
1901,9.31,3.53,63.47,100.0,4.16,0.43,2.48,1.0,1.81,0.14
1902,10.61,6.71,60.08,82.38,1.57,2.66,0.36,1.59,4.0,0.4
1903,7.45,6.71,44.94,58.23,1.21,2.25,1.97,0.26,0.61,1.54
1904,4.26,6.11,52.17,74.37,2.7,0.94,0.0,2.23,1.63,0.87
1905,9.34,3.86,61.6,52.46,4.87,2.26,2.44,1.67,2.42,0.23
1906,3.95,2.53,43.88,19.86,4.12,1.59,0.0,3.84,3.07,0.18
1907,4.04,0.0,67.25,29.9,5.55,1.1,1.86,4.19,2.17,1.08
1908,5.23,3.4,29.15,47.2,3.19,2.71,1.64,1.74,2.35,0.0
1909,5.77,4.31,57.5,97.16,3.19,2.3,0.92,3.35,3.35,0.0
1910,6.92,2.09,55.17,51.63,3.28,3.48,2.19,3.19,5.28,0.0
1911,7.64,2.19,41.24,50.07,4.0,1.95,1.82,0.0,1.21,0.71
1912,8.86,3.45,48.36,40.6,4.27,2.28,2.42,1.39,3.67,0.65
1913,9.38,4.86,57.53,85.05,3.38,2.62,1.37,2.84,0.57,0.72
1914,9.22,6.91,65.02,34.16,7.02,2.66,2.24,3.38,1.37,1.58
1915,1.98,3.72,36.85,54.12,2.79,2.28,2.04,3.53,2.43,0.1
1916,6.56,5.47,42.06,67.09,3.22,0.61,0.0,3.05,0.85,1.46
1917,9.66,4.52,40.59,45.99,4.63,1.69,1.54,5.44,2.46,1.16
1918,7.26,4.01,48.54,50.7,4.8,1.4,0.0,2.84,2.5,1.32
1919,1.73,6.41,65.11,63.18,4.26,0.0,0.8,2.27,1.04,0.0
1920,6.85,5.69,71.78,80.28,4.47,5.56,1.5,2.04,2.08,0.29
1921,2.41,5.86,36.83,47.71,3.45,0.1,3.22,3.09,2.24,1.45
1922,8.63,2.45,26.82,61.17,2.08,0.19,2.86,3.29,3.77,0.98
1923,11.85,3.12,47.82,67.32,1.55,0.22,2.44,2.18,0.0,0.95
1924,6.32,5.89,61.04,82.48,3.79,1.98,0.31,0.67,3.04,1.25
1925,5.21,4.18,76.66,54.96,3.68,4.44,0.55,0.22,3.43,1.0
1926,0.69,1.56,42.05,40.92,3.12,2.86,1.6,2.42,1.84,0.26
1927,5.3,3.64,56.63,58.23,3.16,1.22,2.85,2.93,3.2,1.27
1928,0.5,4.44,22.73,52.73,3.9,3.47,3.16,1.94,0.0,0.0
1929,6.64,2.17,23.79,91.27,3.75,1.16,2.64,4.92,3.38,1.9
1930,5.28,6.38,37.67,82.72,1.93,2.54,0.0,0.83,2.09,0.87
1931,0.96,4.38,45.02,31.27,1.76,1.71,1.12,0.52,1.47,0.18
1932,9.02,5.26,41.75,87.44,2.77,3.06,1.04,0.98,1.93,0.14
1933,5.8,5.63,62.4,48.1,4.59,0.98,1.72,0.46,3.34,0.4
1934,2.21,0.05,23.22,59.52,5.4,4.61,2.95,2.11,2.41,1.75
1935,4.17,2.36,56.22,87.46,4.18,2.7,2.43,0.93,4.22,0.0
1936,12.11,4.36,14.06,66.22,3.66,4.99,1.36,0.71,1.97,0.0
1937,8.38,2.35,49.26,59.48,5.49,1.38,1.15,1.91,2.53,1.75
1938,5.07,3.55,23.0,73.27,2.03,0.24,1.18,2.51,2.0,1.18
1939,7.83,5.01,84.65,74.55,2.76,2.1,0.0,2.64,2.45,0.9
1940,6.79,3.99,65.03,70.18,2.15,5.87,2.83,3.5,2.16,0.0
1941,4.34,2.49,56.66,100.0,1.33,2.11,1.92,0.2,2.16,0.78
1942,8.64,3.13,55.01,48.9,4.66,3.62,1.02,3.51,3.45,2.3
1943,7.96,7.25,47.84,64.07,2.82,0.32,0.6,1.24,0.0,0.56
1944,5.7,2.13,50.75,47.45,0.48,0.86,0.82,3.11,1.34,0.31
1945,7.17,2.41,41.46,70.08,2.26,1.83,0.0,2.68,3.28,0.66
1946,3.53,2.09,44.0,23.53,4.67,3.61,2.75,2.66,1.88,0.0
1947,2.81,6.39,62.52,64.08,3.58,1.1,2.38,2.99,0.0,0.0
1948,7.37,3.41,41.17,42.98,5.68,3.64,3.16,0.25,0.65,0.47
1949,2.51,5.1,31.86,44.08,4.8,0.0,0.77,2.9,0.81,2.24
1950,1.01,2.5,38.65,64.61,2.11,2.96,3.59,1.82,2.12,1.26
1951,6.37,3.76,55.9,55.98,4.4,1.68,1.71,2.2,1.24,2.26
1952,5.35,6.92,36.58,47.75,4.39,5.47,1.92,0.0,1.35,0.0
1953,9.46,2.07,47.72,69.13,1.09,3.87,0.0,2.0,1.03,0.33
1954,6.7,1.42,37.71,79.49,4.58,3.73,2.95,1.28,1.9,2.49
1955,4.8,1.34,29.36,68.38,4.13,0.8,2.27,1.67,0.38,0.27
1956,6.21,5.75,31.4,60.93,7.18,3.68,2.44,1.7,2.68,1.34
1957,7.99,5.41,62.64,95.88,3.57,0.33,0.32,2.12,0.83,0.0
1958,7.04,4.55,46.4,29.71,4.89,2.65,1.88,3.78,0.66,0.0
1959,1.2,5.73,36.59,41.6,1.34,0.88,0.0,4.14,0.41,2.89
1960,12.85,2.85,49.03,58.34,3.09,2.93,1.44,0.2,2.43,1.31
1961,7.33,3.71,74.83,47.22,4.97,3.0,0.33,2.27,1.51,0.0
1962,6.11,2.89,39.9,67.04,1.38,1.9,0.0,1.91,1.8,1.29
1963,8.17,5.91,38.02,86.24,3.05,0.0,1.71,3.63,2.75,2.47
1964,6.22,4.41,40.44,46.09,5.92,1.98,1.93,0.0,0.46,0.0
1965,5.63,4.66,68.48,50.86,3.78,1.28,3.73,3.4,0.85,0.66
1966,2.35,4.11,44.88,23.63,3.53,0.21,2.46,3.02,1.28,1.43
1967,4.71,3.71,16.08,68.37,3.66,2.67,3.24,2.05,2.92,0.1
1968,6.68,5.31,43.0,34.69,0.07,0.0,0.32,3.03,1.47,2.29
1969,0.5,5.69,49.52,99.04,2.54,2.39,0.0,4.87,0.98,0.0
1970,4.29,4.0,46.79,0.0,3.54,3.88,3.94,3.04,1.27,1.85
1971,10.38,5.42,32.1,76.7,2.98,2.04,1.13,1.62,0.89,0.0
1972,4.6,3.14,36.58,56.66,2.29,1.35,1.06,1.22,3.55,0.74
1973,6.32,2.42,76.09,60.47,3.16,3.0,2.32,2.46,2.16,1.4
1974,4.58,0.71,53.36,73.19,1.29,2.2,0.0,0.9,3.38,1.21
1975,12.46,2.96,52.26,78.19,2.67,4.08,2.55,1.38,3.85,1.51
1976,5.86,1.6,33.42,22.27,0.59,0.4,0.86,3.62,0.65,2.18
1977,10.51,3.49,29.9,78.06,0.41,1.15,0.0,0.41,1.89,1.36
1978,7.4,6.66,43.91,70.76,2.77,0.0,0.0,3.8,2.82,1.37
1979,6.44,3.28,39.27,32.48,4.12,1.97,1.25,4.93,1.42,0.15
1980,4.44,6.13,52.84,38.98,2.57,0.92,1.41,5.08,1.46,2.27
1981,8.4,2.87,60.7,7.78,4.75,2.86,1.71,1.72,2.93,0.0
1982,6.17,4.08,38.68,46.92,1.27,2.85,1.15,1.86,3.43,1.9
1983,7.28,7.67,56.09,34.23,2.93,0.4,0.49,2.22,2.47,1.33
1984,4.36,1.92,0.0,82.04,6.64,4.98,2.41,1.0,2.45,1.31
1985,3.14,3.2,33.49,26.64,1.57,2.26,0.0,0.02,3.0,3.35
1986,5.55,3.7,18.8,52.09,4.63,0.0,3.72,4.91,1.51,1.97
1987,3.57,3.34,57.18,54.93,2.47,0.5,0.09,0.21,4.13,0.0
1988,7.84,1.86,44.78,73.17,3.97,0.65,1.56,0.0,4.07,1.4
1989,5.45,8.75,51.68,65.79,4.25,0.65,1.93,0.0,0.62,0.0
1990,4.48,3.57,23.43,87.55,6.06,1.43,2.42,0.0,2.8,0.0
1991,7.02,5.43,45.3,39.99,3.59,2.17,1.4,1.25,2.75,1.16
1992,8.69,2.24,50.29,22.54,1.15,1.54,0.11,0.22,1.94,1.7
1993,7.08,6.43,39.46,80.84,2.42,2.91,1.59,3.2,2.99,0.78
1994,4.83,2.56,43.29,48.19,2.28,2.5,2.63,1.47,1.5,2.87
1995,4.02,5.67,59.59,80.82,3.49,2.73,3.19,4.61,2.59,0.82
1996,6.41,4.58,61.81,23.72,3.75,0.83,2.49,3.16,2.5,0.0
1997,10.89,1.82,40.69,61.1,2.01,2.35,0.67,4.18,0.49,1.42
1998,4.51,4.2,29.94,60.58,4.18,1.55,2.68,1.24,3.22,1.8
1999,5.75,2.58,42.61,54.39,5.22,6.33,2.49,1.75,0.7,0.94
2000,5.03,4.96,49.46,63.19,2.77,1.85,2.31,4.49,4.9,0.0
2001,5.6,5.39,50.04,40.47,3.09,0.3,2.64,2.14,3.26,1.56
2002,6.24,3.62,37.06,81.14,4.27,4.68,3.77,2.22,2.41,0.0
2003,4.84,1.59,50.44,52.8,8.77,1.69,1.19,2.57,0.0,0.83
2004,4.56,4.85,44.64,63.73,2.48,1.51,2.34,3.4,0.63,1.11
2005,10.27,2.89,49.8,50.86,1.8,1.09,1.64,3.47,3.81,2.53
2006,7.76,5.33,35.07,50.66,1.94,1.79,1.17,3.24,0.95,0.61
2007,10.92,7.53,37.89,91.24,4.67,0.94,2.95,0.34,3.0,1.56
2008,6.55,3.65,42.91,45.26,2.85,0.16,0.9,3.5,1.07,1.0
2009,12.48,3.54,56.57,63.77,2.56,2.6,1.33,2.45,2.53,1.13
2010,8.64,3.66,41.65,54.35,2.84,2.87,2.67,1.31,0.28,1.84
2011,1.35,2.85,46.44,55.75,4.12,2.32,0.0,3.05,1.37,0.32
2012,10.26,1.25,67.9,18.23,2.33,3.2,3.92,0.26,0.65,1.21
2013,6.73,5.34,46.9,28.92,2.36,1.16,1.35,0.75,4.86,2.15
2014,4.14,3.59,32.53,82.57,2.91,1.09,1.28,0.31,2.1,0.0
2015,5.75,1.82,36.57,56.72,4.58,0.29,2.01,0.83,2.26,1.21
2016,13.03,3.1,28.87,53.02,3.26,3.02,3.89,3.65,0.0,0.08
2017,4.22,4.55,48.21,76.46,3.38,3.99,0.73,0.0,3.21,0.0
2018,10.94,10.06,56.77,81.29,2.08,2.55,1.49,3.99,1.72,0.11
2019,5.0,4.0,61.61,39.2,3.38,1.84,3.51,0.0,1.61,0.57
2020,10.13,5.42,52.78,17.42,3.98,3.19,1.52,2.71,0.6,1.5
2021,7.29,1.56,40.79,46.94,3.75,3.2,0.63,2.55,0.28,1.01
2022,6.03,3.91,4.83,35.57,3.45,2.31,2.52,3.12,0.5,1.42
2023,1.2,1.0,29.19,1.03,3.78,0.0,1.5,1.95,2.7,2.5
2024,10.24,5.51,55.15,38.33,3.94,3.13,2.56,2.01,1.3,0.43
2025,4.92,9.3,52.95,55.5,3.2,1.8,1.51,2.99,0.0,0.0
2026,7.28,2.46,54.27,59.38,3.96,2.22,2.32,1.81,0.1,0.71
2027,8.05,5.16,42.71,60.16,0.35,1.36,0.35,2.12,1.28,1.99
2028,6.5,3.8,32.82,67.04,2.78,2.72,0.43,0.97,2.02,0.78
2029,5.54,1.65,46.66,75.9,1.66,1.6,2.04,2.07,0.67,0.0
2030,9.28,5.25,17.78,64.26,5.0,3.93,2.36,0.0,1.9,0.6
2031,10.86,4.32,70.27,69.76,4.14,2.21,0.7,3.76,3.83,1.47
2032,11.17,4.75,30.89,77.1,2.09,1.93,1.7,1.57,0.42,2.31
2033,7.58,2.55,55.17,34.77,2.21,3.51,1.17,3.79,4.42,2.18
2034,6.82,4.81,49.62,63.15,1.61,2.45,1.21,4.07,0.0,0.33
2035,11.53,3.85,53.05,69.56,0.64,2.02,1.29,0.0,0.56,1.46
2036,5.97,3.71,42.3,35.17,1.89,2.51,1.63,0.89,2.13,0.0
2037,5.13,1.73,22.12,65.31,2.33,2.41,2.32,1.53,2.73,0.2
2038,6.77,4.3,29.38,33.72,3.45,2.96,4.31,0.0,2.23,0.69
2039,4.98,3.66,47.03,40.44,4.17,0.85,1.59,2.02,0.19,1.15
2040,1.2,5.17,28.58,86.83,4.98,1.78,0.0,3.72,2.42,1.26
2041,11.87,2.9,56.66,55.42,2.59,0.0,1.67,2.22,3.81,0.03
2042,3.1,1.7,72.55,47.61,0.4,2.8,0.66,2.39,1.02,1.24
2043,11.88,2.71,15.09,60.73,3.52,1.62,0.84,1.5,0.81,1.83
2044,6.45,4.6,39.28,71.95,2.14,1.95,1.12,1.19,2.19,0.0
2045,3.1,2.09,56.5,88.01,4.15,1.08,0.0,0.0,4.14,0.35
2046,4.07,5.61,11.55,61.81,5.24,2.26,0.0,1.23,2.72,0.19
2047,4.51,5.46,49.5,30.45,3.06,3.71,0.92,1.8,2.14,0.0
2048,4.59,2.52,40.99,56.0,1.18,6.51,0.61,4.31,0.0,0.58
2049,8.44,0.89,19.16,85.55,2.35,2.0,2.13,2.85,3.9,1.29
2050,0.5,2.64,50.76,84.5,4.11,2.29,2.96,1.35,1.26,0.35
2051,8.31,5.6,59.22,63.27,2.52,0.05,1.45,2.11,3.42,0.4
2052,3.2,8.32,28.72,60.12,3.69,0.44,1.46,3.18,2.05,0.87
2053,4.08,3.2,46.8,54.76,4.63,1.72,2.23,3.22,0.65,0.57
2054,1.83,6.69,46.5,100.0,3.66,1.64,0.3,0.0,0.0,0.0
2055,7.62,4.17,34.65,85.6,2.86,0.59,2.17,3.66,2.16,0.0
2056,3.1,6.5,28.07,76.54,3.18,4.2,1.62,1.88,0.98,0.0
2057,5.01,0.89,51.26,63.08,2.08,0.89,0.72,4.21,2.61,0.52
2058,8.07,4.27,21.23,39.35,6.67,2.26,0.71,4.35,0.98,0.35
2059,5.84,0.0,59.54,39.45,3.78,1.71,0.54,2.33,1.91,0.0
2060,7.03,4.19,79.68,80.03,6.29,2.03,2.79,1.29,4.04,0.0
2061,4.94,9.41,41.06,40.62,1.43,0.0,0.41,1.98,0.0,2.01
2062,5.54,1.64,65.92,53.98,6.58,4.97,0.78,4.52,3.08,0.63
2063,4.5,4.96,60.96,71.56,5.61,0.0,2.05,2.93,1.01,0.42
2064,2.7,0.0,30.61,28.46,3.47,0.0,0.0,3.28,0.06,1.7
2065,8.9,0.02,25.37,48.06,5.2,1.21,1.17,0.89,0.0,1.04
2066,3.53,5.16,59.28,81.98,3.12,1.0,2.21,1.27,3.24,0.0
2067,7.92,5.48,45.09,43.92,1.92,0.0,0.0,1.38,3.47,1.01
2068,9.5,1.81,42.56,44.0,4.13,1.88,2.42,4.02,0.71,0.31
2069,5.03,3.69,48.97,93.79,4.97,1.66,0.31,1.36,0.29,0.43
2070,7.93,9.06,36.88,52.43,3.71,1.25,0.77,2.02,3.04,0.34
2071,5.49,4.9,28.95,74.44,4.76,6.17,2.36,0.0,0.0,0.62
2072,0.5,1.83,44.29,75.07,4.3,1.0,1.43,2.25,2.16,0.31
2073,6.64,3.93,21.87,68.73,3.63,3.33,3.23,0.17,0.97,0.35
2074,8.49,4.5,20.98,71.13,3.88,2.28,1.38,0.0,0.43,0.58
2075,4.58,5.71,24.85,38.56,3.95,1.95,1.59,3.92,3.76,1.76
2076,3.34,4.72,35.15,69.18,1.33,0.98,2.2,5.82,0.05,2.04
2077,2.42,5.73,32.71,81.84,5.47,1.4,1.74,2.19,1.59,0.0
2078,10.06,4.63,67.82,66.82,4.79,3.52,3.45,2.85,2.12,1.04
2079,7.49,4.24,41.75,51.27,4.13,3.27,1.8,2.4,2.65,0.72
2080,3.64,4.74,41.54,61.71,4.45,3.74,2.62,0.0,0.38,1.69
2081,4.23,1.6,44.37,66.4,3.24,1.91,2.41,2.94,5.1,1.64
2082,5.79,4.9,42.24,72.32,1.94,3.62,0.72,4.08,2.72,0.32
2083,3.62,2.4,46.98,89.83,2.21,1.79,1.7,2.62,4.11,0.0
2084,7.26,3.71,19.36,71.22,2.38,0.0,0.0,3.6,2.62,1.07
2085,7.13,3.13,33.22,51.74,3.86,1.62,2.74,0.05,2.33,0.45
2086,0.5,0.38,62.32,49.83,4.6,4.29,0.0,0.0,0.0,0.0
2087,5.85,2.16,56.21,73.3,4.32,1.72,0.92,0.12,1.08,0.29
2088,7.99,4.78,49.43,48.45,5.14,1.03,0.59,2.67,2.29,0.0
2089,9.56,4.91,67.32,21.62,2.65,3.2,0.51,0.05,0.0,1.49
2090,6.44,4.21,68.83,71.75,1.64,4.06,1.07,2.39,4.02,0.0
2091,7.78,2.65,50.01,72.21,4.61,3.32,1.53,3.75,1.29,1.74
2092,5.7,6.09,40.64,81.43,4.6,1.79,2.73,1.28,2.2,0.26
2093,5.75,2.97,39.38,51.94,1.56,1.46,2.17,2.55,2.93,0.72
2094,9.6,4.21,60.36,62.7,4.25,3.46,1.28,2.29,0.71,1.78
2095,7.04,2.43,37.32,58.35,1.99,2.5,1.68,0.74,2.1,1.26
2096,13.04,4.43,73.59,23.44,2.23,5.82,0.27,0.0,0.88,0.86
2097,0.5,6.26,28.63,72.39,4.63,0.0,2.36,0.81,0.51,1.1
2098,5.03,5.43,38.99,93.87,3.4,3.48,2.2,1.03,0.96,0.66
2099,6.84,3.02,41.41,53.6,2.79,2.49,1.8,2.96,3.64,1.33
2100,8.38,3.48,52.71,61.92,5.15,0.12,2.13,2.33,1.47,1.0
2101,6.39,3.46,28.76,74.62,3.0,0.05,0.49,1.41,0.8,1.07
2102,8.64,6.73,46.54,45.64,3.11,2.7,2.66,4.84,0.1,0.38
2103,8.5,1.8,63.69,34.46,3.36,1.32,1.05,0.0,3.0,1.23
2104,5.25,0.56,47.1,27.96,5.07,2.68,0.0,1.49,0.0,1.79
2105,4.69,2.45,59.06,51.3,3.09,1.98,0.0,1.48,4.38,0.99
2106,5.29,4.42,49.36,75.67,2.12,3.69,0.89,2.64,0.0,0.0
2107,4.22,4.06,41.73,47.98,2.56,2.3,2.45,2.06,1.27,0.0
2108,8.28,9.16,63.27,78.63,2.64,0.0,0.33,0.77,3.33,1.4
2109,9.51,5.86,40.91,44.55,4.25,1.06,3.98,3.03,2.03,0.99
2110,5.92,4.57,85.96,76.51,0.06,2.79,0.75,2.0,6.88,0.01
2111,6.8,4.92,35.47,63.83,0.96,0.4,0.17,1.64,3.0,1.38
2112,6.21,4.92,41.6,87.08,5.99,0.85,3.67,1.27,2.12,0.94
2113,2.93,0.0,53.76,54.03,3.33,0.43,0.59,0.0,2.04,2.16
2114,6.07,5.02,30.99,53.52,3.42,2.49,1.16,0.26,3.54,0.49
2115,6.04,6.37,73.24,38.72,1.15,0.8,0.0,0.73,2.23,1.73
2116,5.68,3.34,45.23,39.24,2.07,2.23,2.16,0.28,0.0,0.47
2117,2.03,5.33,25.34,54.15,2.04,1.05,0.0,2.42,1.19,0.65
2118,1.18,4.78,43.41,71.61,2.31,0.72,1.24,2.87,0.85,1.12
2119,6.88,3.17,46.81,49.24,3.49,2.45,2.88,2.32,0.92,0.45
2120,8.79,3.34,39.61,75.12,6.55,0.0,1.47,0.88,0.83,1.76
2121,11.56,5.32,31.75,40.61,3.6,1.65,2.12,2.49,0.0,0.85
2122,5.97,4.64,43.74,52.11,2.03,2.61,1.39,3.75,0.63,1.6
2123,4.65,6.73,23.03,52.44,3.04,0.0,1.83,3.83,2.46,2.1
2124,5.08,5.04,61.22,51.13,1.42,1.44,0.0,1.75,3.28,0.71
2125,0.5,4.89,67.92,62.16,5.52,1.23,2.09,4.26,0.71,0.0
2126,7.2,3.18,59.17,36.33,1.78,0.7,0.28,0.52,2.8,0.33
2127,8.53,0.86,25.11,54.45,3.41,2.35,0.06,4.94,1.97,1.11
2128,4.84,2.46,30.93,11.23,1.64,4.74,0.0,3.01,1.14,0.0
2129,7.45,2.96,48.31,59.22,3.53,2.78,0.0,0.0,0.22,1.22
2130,6.38,3.74,44.33,42.43,2.39,2.01,2.3,2.9,2.48,1.06
2131,6.01,1.24,56.64,75.92,6.48,1.98,3.49,1.84,4.88,1.97
2132,7.04,6.1,25.45,81.42,0.66,0.0,0.76,3.22,2.32,0.94
2133,8.6,4.06,59.89,57.87,4.43,1.73,1.01,2.83,1.78,0.93
2134,8.79,7.2,48.94,75.6,4.08,2.18,1.81,1.13,2.72,1.86
2135,0.5,3.69,53.48,66.91,2.02,3.72,1.68,2.83,3.27,0.73
2136,5.19,5.14,51.81,24.35,0.46,1.24,0.64,2.24,3.46,2.06
2137,4.65,5.57,47.33,48.23,1.54,0.0,2.62,2.48,0.71,0.42
2138,6.99,0.75,24.79,69.94,5.25,2.05,2.29,0.0,2.28,2.27
2139,8.81,2.47,29.27,36.1,4.27,1.93,0.92,3.59,0.0,1.6
2140,4.12,5.28,22.25,54.91,4.54,0.0,0.0,3.35,1.65,1.51
2141,10.44,3.17,62.64,47.4,2.16,0.75,1.37,3.15,1.27,0.73
2142,6.79,3.64,42.75,35.37,3.06,0.15,1.63,1.92,1.13,1.71
2143,1.89,2.46,45.3,32.26,5.11,1.19,2.85,4.03,0.67,0.0
2144,2.72,3.97,30.31,43.9,0.97,2.95,0.0,0.87,2.68,0.23
2145,1.71,2.79,44.05,34.48,1.98,2.0,2.64,2.65,2.64,0.92
2146,12.17,6.37,46.11,35.73,0.0,2.27,1.26,0.53,0.0,0.53
2147,7.4,4.13,57.27,71.98,4.25,4.53,1.38,1.3,0.0,0.0
2148,4.78,5.34,20.27,70.62,4.07,0.4,1.4,3.35,0.17,0.0
2149,3.09,5.12,20.06,47.62,5.85,1.48,0.52,4.89,1.17,0.63
2150,3.85,1.28,45.22,66.47,5.18,2.15,0.43,2.66,3.63,0.52
2151,9.36,4.68,39.25,55.94,2.11,0.0,0.45,1.95,2.85,2.4
2152,5.33,4.25,45.53,100.0,4.8,0.0,1.11,3.05,4.36,0.53
2153,2.25,7.82,20.6,58.14,2.67,2.04,1.35,3.85,0.37,2.06
2154,8.4,1.73,38.23,69.51,2.4,1.78,0.84,3.89,2.72,0.82
2155,3.08,3.25,56.5,36.2,2.23,1.35,0.01,2.63,3.41,2.47
2156,4.02,6.36,34.85,38.79,4.66,2.22,0.62,5.47,4.05,0.4
2157,2.92,5.24,55.38,73.17,2.68,2.18,0.99,1.87,3.1,0.05
2158,4.77,5.51,43.07,46.02,4.1,2.52,2.04,1.84,0.0,0.09
2159,10.25,2.39,63.93,81.25,6.93,2.05,2.19,0.21,2.75,0.0
2160,2.16,5.44,66.68,77.19,5.35,0.32,1.59,3.75,1.3,1.26
2161,4.57,3.08,16.85,50.16,1.05,3.19,0.39,3.42,3.53,1.96
2162,10.08,3.58,32.49,49.54,1.36,2.84,1.51,0.58,1.82,0.1
2163,9.23,6.21,54.48,56.22,3.19,2.85,2.52,1.87,0.36,1.61
2164,4.0,2.58,33.0,49.76,3.7,1.19,0.74,1.83,2.97,0.72
2165,5.91,2.07,49.85,31.12,2.48,2.53,0.0,2.51,3.08,1.14
2166,6.98,4.19,38.71,30.97,3.29,0.0,2.57,0.0,3.12,0.94
2167,6.2,2.09,53.19,35.03,1.63,3.53,1.9,0.1,2.6,0.64
2168,3.83,2.31,53.6,54.41,3.09,2.84,0.55,2.75,3.09,1.07
2169,6.1,4.48,26.86,71.98,3.75,3.75,2.4,3.27,0.65,1.74
2170,6.8,5.06,27.74,72.63,3.34,3.15,1.46,2.22,1.82,1.02
2171,1.24,6.3,64.2,57.15,2.98,2.56,2.0,2.69,2.02,0.0
2172,10.97,5.87,24.5,55.11,2.73,1.02,2.52,3.1,3.06,0.31
2173,5.26,2.55,29.59,21.57,3.81,2.73,1.82,3.35,3.27,1.01
2174,6.24,6.05,52.47,42.17,3.24,1.36,1.22,0.99,0.0,0.17
2175,0.61,3.13,31.89,63.24,4.02,0.93,0.67,2.51,3.34,1.68
2176,3.65,5.07,53.84,49.32,3.1,3.44,0.62,3.31,1.93,1.2
2177,2.12,2.36,56.87,81.79,1.61,2.04,0.0,0.0,2.92,1.58
2178,7.05,2.81,22.65,15.13,1.62,2.68,1.93,2.18,3.57,1.48
2179,3.07,9.04,17.49,56.15,4.47,3.42,2.5,2.13,2.33,0.63
2180,7.94,2.54,12.95,47.78,3.25,2.22,0.0,0.61,2.62,1.82
2181,5.19,4.4,38.91,61.15,1.0,0.11,0.99,3.83,0.07,1.16
2182,11.47,3.96,48.62,42.69,3.2,2.47,0.0,0.8,0.65,0.06
2183,5.49,0.0,38.01,18.29,2.47,1.34,0.29,0.92,1.99,1.42
2184,4.88,1.4,49.74,37.34,3.99,2.53,2.98,3.11,3.46,1.64
2185,2.99,4.23,35.31,86.75,1.95,2.02,1.3,0.0,1.69,0.0
2186,3.28,1.33,40.08,56.45,2.48,3.79,0.91,0.42,1.63,0.92
2187,2.83,1.85,36.28,85.99,4.06,0.2,0.93,1.14,1.24,1.76
2188,4.49,4.32,48.68,79.49,0.93,2.22,1.21,2.92,1.53,0.18
2189,6.47,4.85,46.67,100.0,4.94,1.36,3.62,3.81,3.58,0.99
2190,7.21,3.38,55.34,93.61,0.68,0.89,0.0,0.26,1.25,0.0
2191,4.02,4.05,51.59,63.93,4.15,1.42,1.64,1.98,2.91,0.65
2192,1.74,4.23,67.38,63.12,3.1,4.26,2.87,1.87,1.22,1.11
2193,6.79,3.43,39.45,32.63,0.67,0.0,1.31,2.54,2.51,1.42
2194,5.8,0.11,48.08,32.39,2.29,0.54,2.93,0.65,4.27,2.65
2195,4.01,2.84,42.11,63.65,2.51,4.88,0.06,0.39,0.03,0.14
2196,6.74,6.84,48.76,42.15,2.83,1.16,2.39,2.55,2.33,1.34
2197,6.44,1.98,70.47,46.77,3.39,1.87,0.0,2.31,2.41,1.55
2198,14.25,9.88,62.59,52.47,3.66,1.86,0.7,0.24,1.48,0.3
2199,5.76,3.58,43.45,27.39,6.22,2.26,0.73,0.0,2.4,0.97
2200,1.18,6.49,46.38,62.37,3.23,3.21,2.37,2.54,0.18,1.61
2201,3.74,6.53,32.76,50.87,1.47,0.37,1.97,2.48,0.87,1.36
2202,6.46,1.95,45.46,65.78,5.0,1.71,1.5,3.1,3.04,1.18
2203,5.92,2.78,37.57,63.69,4.65,2.24,1.4,1.05,0.0,0.67
2204,4.58,5.15,22.96,62.56,2.66,1.41,2.67,1.09,2.81,0.55
2205,13.84,4.33,41.97,84.99,3.03,1.48,4.53,1.99,2.14,0.92
2206,9.45,2.39,52.46,50.2,2.43,1.61,0.13,3.8,1.45,2.76
2207,7.08,1.28,57.08,100.0,2.39,0.98,0.0,1.08,0.0,0.56
2208,4.54,4.39,52.79,64.98,3.47,2.8,2.85,2.39,2.92,0.65
2209,7.82,4.83,48.6,74.66,2.04,1.08,0.0,3.61,0.77,1.91
2210,9.21,2.82,29.77,32.78,3.37,2.74,0.0,1.88,0.0,0.87
2211,6.66,2.96,49.12,30.51,5.98,3.11,3.16,1.28,2.63,1.91
2212,0.5,0.58,63.52,21.19,6.05,4.1,0.0,0.91,2.62,0.17
2213,8.54,4.24,39.41,18.76,1.15,2.94,2.78,1.34,1.22,1.38
2214,4.54,2.95,38.81,14.09,4.6,1.88,0.98,1.46,4.1,0.57
2215,6.3,5.72,51.92,45.56,3.75,2.25,2.34,0.0,0.13,0.64
2216,2.55,3.75,39.1,45.74,5.27,1.79,1.46,0.58,0.48,0.03
2217,7.88,2.52,35.01,20.85,2.47,3.74,0.21,3.41,2.67,0.76
2218,10.66,2.83,64.76,83.59,1.47,0.81,0.0,2.15,1.79,1.06
2219,2.56,3.59,52.89,42.54,1.47,2.72,0.0,0.28,0.98,0.0
2220,8.87,4.05,61.13,44.57,1.72,2.41,2.66,2.33,0.95,0.71
2221,5.45,3.86,44.26,32.35,3.05,0.62,0.0,1.75,4.74,0.19
2222,6.29,1.22,39.5,62.38,5.84,5.51,3.16,2.05,0.0,0.04
2223,3.36,4.4,67.58,20.19,4.49,6.08,2.39,2.53,2.73,0.0
2224,13.97,3.8,23.75,14.7,1.61,2.01,1.21,1.84,0.71,1.28
2225,2.69,3.77,62.82,62.29,6.12,4.32,2.16,1.73,3.08,0.31
2226,10.22,5.28,46.26,27.28,3.25,2.33,1.24,1.42,2.0,2.54
2227,0.72,4.19,53.69,54.22,5.89,2.16,3.59,2.12,1.19,1.01
2228,10.52,4.56,50.98,42.37,0.89,1.67,2.22,0.0,1.74,0.52
2229,4.0,8.31,34.39,32.59,2.86,0.99,0.29,2.67,2.8,0.41
2230,7.03,4.78,58.94,66.2,4.32,3.21,2.43,2.92,3.36,1.09
2231,5.1,3.56,55.24,59.61,4.21,2.19,1.88,1.52,0.0,0.0
2232,11.06,4.53,66.39,62.56,5.52,1.49,1.17,1.23,2.37,1.43
2233,0.5,1.54,54.36,21.5,1.65,0.0,2.18,5.12,0.0,0.0
2234,4.69,5.73,31.01,87.92,2.75,3.09,1.96,2.07,1.02,1.85
2235,7.0,4.97,31.81,77.85,1.6,1.98,0.37,2.45,2.92,0.86
2236,5.86,0.0,84.37,62.33,0.58,2.07,0.65,4.84,1.55,1.06
2237,11.5,6.99,58.74,49.87,5.0,1.94,3.78,0.09,0.84,0.48
2238,7.65,7.47,33.53,58.84,4.33,1.99,3.62,2.75,0.75,0.88
2239,5.94,5.32,47.95,70.55,0.0,2.78,1.77,2.47,1.54,1.58
2240,5.42,3.26,22.14,67.36,6.8,0.95,5.04,1.67,5.06,0.79
2241,7.67,5.6,24.5,49.02,1.57,1.57,1.69,2.36,2.5,2.09
2242,0.5,2.22,35.25,42.15,2.35,0.0,3.1,3.19,2.49,0.0
2243,4.53,3.52,49.26,66.95,5.34,0.86,1.67,2.8,3.67,0.51
2244,5.98,2.29,38.25,75.52,2.1,3.27,0.0,3.77,0.0,0.0
2245,6.56,5.63,48.17,49.82,1.18,1.36,1.07,2.41,1.5,3.46
2246,7.5,3.01,38.45,77.84,3.03,5.53,1.5,1.62,0.66,0.0
2247,7.82,3.78,39.42,72.48,4.49,0.48,2.89,2.15,4.05,0.54
2248,0.5,4.69,32.32,65.07,3.62,3.11,3.15,4.34,1.66,1.68
2249,9.7,5.04,42.55,29.3,6.2,3.42,3.28,1.63,1.64,0.16
2250,6.79,3.03,25.71,57.96,5.02,3.14,0.76,2.23,3.09,1.94
2251,3.54,8.12,14.81,81.4,5.98,3.45,0.97,3.79,4.1,0.0
2252,1.82,1.36,43.25,95.8,3.99,0.77,2.65,2.03,2.73,0.0
2253,8.39,1.26,71.07,73.87,1.73,1.97,1.93,0.0,0.76,1.08
2254,9.47,3.25,52.71,59.41,4.53,3.79,2.23,1.5,1.14,0.86
2255,12.36,5.43,33.18,36.48,4.08,1.21,5.23,3.04,3.12,0.0
2256,2.44,1.35,51.68,55.1,3.77,2.63,0.65,1.41,2.87,1.27
2257,8.57,4.4,17.9,43.15,1.61,2.04,3.64,3.09,3.09,2.0
2258,8.27,1.83,58.05,22.81,3.88,0.0,1.55,1.59,2.87,0.0
2259,5.87,7.69,73.21,39.46,4.21,1.75,3.25,0.99,2.13,0.0
2260,3.87,1.67,21.52,27.93,3.53,0.0,4.03,2.91,3.27,0.49
2261,6.21,3.48,39.91,33.89,5.78,1.25,1.23,1.32,3.37,1.65
2262,2.31,5.0,48.92,34.6,1.98,1.87,0.08,1.99,0.67,0.75
2263,3.71,3.4,69.08,46.91,3.62,3.54,0.0,0.0,1.88,2.4
2264,6.82,2.81,42.6,85.9,5.39,0.0,1.24,2.89,2.61,1.66
2265,4.51,6.3,45.42,30.32,3.56,4.03,0.0,0.15,2.06,2.39
2266,7.98,0.93,25.02,66.63,3.74,1.22,0.0,0.0,2.87,1.33
2267,3.73,5.98,56.62,45.81,5.08,0.54,2.88,2.53,4.31,0.67
2268,13.26,3.81,48.29,54.09,5.75,0.14,3.5,1.25,1.97,1.31
2269,3.52,6.07,40.54,59.39,3.41,0.66,1.84,1.54,1.94,2.17
2270,5.16,3.31,19.11,48.9,4.48,1.23,3.08,5.22,0.35,0.44
2271,0.5,3.81,74.62,80.91,2.83,1.52,0.63,4.54,1.35,0.34
2272,3.5,1.44,40.06,51.15,2.78,5.02,2.71,2.33,2.97,2.73
2273,5.38,5.71,12.94,59.27,3.49,1.65,2.36,2.46,0.15,0.0
2274,7.8,3.63,50.57,50.23,2.62,0.0,2.28,3.24,3.42,0.66
2275,5.86,2.3,44.08,26.12,4.84,4.31,0.0,5.03,1.7,0.18
2276,10.78,3.49,40.45,58.3,2.68,2.23,1.33,3.28,0.02,0.1
2277,8.41,1.91,39.71,52.76,3.03,2.47,1.54,2.1,1.17,0.52
2278,5.86,3.2,50.17,79.26,2.97,3.3,1.06,2.32,2.66,0.48
2279,5.06,1.69,50.33,69.43,2.78,1.18,2.54,4.14,5.27,2.98
2280,9.74,2.53,44.63,26.84,3.86,3.55,3.36,0.0,2.8,1.72
2281,6.57,3.55,57.82,88.07,7.32,0.45,2.46,0.26,0.85,1.13
2282,14.25,4.08,37.07,54.92,3.1,0.15,0.0,0.05,1.83,2.55
2283,9.15,5.87,41.2,51.73,3.41,3.27,1.18,3.03,4.42,0.51
2284,1.84,5.33,30.3,52.64,3.82,3.58,3.84,4.77,0.0,0.97
2285,2.48,4.26,66.31,21.26,1.29,3.28,2.14,3.05,0.13,1.65
2286,3.07,2.39,48.44,52.17,2.14,2.44,1.03,1.73,1.64,1.0
2287,3.36,0.0,59.29,67.37,4.26,3.95,1.07,3.66,1.58,1.27
2288,0.81,2.69,47.03,54.36,2.78,1.86,4.13,4.13,2.46,1.43
2289,6.89,5.51,62.31,50.26,4.88,1.12,0.67,1.74,1.25,0.53
2290,3.43,2.52,47.84,47.9,5.72,2.65,2.71,1.01,1.08,0.81
2291,5.77,2.81,36.36,71.38,3.66,2.07,0.0,2.32,2.28,0.25
2292,1.52,4.5,12.03,45.33,3.28,0.91,1.06,0.61,4.56,0.34
2293,4.94,3.77,58.47,50.79,3.3,1.66,0.0,2.15,3.74,0.0
2294,5.8,1.14,36.72,55.23,2.46,0.91,2.6,1.07,0.71,1.56
2295,5.48,4.83,31.62,63.27,4.74,0.54,1.17,2.04,3.86,1.15
2296,3.35,6.68,24.38,58.2,3.81,1.34,1.9,4.19,0.82,0.45
2297,1.97,5.18,51.9,44.26,3.03,1.73,0.21,2.19,0.99,2.58
2298,6.59,6.16,40.51,59.13,4.17,3.97,1.11,0.0,0.0,1.05
2299,4.96,5.1,36.92,44.4,3.2,0.35,1.86,2.92,1.17,1.1
2300,4.42,8.02,15.21,71.96,2.67,2.18,0.0,1.37,2.08,0.0
2301,5.65,0.45,54.03,64.86,3.0,0.91,1.75,2.91,1.14,0.26
2302,2.72,2.74,63.22,58.58,3.07,1.42,1.19,1.46,1.26,0.85
2303,4.79,5.43,34.43,23.43,2.99,0.0,2.17,3.68,2.92,0.77
2304,6.13,6.99,31.14,47.58,3.16,0.75,1.9,4.79,0.0,0.33
2305,2.82,3.32,30.23,59.71,3.31,2.65,2.33,5.0,1.89,0.06
2306,4.22,3.97,37.92,55.89,1.76,0.49,0.32,3.72,2.78,1.38
2307,7.67,4.97,37.14,48.33,4.22,2.52,1.76,3.79,2.77,1.25
2308,5.66,1.44,36.22,36.78,2.49,4.06,0.0,3.73,2.38,1.51
2309,5.3,0.82,47.06,15.9,4.66,0.89,2.35,0.0,1.51,0.47
2310,6.42,3.07,47.71,57.22,4.88,2.12,2.23,3.41,2.36,0.8
2311,2.77,2.04,11.59,20.78,6.08,1.22,2.53,3.63,1.95,0.04
2312,4.37,5.01,64.37,64.68,5.13,1.14,0.41,2.3,1.35,0.0
2313,9.05,5.26,44.35,73.53,3.2,2.7,1.07,4.0,0.49,0.04
2314,6.47,3.83,38.57,51.44,5.42,1.47,3.45,0.57,1.54,0.37
2315,7.06,4.49,18.69,52.0,4.91,0.29,1.28,1.99,0.73,0.43
2316,8.56,4.54,44.52,79.36,3.7,1.32,2.07,1.21,0.59,0.4
2317,2.79,3.26,29.32,66.09,2.48,0.0,0.21,0.15,2.32,0.77
2318,9.93,1.45,37.11,37.71,2.77,3.44,1.26,1.42,0.21,0.26
2319,4.07,3.24,44.39,28.29,3.43,4.97,1.94,1.9,0.62,0.61
2320,7.3,2.77,68.36,59.76,0.0,0.0,0.0,2.51,1.56,0.14
2321,1.56,1.87,19.36,100.0,3.01,4.88,2.11,3.24,0.0,1.95
2322,8.35,5.7,31.91,71.33,2.31,1.44,3.18,0.2,0.0,0.0
2323,3.05,0.52,37.55,52.32,3.27,0.0,0.0,1.86,5.5,1.97
2324,5.19,2.02,60.91,60.59,4.43,1.84,2.03,0.33,4.3,0.0
2325,5.0,1.79,33.51,96.92,4.55,1.17,3.81,0.47,3.98,1.27
2326,4.46,2.61,33.01,95.74,4.03,3.02,2.35,2.58,2.74,0.0
2327,7.29,2.42,67.84,50.88,3.22,2.79,0.55,4.01,0.56,0.15
2328,4.54,0.67,46.71,51.25,2.55,3.54,0.0,0.0,0.97,1.44
2329,7.88,5.96,54.9,92.44,4.31,1.21,1.09,2.34,3.56,1.78
2330,6.32,1.01,47.52,47.76,1.96,4.01,0.69,0.0,2.99,2.44
2331,5.95,1.24,63.15,92.77,2.87,2.68,3.56,0.67,1.83,0.75
2332,4.64,3.51,51.28,61.3,4.43,2.85,2.48,4.84,1.6,0.0
2333,4.76,0.75,38.37,45.2,2.08,1.48,1.24,0.0,4.52,1.64
2334,7.12,3.82,30.54,34.33,1.44,0.0,0.54,3.82,1.44,1.62
2335,4.02,4.2,32.14,41.29,5.47,0.46,2.3,0.0,0.63,1.7
2336,4.25,0.39,40.81,91.75,2.46,2.35,0.28,1.32,1.24,0.67
2337,4.25,4.16,54.91,47.3,2.84,3.37,0.52,1.59,2.09,1.14
2338,1.54,1.8,70.89,41.03,5.53,1.22,1.28,2.55,0.0,1.06
2339,8.49,5.39,67.97,78.94,1.14,4.66,1.65,0.0,2.31,0.4
2340,8.83,5.68,81.52,45.38,4.72,0.83,1.23,3.09,2.11,0.0
2341,9.12,4.61,56.79,49.06,3.16,4.38,2.31,1.7,4.57,1.19
2342,7.55,3.5,47.26,42.39,5.35,2.67,4.2,4.49,0.9,0.06
2343,8.74,6.28,76.74,59.1,5.4,3.98,0.45,1.18,1.39,0.65
2344,1.91,6.25,27.48,64.87,4.84,0.0,2.73,3.96,2.44,0.72
2345,4.93,0.41,27.24,71.42,2.97,3.57,0.0,0.0,2.33,0.0
2346,4.81,0.27,41.55,50.87,2.91,2.09,1.0,2.95,3.36,0.37
2347,6.65,4.36,38.33,60.52,6.27,1.72,4.1,0.86,4.41,0.0
2348,5.4,5.57,21.51,99.65,5.93,2.13,2.81,3.25,2.89,0.83
2349,8.26,3.8,31.36,62.54,5.46,2.65,0.65,2.21,0.4,0.0
2350,9.54,3.25,62.19,10.66,6.28,1.1,1.7,1.76,0.0,2.33
2351,8.43,3.41,74.48,61.25,3.34,2.97,0.57,1.95,0.56,0.53
2352,3.35,5.35,52.64,60.75,3.56,0.09,0.02,1.82,2.37,1.1
2353,8.48,5.56,36.75,47.57,4.08,4.03,4.06,0.0,2.9,0.97
2354,10.25,2.56,22.6,78.8,3.4,0.0,3.15,0.17,2.17,0.67
2355,4.25,2.84,37.93,52.3,2.78,1.53,0.0,2.64,2.32,0.77
2356,8.63,4.64,34.25,63.11,3.84,0.05,1.4,2.41,2.0,1.63
2357,0.5,6.36,69.54,49.16,5.35,3.05,0.65,3.83,0.0,0.22
2358,8.59,1.02,54.88,76.02,2.44,4.38,4.31,2.8,4.29,1.91
2359,1.75,6.74,56.1,100.0,4.58,0.05,0.0,2.6,1.11,0.0
2360,8.38,2.92,67.29,59.8,3.0,0.53,0.0,1.67,1.28,1.63
2361,5.97,2.34,45.24,90.16,4.48,1.33,2.86,1.0,0.74,1.06
2362,3.97,4.33,70.02,41.77,6.06,0.0,2.77,4.24,0.0,1.13
2363,10.43,6.45,45.51,33.08,4.88,4.37,3.04,1.47,1.88,2.32
2364,4.26,2.48,49.22,49.12,4.02,2.56,1.64,2.67,0.88,1.91
2365,6.27,5.31,28.85,57.6,4.41,1.08,1.19,2.74,0.08,0.81
2366,8.21,3.52,33.4,76.83,3.47,0.0,2.47,3.92,4.07,1.15
2367,4.37,0.48,46.68,93.1,4.45,1.44,1.26,2.47,0.37,1.05
2368,7.22,1.85,62.26,100.0,1.54,1.8,1.68,2.81,0.0,0.54
2369,5.11,6.56,67.84,47.31,5.03,2.87,1.23,4.36,3.09,0.38
2370,6.93,3.94,31.2,37.3,0.0,1.19,0.87,1.31,1.73,1.38
2371,7.98,4.51,73.73,43.08,3.87,3.05,1.79,1.15,2.56,0.74
2372,4.53,4.42,43.96,97.14,7.81,1.02,4.51,2.91,3.82,0.32
2373,4.31,3.74,58.3,72.43,2.49,2.13,2.85,3.7,0.0,0.86
2374,6.54,8.04,41.75,70.38,2.99,2.62,2.85,2.98,0.7,0.44
2375,10.48,3.43,32.4,52.31,3.67,2.76,0.0,0.09,0.86,0.0
2376,6.87,3.01,86.48,76.16,0.53,1.62,0.11,1.64,2.9,0.49
2377,6.96,4.51,59.69,20.35,3.85,2.56,0.61,2.03,0.25,1.0
2378,8.24,3.52,46.38,60.79,0.84,2.82,0.94,0.0,1.4,1.83
2379,6.29,8.23,32.01,26.97,2.24,3.71,1.76,1.43,0.6,0.0
2380,1.71,6.34,64.51,71.83,3.34,4.24,2.85,4.37,0.39,1.67
2381,7.87,2.89,62.06,84.1,1.59,1.86,2.85,3.12,0.25,0.41
2382,0.5,5.0,54.93,69.62,2.47,1.35,0.11,3.93,0.39,0.92
2383,4.66,6.18,65.63,45.45,3.69,2.02,2.42,0.73,1.66,1.9
2384,5.6,5.99,73.15,51.45,4.31,0.61,0.1,0.0,1.09,0.99
2385,7.55,2.18,56.43,58.55,4.6,0.22,1.64,3.36,4.02,0.76
2386,5.83,3.04,43.47,33.52,2.44,1.41,1.17,2.54,1.83,0.99
2387,4.4,3.85,71.08,25.64,1.21,2.87,1.34,4.99,6.91,1.33
2388,1.26,7.72,53.68,37.07,3.12,0.71,1.55,1.56,0.89,0.29
2389,0.5,3.97,52.28,45.96,6.26,2.62,1.25,5.4,5.03,0.11
2390,4.1,4.41,49.52,68.45,5.25,3.29,3.89,0.74,2.21,0.0
2391,9.51,4.86,71.71,57.27,2.11,0.0,0.0,2.19,2.24,2.62
2392,10.06,4.95,54.77,69.42,2.82,2.85,0.85,0.12,2.33,1.46
2393,8.48,4.3,35.33,33.52,2.52,6.13,0.43,1.47,2.74,1.5
2394,8.87,7.42,31.89,63.88,2.14,0.0,1.17,0.0,2.07,0.29
2395,2.31,0.71,84.19,47.58,1.77,3.01,1.77,2.64,1.82,0.0
2396,2.86,3.57,65.48,38.42,5.15,1.17,0.9,0.19,0.23,0.27
2397,1.32,1.97,43.12,72.76,6.0,3.74,2.86,2.56,2.06,0.3
2398,12.31,5.04,65.38,56.92,2.5,2.29,0.39,1.37,1.15,0.0
2399,0.5,1.35,27.32,24.56,6.94,0.59,3.66,3.66,2.43,1.5
2400,4.28,2.62,18.9,67.09,5.74,3.36,1.61,2.39,2.72,1.55
2401,6.21,2.25,49.43,64.45,4.53,2.04,2.57,0.6,4.96,1.78
2402,5.99,6.5,59.94,23.37,3.59,1.55,3.29,1.38,2.25,1.63
2403,4.58,0.76,41.75,37.45,2.15,0.73,1.49,4.18,1.59,1.32
2404,1.48,1.46,23.25,53.18,3.72,1.71,0.09,1.68,0.83,0.84
2405,6.12,5.18,39.43,88.37,4.81,3.8,1.8,2.43,4.11,0.0
2406,2.38,4.07,55.15,43.61,3.42,2.84,0.25,2.35,0.2,1.33
2407,4.99,9.22,48.59,55.1,3.42,0.0,0.23,0.0,0.0,0.55
2408,0.5,2.13,31.88,49.27,3.07,4.22,1.68,2.52,3.22,1.36
2409,1.76,5.85,19.1,37.15,4.99,2.59,2.15,0.63,2.81,0.3
2410,4.82,4.45,57.31,34.72,3.09,4.52,3.22,6.02,0.82,0.32
2411,8.21,5.78,53.17,52.63,3.5,3.66,2.15,4.49,1.27,0.0
2412,4.02,5.41,58.45,70.51,4.64,0.21,0.84,4.06,1.02,1.07
2413,4.8,3.29,54.26,44.87,4.82,2.69,1.89,3.18,0.0,0.41
2414,12.57,6.73,48.19,29.11,1.0,0.98,1.45,4.54,1.73,0.33
2415,5.71,4.7,40.29,47.94,2.9,3.3,1.3,1.71,2.8,3.29
2416,4.0,0.0,64.29,64.2,0.75,0.0,1.11,1.57,2.09,0.59
2417,8.17,5.38,54.73,60.35,3.18,3.5,2.53,1.87,3.27,0.0
2418,8.03,0.87,21.28,57.21,3.19,2.19,1.72,1.62,2.19,0.88
2419,11.26,2.2,45.09,40.26,1.33,4.15,2.24,2.87,0.0,0.41
2420,7.27,4.54,28.39,71.68,3.93,1.54,2.79,3.63,1.79,0.27
2421,6.36,5.2,44.73,26.23,0.22,0.22,1.71,1.3,2.48,0.5
2422,4.66,1.04,43.65,71.62,3.83,1.94,0.0,2.06,0.0,0.0
2423,11.43,0.75,25.32,83.06,6.37,1.69,1.9,1.89,1.19,0.49
2424,6.16,0.92,52.66,39.65,4.7,2.78,0.92,0.17,1.32,0.73
2425,8.27,4.73,76.4,65.55,5.51,4.39,3.22,6.03,0.35,0.0
2426,7.92,2.97,41.52,66.73,5.98,0.4,2.06,3.49,1.86,1.58
2427,4.49,2.44,40.26,62.75,1.69,2.29,1.31,1.04,2.38,0.0
2428,6.49,1.98,29.06,62.77,1.96,0.0,2.96,3.77,3.1,0.64
2429,4.03,4.38,33.47,91.89,2.01,1.96,1.2,2.93,1.96,0.99
2430,5.24,2.54,48.55,53.44,3.74,1.66,2.39,0.0,0.54,0.54
2431,2.27,0.16,47.22,36.21,5.68,2.25,0.17,0.0,4.35,3.23
2432,3.26,5.1,45.84,72.23,3.61,0.48,2.8,1.73,1.94,0.63
2433,3.46,2.45,46.03,56.1,4.43,5.02,2.44,0.75,1.52,1.54
2434,2.07,4.82,32.92,45.33,4.24,2.03,0.83,0.0,1.26,0.0
2435,5.56,2.48,66.6,59.6,3.34,2.67,0.0,3.57,4.37,0.66
2436,9.86,4.47,31.45,20.55,4.82,1.56,0.72,0.64,3.38,1.17
2437,5.39,4.9,39.09,33.51,3.09,3.75,1.13,0.61,0.0,2.16
2438,4.18,4.33,54.35,43.47,3.89,2.23,2.29,3.36,3.01,1.79
2439,0.5,3.42,38.57,74.83,3.89,0.08,0.97,1.42,1.92,0.89
2440,10.83,0.0,33.31,39.76,6.47,2.89,1.82,1.1,1.63,1.82
2441,3.4,2.48,55.51,44.33,3.45,6.34,1.4,4.25,2.39,0.0
2442,8.37,3.81,34.49,33.32,1.85,2.73,1.69,0.0,0.0,2.85
2443,9.46,4.64,39.6,26.86,2.94,0.0,0.0,1.99,0.53,0.46
2444,2.56,2.25,59.76,44.22,2.7,3.37,1.02,1.41,3.06,0.05
2445,9.25,5.26,62.01,63.65,3.62,0.0,0.77,1.62,3.96,1.0
2446,11.45,3.51,16.45,29.17,3.83,0.21,2.95,2.2,2.4,1.02
2447,10.01,5.89,31.6,47.96,6.62,2.62,1.93,3.29,0.0,1.77
2448,8.02,1.3,65.18,77.34,3.46,1.52,0.7,1.82,4.26,1.72
2449,3.13,4.67,63.6,78.59,2.86,2.94,1.96,1.8,0.24,0.0
2450,13.77,4.06,39.36,89.58,4.39,0.66,1.9,1.65,2.24,2.99
2451,10.5,4.89,33.97,51.65,5.33,0.36,1.8,2.68,2.68,0.89
2452,7.57,1.14,59.12,57.51,1.27,1.9,0.0,1.17,1.65,0.0
2453,8.87,2.8,0.0,49.8,4.73,0.22,2.74,0.37,2.39,2.0
2454,2.89,4.75,61.64,52.53,3.2,2.76,2.42,0.32,1.85,1.15
2455,10.8,7.45,16.47,39.32,4.2,0.0,2.09,0.14,0.0,0.3
2456,9.67,5.29,46.72,59.23,2.59,0.76,0.77,1.24,2.18,0.38
2457,1.87,7.86,23.57,30.54,2.84,2.7,2.47,1.0,3.34,1.66
2458,9.46,5.98,29.18,52.53,7.75,2.94,2.62,0.62,2.71,0.02
2459,10.01,6.89,44.94,40.96,1.85,0.55,0.0,1.09,0.0,0.86
2460,3.57,0.0,54.29,56.85,3.19,0.34,0.57,0.43,1.8,0.35
2461,5.7,2.94,43.26,53.46,6.27,2.0,0.87,0.77,1.79,1.78
2462,5.15,4.84,57.57,21.62,0.97,2.62,0.0,1.76,2.57,0.0
2463,1.58,3.64,59.31,41.11,2.58,0.0,1.36,2.67,0.53,0.71
2464,9.69,4.67,45.44,65.78,0.0,1.6,3.06,3.86,0.09,0.0
2465,6.99,5.29,24.76,66.27,5.57,4.63,3.12,3.19,1.18,0.0
2466,11.4,3.56,34.93,23.46,2.65,3.27,1.82,1.68,2.85,1.45
2467,4.19,0.62,26.67,59.0,3.63,1.32,1.25,1.91,2.84,1.36
2468,6.0,1.6,29.29,39.2,1.07,0.68,0.22,0.69,0.0,0.7
2469,2.11,3.08,27.17,50.3,4.18,1.9,3.41,3.14,1.21,0.61
2470,4.36,6.08,18.5,41.78,5.12,0.4,0.0,2.17,2.82,1.52
2471,11.89,1.2,26.65,70.68,4.87,3.04,1.84,0.0,3.38,1.89
2472,11.03,7.69,52.55,40.24,2.91,2.12,1.85,0.76,1.32,0.2
2473,8.12,2.99,42.46,51.43,5.23,1.88,1.08,1.64,5.32,1.08
2474,8.19,7.13,37.25,43.28,2.18,3.53,3.57,3.33,2.1,1.02
2475,0.5,1.82,45.03,66.36,4.21,1.29,2.63,2.76,2.62,1.05
2476,14.38,4.35,27.62,53.5,4.87,2.93,0.0,0.0,1.65,0.99
2477,2.89,3.18,62.69,46.76,4.04,1.01,0.65,1.51,3.01,1.34
2478,5.03,2.74,39.88,72.95,3.72,0.44,0.0,1.27,2.76,1.43
2479,3.71,1.49,77.32,92.33,3.62,1.63,1.84,2.71,2.06,0.0
2480,0.5,3.51,46.0,85.51,2.84,1.1,1.6,3.97,4.29,0.11
2481,4.36,4.79,54.71,77.96,4.0,3.03,2.94,2.24,1.48,0.0
2482,5.2,9.0,33.84,41.64,5.06,0.0,1.58,1.54,3.47,1.07
2483,10.16,5.77,22.83,23.83,4.34,0.0,4.03,3.11,1.74,1.95
2484,7.33,3.84,26.13,28.99,3.47,2.89,1.71,1.63,2.39,0.81
2485,4.57,1.13,54.44,8.12,4.08,3.59,2.6,3.77,0.54,1.45
2486,7.21,6.39,28.05,89.82,1.61,5.17,1.98,4.1,0.0,1.29
2487,1.48,4.8,47.44,93.9,2.97,2.76,2.19,3.94,2.73,0.85
2488,5.63,3.66,62.16,63.86,3.85,1.49,4.48,2.98,3.41,0.0
2489,7.09,6.99,39.7,45.87,2.93,1.14,2.58,0.87,3.85,0.66
2490,8.95,5.66,37.07,41.55,3.45,2.65,0.86,0.19,1.38,0.46
2491,3.22,6.3,30.68,29.45,2.49,0.05,2.95,3.78,3.33,1.22
2492,6.96,1.76,69.86,54.81,4.18,3.44,1.48,2.94,3.86,1.53
2493,6.32,7.76,44.2,57.32,2.46,2.58,0.0,2.99,1.49,0.62
2494,7.57,3.28,44.74,82.21,1.3,0.0,1.14,1.95,1.49,0.76
2495,7.53,4.44,28.98,40.01,3.7,3.8,2.63,3.13,0.28,2.12
2496,3.46,6.08,12.64,60.26,1.41,3.53,0.18,4.34,0.99,1.82
2497,6.13,4.26,51.93,39.37,1.64,1.72,0.56,0.0,0.0,1.84
2498,5.75,2.42,56.58,54.78,4.46,2.94,2.04,2.75,1.59,1.92
2499,5.48,4.36,69.2,45.07,4.78,1.59,3.38,0.44,1.39,0.0
2500,8.97,8.5,22.13,56.35,5.01,1.99,3.71,2.91,0.84,0.94
2501,3.91,0.0,42.29,52.95,2.28,0.0,0.0,0.0,0.0,2.09
2502,12.33,3.37,42.45,69.34,5.11,1.82,1.28,4.27,2.1,1.33
2503,5.56,4.13,38.1,60.25,3.4,2.42,2.51,2.2,0.67,0.18
2504,2.27,5.1,57.87,23.14,4.57,5.13,1.9,2.85,1.87,0.3
2505,7.55,3.34,49.63,79.01,5.89,1.73,3.98,2.65,0.85,0.0
2506,10.46,6.11,29.88,28.03,2.36,0.0,1.82,0.0,2.63,1.25
2507,4.94,8.58,46.27,35.04,2.59,0.85,0.4,3.71,0.83,1.56
2508,5.25,4.58,38.74,73.28,2.28,0.41,0.97,5.12,0.71,1.44
2509,8.7,3.58,24.88,61.91,0.66,1.38,0.0,0.56,2.4,2.03
2510,2.34,4.62,49.84,38.34,4.38,0.54,1.74,0.6,0.0,1.06
2511,4.25,3.03,47.51,80.5,4.52,3.61,1.76,3.96,1.45,0.0
2512,5.11,2.97,29.33,89.05,4.09,2.67,0.0,2.17,1.53,2.37
2513,6.49,4.9,46.91,52.07,3.22,0.0,0.31,0.62,4.25,1.19
2514,2.71,8.12,38.43,70.47,2.94,2.92,1.63,2.49,0.0,0.46
2515,8.79,2.92,66.52,22.06,2.06,6.17,1.2,1.83,0.79,0.11
2516,3.93,3.44,30.38,67.41,3.01,4.22,1.93,5.87,1.6,0.32
2517,4.69,6.4,53.74,38.58,5.03,0.73,3.46,0.0,0.86,0.49
2518,8.85,4.61,56.78,61.56,4.29,0.0,3.44,0.0,0.0,1.53
2519,2.02,5.96,52.96,27.43,4.93,1.25,0.21,2.32,1.02,1.13
2520,9.98,2.46,11.48,69.14,3.52,0.0,3.6,3.01,4.71,2.03
2521,5.05,1.24,36.93,51.47,5.0,0.68,0.86,2.34,1.7,0.73
2522,8.67,1.28,30.24,38.82,4.17,3.74,1.29,0.8,2.42,1.54
2523,6.08,2.48,28.32,36.33,1.84,0.79,1.17,5.22,3.54,1.19
2524,5.88,4.37,64.09,67.79,1.55,3.17,2.02,3.98,0.85,0.09
2525,10.17,2.52,25.12,42.93,5.22,2.62,2.32,3.88,1.97,1.24
2526,8.4,3.13,43.88,74.85,2.0,0.0,1.28,2.72,0.0,1.77
2527,6.69,4.9,44.45,46.11,0.0,0.0,0.38,0.0,0.29,0.88
2528,4.64,6.14,16.34,87.22,3.25,1.64,1.73,1.79,1.75,0.28
2529,7.17,3.55,48.62,56.53,3.95,1.26,0.87,1.53,3.77,0.0
2530,9.06,6.62,42.95,56.76,1.53,1.44,0.08,2.68,3.71,0.0
2531,3.99,0.42,43.89,51.93,3.39,1.44,2.21,1.5,4.1,1.21
2532,11.64,5.9,33.51,56.45,3.97,1.67,2.2,0.2,0.76,0.57
2533,4.36,2.35,60.31,70.12,3.28,1.34,3.06,1.93,2.45,1.36
2534,4.45,4.75,64.32,61.08,1.88,3.01,1.71,2.01,1.7,1.1
2535,13.03,0.0,36.08,44.41,3.61,2.72,0.31,2.24,0.87,0.92
2536,3.68,3.58,53.29,33.08,4.24,1.92,0.0,4.14,0.52,0.79
2537,5.51,4.6,49.34,45.81,3.3,2.23,1.95,4.38,1.74,0.33
2538,4.15,6.01,58.15,53.1,0.0,0.0,0.47,4.24,2.5,2.13
2539,6.77,3.51,24.5,54.22,6.44,0.59,2.2,1.66,1.5,1.9
2540,2.43,1.14,64.73,25.63,5.61,2.8,2.78,2.73,1.01,1.42
2541,5.44,2.66,58.71,77.2,0.96,2.27,0.04,2.91,5.17,1.86
2542,0.5,1.91,34.97,50.29,2.49,0.0,0.45,2.1,0.0,0.0
2543,10.77,3.31,37.04,57.13,4.34,0.32,0.12,2.05,0.33,2.18
2544,9.49,4.33,34.56,49.55,5.5,5.23,2.56,3.71,0.96,1.18
2545,0.53,5.98,31.99,64.53,6.32,1.85,0.0,1.01,0.37,0.36
2546,6.76,3.61,49.6,36.21,4.4,1.55,0.51,3.34,3.13,1.37
2547,7.16,6.88,51.54,77.8,4.8,2.98,2.22,2.87,0.0,0.19
2548,8.75,6.98,40.41,10.32,2.45,2.11,2.84,2.32,0.34,0.0
2549,4.76,7.68,45.31,80.28,3.32,0.0,2.02,4.71,3.69,2.38
2550,6.66,5.06,51.58,63.59,2.64,3.61,0.24,3.05,1.33,0.68
2551,8.72,7.08,37.87,51.93,0.91,1.24,1.13,3.16,0.11,1.09
2552,2.73,5.59,9.85,56.75,4.07,4.7,3.32,4.72,0.0,0.0
2553,9.93,3.26,57.52,39.71,2.11,2.74,1.5,3.72,0.0,0.78
2554,8.54,3.66,43.9,55.83,3.72,0.0,0.0,3.3,0.7,0.14
2555,8.69,1.1,58.34,35.52,2.07,1.73,1.06,0.68,2.85,1.56
2556,10.2,3.65,47.03,70.81,2.89,2.97,1.59,0.42,0.35,2.16
2557,5.09,6.23,55.31,95.58,4.06,1.63,1.36,5.27,0.91,1.43
2558,9.88,3.3,43.17,26.47,0.88,1.23,0.59,2.19,5.03,1.31
2559,7.17,8.16,48.81,61.46,4.04,0.88,1.67,4.04,0.12,0.49
2560,11.54,7.0,36.44,0.83,5.08,5.03,1.24,2.74,1.35,0.0
2561,5.54,3.42,25.01,18.23,3.24,1.97,2.23,0.94,0.0,1.48
2562,9.96,4.44,61.22,45.89,1.59,3.03,1.16,3.81,0.39,0.0
2563,6.33,6.3,26.2,81.49,5.08,1.12,1.38,1.55,1.85,0.9
2564,2.72,5.68,23.85,65.57,0.94,4.12,2.52,4.46,2.7,1.45
2565,7.66,5.51,60.8,48.13,3.12,1.5,0.69,1.53,0.75,1.36
2566,8.81,3.24,56.17,29.82,1.59,0.0,1.45,0.93,1.15,2.21
2567,9.58,0.14,28.82,61.78,4.23,2.45,2.88,4.2,2.05,1.03
2568,2.97,4.92,47.56,64.18,2.78,2.85,2.48,2.08,2.94,0.63
2569,6.01,6.29,41.59,42.05,0.65,1.71,0.0,2.57,1.64,0.3
2570,7.1,6.28,22.25,39.81,2.26,0.23,1.28,1.4,0.59,2.24
2571,3.33,4.32,56.79,29.45,2.07,0.83,2.22,0.0,3.86,1.42
2572,8.8,0.08,16.17,66.17,2.8,4.85,0.0,0.23,2.88,1.97
2573,7.75,5.26,49.21,45.82,6.3,3.65,3.8,5.65,1.14,0.0
2574,5.91,3.18,32.32,60.39,4.33,4.29,0.92,0.0,5.36,0.98
2575,12.91,4.15,48.33,36.7,5.65,1.44,1.53,1.56,0.0,2.37
2576,1.47,3.2,72.04,46.95,3.09,0.0,3.07,3.05,1.81,0.82
2577,6.23,2.17,70.8,57.15,0.49,4.13,0.18,2.93,1.13,0.0
2578,6.36,5.0,71.48,63.18,4.11,0.47,2.35,3.44,0.89,0.6
2579,5.91,3.53,32.45,39.59,5.91,1.45,1.07,3.2,2.67,1.87
2580,9.56,2.59,27.51,22.45,2.84,0.4,3.85,0.0,3.97,2.07
2581,11.94,3.51,64.17,68.19,3.43,1.55,0.57,1.59,2.16,1.9
2582,5.85,3.71,58.28,87.02,4.42,0.24,1.59,0.0,4.05,0.12
2583,6.23,1.4,72.85,34.69,3.02,2.8,0.6,3.72,2.13,0.0
2584,10.44,5.31,53.71,59.46,5.84,2.97,1.64,1.43,3.89,1.16
2585,6.56,1.77,58.82,31.35,3.45,0.35,0.15,3.8,1.49,1.28
2586,5.56,3.7,45.24,48.5,4.06,3.04,1.41,1.36,0.09,0.0
2587,0.5,5.68,25.4,53.42,2.53,2.06,0.0,2.72,0.69,1.05
2588,12.08,3.17,58.85,62.86,1.91,3.74,1.56,1.64,1.49,0.79
2589,9.39,3.09,22.76,52.12,2.72,1.78,2.71,2.94,3.41,1.73
2590,4.85,5.76,48.18,63.4,5.78,1.13,1.67,0.56,2.96,2.87
2591,0.5,2.37,65.32,84.1,2.34,1.04,0.42,2.52,1.93,0.0
2592,4.72,2.34,65.31,64.84,5.46,2.7,0.98,3.66,3.19,1.33
2593,5.43,4.65,37.83,51.31,1.01,3.56,1.01,2.67,1.18,0.0
2594,5.36,4.55,41.88,17.5,3.88,1.98,1.51,2.01,2.5,0.68
2595,10.61,5.99,24.44,13.77,4.68,2.74,2.09,0.47,0.14,0.0
2596,2.86,1.59,50.41,54.75,4.96,0.0,3.54,0.61,3.85,0.0
2597,5.87,3.22,26.54,66.14,3.08,1.73,0.0,0.17,2.06,1.25
2598,6.43,6.75,48.05,29.62,3.34,3.41,2.59,1.71,2.64,1.11
2599,9.38,0.43,82.96,46.72,4.48,4.13,1.86,0.0,2.28,1.33
2600,9.34,2.37,31.19,57.46,5.04,3.55,0.91,0.0,1.63,2.5
2601,9.85,5.64,28.03,66.85,0.72,0.0,1.24,2.19,0.63,0.72
2602,7.37,3.61,40.48,63.0,3.3,4.39,2.37,3.44,2.78,1.44
2603,11.25,7.3,54.27,49.69,3.63,0.0,0.0,3.22,2.2,1.58
2604,8.29,5.72,78.23,62.57,3.01,4.4,2.31,3.87,2.53,1.46
2605,0.5,6.8,43.58,61.76,4.84,4.27,0.33,3.9,0.21,0.0
2606,6.44,4.47,57.46,41.62,6.99,2.4,3.19,0.0,4.08,0.0
2607,5.38,3.4,61.43,77.91,3.64,3.26,0.0,0.74,0.04,0.0
2608,6.28,4.98,29.75,45.28,2.99,2.11,0.87,2.25,1.84,0.94
2609,9.16,3.86,40.65,39.28,2.05,2.39,2.07,0.16,3.62,1.28
2610,3.53,2.37,55.89,44.78,4.02,5.61,0.64,4.64,3.64,0.0
2611,8.29,5.01,62.13,57.18,4.29,0.08,4.41,5.04,2.66,1.36
2612,6.79,0.95,7.19,26.5,2.86,2.96,2.0,3.51,3.42,1.4
2613,9.57,2.54,18.18,39.11,3.74,1.63,3.23,0.0,1.21,1.07
2614,3.23,2.65,34.29,71.08,2.23,3.14,1.14,4.45,2.17,0.98
2615,0.5,5.0,58.33,52.69,6.53,1.8,2.54,2.15,7.26,0.0
2616,5.66,2.57,43.63,62.04,4.74,4.35,3.19,5.01,0.87,0.21
2617,6.27,2.94,21.16,66.21,3.06,3.8,0.01,0.0,2.15,1.25
2618,2.5,3.12,29.44,69.02,2.22,1.44,0.09,0.86,0.53,1.39
2619,4.42,2.96,18.98,56.19,5.6,2.54,1.71,0.0,3.1,0.76
2620,4.9,0.78,59.01,40.28,1.9,0.13,0.0,0.0,2.3,1.19
2621,1.78,3.25,39.14,58.33,1.09,2.75,1.55,3.87,1.9,0.98
2622,4.17,3.58,38.79,43.63,3.59,2.55,1.86,0.0,1.91,0.84
2623,3.45,9.21,22.16,72.05,4.47,1.59,0.12,1.25,1.43,0.56
2624,6.43,4.89,33.68,46.47,3.34,2.82,1.41,2.77,0.23,0.23
2625,5.68,4.92,44.45,58.56,2.31,2.46,0.01,0.0,0.58,0.81
2626,7.45,6.1,63.48,38.88,2.09,2.91,0.0,3.4,0.0,0.0
2627,5.74,6.43,49.16,39.48,1.25,1.91,0.29,1.92,1.99,1.16
2628,7.22,4.04,40.26,55.18,1.94,2.41,2.27,3.88,0.0,0.33
2629,3.95,3.61,57.97,54.16,1.99,3.65,0.0,0.31,0.39,0.0
2630,3.89,4.8,68.24,28.17,3.87,1.9,1.98,3.18,3.83,0.0
2631,2.54,3.62,34.16,56.78,5.86,2.29,2.13,2.27,1.89,0.0
2632,9.41,4.77,58.22,66.3,3.39,0.13,1.07,0.65,0.0,1.12
2633,9.21,4.98,28.85,73.38,1.04,1.94,0.29,2.21,3.64,0.5
2634,8.93,3.38,31.11,66.28,3.81,4.42,0.0,0.23,1.07,1.97
2635,6.88,4.28,53.02,35.61,3.47,2.18,0.0,1.18,2.67,0.0
2636,10.36,2.18,55.86,71.44,2.99,0.0,0.58,0.86,2.14,1.76
2637,7.63,3.34,29.2,52.88,3.99,0.17,0.89,1.41,0.68,0.0
2638,7.54,1.51,51.39,66.95,2.76,6.66,0.0,2.39,2.58,0.0
2639,2.52,2.48,38.01,40.22,4.79,1.04,3.51,2.92,3.05,0.99
2640,5.35,0.0,44.57,69.5,4.34,0.6,1.4,2.77,0.0,2.31
2641,6.66,5.37,32.76,38.51,3.22,2.01,1.92,3.31,0.23,0.97
2642,3.12,0.0,37.73,42.88,2.94,0.86,0.0,2.5,1.09,1.32
2643,6.57,2.85,28.39,35.82,2.43,2.91,0.81,0.93,3.0,2.24
2644,1.99,3.48,37.67,64.87,4.63,1.9,3.41,2.14,4.47,0.93
2645,5.4,4.81,20.72,76.85,1.81,1.83,1.44,4.93,0.0,0.55
2646,7.41,2.71,41.58,65.81,4.31,0.0,2.47,1.87,2.82,0.0
2647,6.2,6.61,27.93,71.17,5.86,0.0,1.58,3.08,0.93,0.45
2648,7.04,7.32,67.21,38.32,0.29,2.21,0.0,3.36,0.75,0.03
2649,8.5,6.25,48.36,46.57,0.0,1.15,0.0,0.36,0.0,1.02
2650,1.86,0.0,35.18,42.34,2.29,2.46,2.33,4.24,1.56,0.99
2651,5.44,1.36,44.46,64.36,1.4,1.48,2.14,0.71,3.93,0.0
2652,8.75,4.04,34.75,37.98,1.29,1.05,0.0,3.22,0.83,0.67
2653,5.85,5.13,36.66,30.61,4.61,4.5,0.0,2.38,3.07,0.22
2654,4.72,3.57,30.26,38.54,2.28,3.24,1.12,1.03,3.21,0.27
2655,10.43,4.6,32.02,53.81,4.26,3.86,2.44,2.03,0.18,0.0
2656,5.94,1.91,38.66,30.81,0.11,1.89,1.59,0.43,4.95,2.27
2657,7.25,2.83,40.35,29.31,3.2,1.87,0.0,2.13,2.43,0.33
2658,5.59,0.94,36.63,45.79,2.94,2.31,0.68,3.24,2.5,2.33
2659,7.54,3.47,43.71,65.76,4.2,1.38,1.1,2.07,1.32,0.76
2660,0.81,3.38,43.05,52.77,3.36,0.35,0.16,1.22,0.84,1.13
2661,8.48,3.15,30.3,35.68,3.63,2.18,2.67,0.0,2.59,1.39
2662,3.94,4.13,27.32,43.16,4.47,3.61,1.88,2.21,2.77,1.14
2663,4.37,5.6,45.82,36.29,3.49,2.86,0.68,1.12,1.5,0.69
2664,11.28,0.46,40.18,25.14,5.42,0.14,3.02,1.06,3.01,1.7
2665,12.18,7.42,21.37,72.0,2.31,1.4,1.07,1.95,1.82,1.29
2666,8.21,5.87,41.6,61.82,4.0,1.76,0.75,2.53,1.48,0.0
2667,7.11,6.48,28.0,52.34,4.88,3.06,2.45,1.4,0.0,0.0
2668,3.31,4.37,58.94,29.49,3.79,1.34,1.88,1.03,0.05,0.9
2669,1.96,4.92,32.89,41.15,4.62,0.75,0.9,1.47,1.74,0.95
2670,6.31,5.92,45.75,73.74,3.71,0.84,1.77,1.07,1.68,0.0
2671,6.89,3.15,31.12,74.68,7.41,4.01,0.14,1.64,4.22,0.0
2672,1.86,4.12,47.89,33.17,2.97,2.61,1.83,4.6,1.88,0.0
2673,4.33,6.15,43.87,86.69,4.15,3.15,1.43,2.7,0.69,0.02
2674,5.25,4.22,60.01,59.41,4.27,2.77,0.85,2.86,0.89,0.0
2675,8.48,3.36,46.64,42.98,1.3,1.46,0.95,2.27,0.0,1.36
2676,12.76,9.51,56.69,60.8,4.92,0.72,3.69,0.0,4.22,1.38
2677,12.53,6.45,49.39,65.09,1.59,0.78,1.55,3.01,2.55,2.66
2678,10.58,2.88,11.4,40.97,2.7,2.63,2.96,2.86,4.94,0.82
2679,4.98,4.16,80.12,78.61,2.53,2.87,0.69,0.3,3.29,0.0
2680,0.5,2.07,32.14,45.67,3.27,0.0,1.98,2.54,2.45,1.25
2681,8.8,0.98,31.21,50.2,3.74,0.0,2.61,2.67,3.19,2.7
2682,3.6,0.0,61.04,83.58,4.89,2.12,4.1,0.77,1.64,0.87
2683,4.07,9.61,33.59,67.99,5.76,0.09,0.56,2.24,0.63,1.28
2684,2.33,4.56,54.68,80.88,3.43,1.91,2.18,2.18,4.31,0.05
2685,5.77,2.87,44.33,67.24,2.58,2.72,3.21,2.37,2.51,0.38
2686,6.47,4.53,42.82,12.14,0.0,1.0,1.57,2.52,0.0,1.9
2687,8.28,2.87,59.07,90.2,1.77,4.08,2.03,2.15,2.13,0.35
2688,8.73,5.36,46.15,43.44,5.49,2.96,1.2,3.94,0.07,0.62
2689,5.26,6.26,35.5,62.63,5.3,0.87,1.15,1.45,1.14,0.0
2690,1.53,5.04,19.56,35.02,3.18,0.3,0.0,1.22,0.0,0.21
2691,5.53,1.98,40.02,46.46,3.84,2.31,3.0,1.59,0.41,0.51
2692,1.99,0.0,35.73,57.99,3.55,2.28,2.21,2.04,4.17,0.74
2693,13.73,2.87,30.93,16.54,0.0,2.57,0.63,1.98,4.01,1.99
2694,9.25,3.15,48.46,48.01,0.68,0.73,0.83,3.51,2.63,1.01
2695,6.24,6.59,35.78,65.63,4.03,4.0,3.85,0.0,2.49,2.15
2696,0.5,2.8,48.56,59.64,4.88,1.95,0.3,1.08,3.22,0.0
2697,6.24,6.27,40.0,32.28,5.0,5.23,1.51,0.0,0.41,1.07
2698,9.11,5.33,35.61,78.51,2.28,1.67,0.77,2.26,2.57,0.9
2699,5.89,2.52,49.6,69.5,1.78,4.09,2.05,1.74,1.49,0.88
2700,7.2,0.0,58.14,79.25,4.46,3.41,2.51,1.52,3.63,0.29
2701,2.94,3.06,23.12,38.88,4.81,0.44,0.0,3.02,3.43,0.41
2702,6.68,5.26,61.97,11.66,3.97,1.86,2.4,2.39,0.0,0.56
2703,5.32,3.57,44.48,54.85,3.1,3.49,0.92,2.1,2.4,1.4
2704,6.43,3.36,40.98,93.12,3.72,1.19,2.63,3.47,0.7,0.14
2705,8.94,5.31,26.77,38.91,3.68,2.35,1.38,0.0,0.31,0.16
2706,11.12,4.69,36.36,69.56,2.31,1.85,0.0,1.6,0.0,1.19
2707,6.96,4.48,47.21,81.45,4.76,2.4,0.66,4.23,1.77,2.11
2708,2.7,4.9,58.86,59.37,3.13,0.53,2.62,4.5,0.0,0.0
2709,0.5,7.68,5.37,76.43,3.53,1.93,1.41,2.23,0.74,1.2
2710,9.37,4.71,30.29,32.35,1.75,1.38,1.6,0.17,2.08,1.42
2711,5.9,2.44,4.65,7.37,2.43,2.72,1.28,2.24,3.47,2.63
2712,3.3,4.47,68.3,58.23,3.55,3.39,0.64,3.33,1.71,0.51
2713,8.75,4.69,69.41,86.31,1.25,3.29,0.0,2.89,1.59,0.91
2714,8.31,4.18,71.56,35.56,4.61,4.16,2.28,1.49,1.58,0.78
2715,7.47,7.81,41.5,66.98,2.21,0.94,3.05,3.3,1.94,0.03
2716,8.73,2.64,19.86,41.81,2.53,4.0,0.28,1.55,2.7,1.79
2717,3.8,3.27,61.17,71.53,4.28,0.13,2.02,3.33,1.67,1.86
2718,7.5,4.98,13.23,49.22,6.45,4.84,1.0,0.0,0.65,0.0
2719,6.46,1.97,43.31,61.75,2.81,2.79,1.83,2.81,4.71,0.23
2720,8.78,3.1,40.74,57.37,4.13,3.41,3.01,1.2,1.39,2.01
2721,8.97,5.17,57.84,76.76,4.57,3.18,0.75,4.54,0.75,0.0
2722,4.57,1.89,68.17,36.95,3.65,2.93,1.87,3.21,0.0,0.79
2723,3.74,5.68,55.45,74.58,3.28,0.0,2.4,2.2,2.3,1.34
2724,0.77,7.98,42.48,69.48,4.83,1.66,1.6,2.4,2.57,1.48
2725,8.15,4.32,61.64,63.32,2.14,1.13,0.02,4.0,1.61,0.46
2726,4.03,7.43,36.67,13.13,4.05,0.0,0.0,3.69,2.83,0.39
2727,3.95,0.63,57.56,51.07,3.58,1.99,0.07,3.83,2.0,0.0
2728,8.19,3.05,34.2,66.47,3.01,0.0,0.91,4.68,2.31,0.75
2729,7.21,5.11,32.59,57.63,3.26,0.75,0.64,3.76,0.0,0.0
2730,8.62,4.22,38.04,19.04,1.68,0.52,1.99,1.77,3.98,1.09
2731,11.0,1.83,33.83,71.89,3.53,1.19,1.32,3.06,2.43,0.21
2732,1.68,5.05,60.81,55.33,0.08,2.52,1.68,2.77,0.7,0.0
2733,8.91,3.7,56.98,49.44,3.63,4.52,2.05,0.84,1.14,1.46
2734,9.98,0.44,26.34,69.76,1.31,0.47,4.02,4.39,2.69,0.38
2735,7.32,3.14,42.62,51.0,0.67,0.4,1.05,1.11,1.68,1.23
2736,10.69,3.81,33.76,55.3,4.47,1.09,2.64,0.73,0.0,0.86
2737,4.47,6.16,51.42,81.71,3.02,2.18,0.93,2.19,0.57,0.0
2738,6.82,2.71,79.09,81.52,2.45,1.28,0.09,0.91,1.77,0.0
2739,7.47,3.73,47.79,65.42,4.92,2.39,0.0,3.73,0.96,1.71
2740,7.12,7.56,72.64,71.98,2.63,1.38,0.38,2.41,1.1,0.0
2741,7.25,4.94,38.12,47.37,0.85,2.41,3.53,3.97,4.24,3.81
2742,5.57,3.06,54.62,38.62,4.96,1.92,0.99,0.88,0.88,0.74
2743,10.03,3.02,28.54,53.02,3.37,2.27,2.52,3.8,2.57,0.0
2744,9.09,4.46,43.79,76.12,1.94,0.48,1.11,1.23,3.61,1.4
2745,3.57,3.99,14.73,62.35,1.79,0.11,0.0,1.46,0.0,0.62
2746,1.03,3.06,48.72,32.47,5.18,2.33,1.89,1.16,5.12,0.84
2747,3.51,5.7,58.16,72.2,2.29,1.51,3.3,2.15,2.59,0.0
2748,8.38,0.0,18.58,55.22,4.05,2.94,3.42,2.31,1.74,2.8
2749,5.94,4.83,44.77,63.89,0.99,2.41,1.22,3.01,1.86,0.4
2750,0.5,4.7,52.85,45.28,4.1,2.57,3.53,4.63,1.2,1.0
2751,6.05,2.58,38.02,78.1,7.14,2.39,2.8,1.17,2.54,0.9
2752,0.5,8.3,53.07,89.48,4.18,1.8,0.39,3.04,4.01,0.37
2753,8.56,2.88,36.59,57.83,4.0,2.29,0.74,2.4,2.96,0.71
2754,13.61,5.36,36.18,67.78,5.36,4.77,2.45,0.59,2.4,1.51
2755,4.7,6.68,67.41,72.09,3.23,3.86,1.33,1.3,3.16,0.02
2756,9.19,5.66,63.54,55.84,4.86,0.78,3.41,0.59,1.13,1.24
2757,8.02,2.29,48.26,40.9,4.07,2.71,1.36,0.0,2.63,0.15
2758,9.3,0.0,30.56,30.27,2.12,0.0,1.54,0.77,1.58,1.66
2759,0.5,0.0,74.8,91.27,4.11,2.39,1.09,2.18,0.83,0.0
2760,11.39,4.36,25.53,39.13,4.82,4.09,0.59,0.86,0.0,2.07
2761,4.75,5.34,27.65,51.17,7.48,0.81,1.76,2.11,2.35,0.49
2762,8.84,4.75,82.62,52.29,2.8,1.15,0.41,0.85,3.8,1.37
2763,3.73,3.29,40.71,40.23,2.65,2.35,2.18,1.93,1.91,0.0
2764,2.57,5.69,50.0,85.91,3.71,0.12,0.0,0.71,3.49,0.86
2765,5.65,6.1,12.34,42.8,0.18,2.98,1.01,1.59,0.86,0.0
2766,9.9,4.6,33.45,47.68,3.47,3.03,0.0,0.0,0.89,0.41
2767,6.31,3.31,47.68,48.9,5.71,2.37,1.87,2.01,0.0,0.0
2768,6.38,7.21,29.52,64.17,2.19,0.48,2.05,5.34,1.55,0.48
2769,5.79,3.99,48.83,92.26,2.79,2.75,0.42,0.1,0.42,0.09
2770,11.53,2.71,26.19,74.26,4.03,0.12,2.85,1.28,1.1,0.86
2771,5.23,2.68,19.49,100.0,4.59,2.06,2.79,3.72,2.65,0.0
2772,1.54,3.49,39.06,72.17,2.69,4.17,3.22,3.91,2.92,0.43
2773,4.2,4.95,50.46,60.54,5.44,0.86,2.09,4.35,2.82,1.75
2774,9.2,4.36,49.18,51.25,5.93,4.62,3.04,0.09,3.07,0.6
2775,8.36,5.64,45.76,53.79,1.51,3.84,0.3,1.49,0.33,0.0
2776,4.88,2.71,35.09,66.93,4.5,4.46,1.89,0.67,2.32,0.78
2777,10.48,4.29,75.0,45.19,4.18,3.18,0.77,1.63,0.0,0.49
2778,2.12,3.76,45.16,76.18,1.84,0.56,0.0,2.43,2.88,0.0
2779,1.39,6.34,34.59,59.67,5.06,3.83,3.53,2.92,3.49,1.77
2780,4.67,4.19,22.36,96.2,5.09,2.34,0.0,5.15,1.36,1.32
2781,11.21,4.11,44.22,79.04,3.85,0.0,1.81,1.88,0.0,0.0
2782,8.9,7.15,53.05,43.87,5.61,1.66,0.0,0.0,0.0,1.9
2783,9.07,6.58,61.58,30.09,3.26,0.0,0.0,2.27,3.31,0.0
2784,3.15,2.54,63.17,71.98,1.16,1.91,1.08,0.3,1.36,1.81
2785,8.68,3.58,64.74,47.45,4.6,1.56,2.22,2.57,1.57,0.0
2786,3.12,1.04,59.12,69.73,3.73,0.9,1.87,2.15,0.0,1.97
2787,1.5,6.7,48.73,53.69,4.86,0.0,1.51,1.12,1.54,0.1
2788,5.73,3.65,56.58,10.93,4.52,1.43,1.27,3.97,1.7,0.17
2789,2.19,0.05,39.16,34.62,3.67,3.27,0.0,1.6,2.64,0.43
2790,9.52,2.58,57.49,28.45,2.22,2.46,1.85,1.8,1.84,1.6
2791,6.39,4.33,38.02,41.82,5.24,0.6,0.58,2.15,0.79,0.0
2792,6.62,3.18,38.01,61.71,5.2,4.85,3.21,1.9,1.6,0.91
2793,5.97,6.25,29.85,58.8,3.62,1.45,0.67,2.14,4.1,0.26
2794,5.46,2.89,78.83,15.02,4.57,5.63,0.56,2.16,0.84,0.8
2795,12.02,2.97,45.61,10.08,2.11,1.91,1.29,2.28,1.32,0.0
2796,11.14,2.37,51.89,58.94,3.36,3.76,1.92,3.82,2.9,0.04
2797,4.5,5.73,2.54,53.13,5.36,2.1,0.64,1.89,2.96,0.86
2798,1.08,4.03,20.41,62.02,2.61,0.0,0.81,5.15,1.64,1.82
2799,3.4,5.06,25.51,10.49,0.36,2.12,1.19,2.84,0.0,0.0
2800,5.65,2.42,40.49,68.26,2.54,0.0,1.39,4.96,0.46,2.47
2801,5.27,2.0,35.94,80.13,3.22,0.69,1.28,3.2,3.05,1.05
2802,2.48,2.57,51.04,59.72,6.22,0.61,1.26,2.52,0.69,0.0
2803,7.93,4.63,32.96,33.18,5.76,2.88,2.35,2.29,3.63,0.22
2804,7.42,4.36,64.9,68.74,3.05,3.27,3.58,1.97,4.2,2.61
2805,8.1,4.56,47.89,42.38,2.39,2.47,2.58,2.24,0.82,1.23
2806,9.45,5.02,28.54,64.61,3.51,3.81,2.48,1.85,2.56,1.19
2807,7.02,3.17,48.82,58.58,4.12,2.78,2.47,2.89,3.47,0.38
2808,2.67,5.57,45.33,65.95,1.88,0.9,0.0,3.37,4.09,0.61
2809,9.8,5.56,48.98,34.06,5.15,0.0,0.0,1.26,2.77,2.32
2810,9.59,4.2,3.44,65.61,4.4,2.02,1.91,1.25,2.13,1.47
2811,8.43,7.48,46.39,23.1,3.94,2.46,1.07,1.65,3.08,1.1
2812,8.69,0.0,21.66,47.9,1.34,4.05,1.77,2.52,1.98,2.01
2813,6.82,2.09,26.32,59.31,1.09,0.66,3.63,3.08,2.34,1.3
2814,7.95,1.94,27.73,61.39,3.36,3.82,2.6,3.83,1.6,2.35
2815,10.37,3.55,54.95,36.57,3.83,5.52,0.73,1.9,2.29,1.13
2816,0.5,2.9,76.15,45.02,2.17,0.0,1.25,1.94,0.59,1.96
2817,8.54,6.37,35.5,99.03,2.32,2.35,3.18,1.79,0.2,1.83
2818,12.74,1.97,44.0,11.31,0.63,2.4,1.94,0.0,0.0,2.2
2819,4.45,6.52,62.99,72.28,3.55,1.28,1.1,1.55,4.07,0.0
2820,3.01,7.52,31.52,60.44,3.56,1.71,1.83,5.13,2.49,0.73
2821,7.09,2.56,36.86,57.08,1.88,1.85,0.67,1.46,1.34,2.08
2822,4.8,4.76,43.33,47.51,1.76,0.3,0.45,6.02,2.73,2.34
2823,2.24,7.11,15.78,47.0,3.44,2.81,2.22,6.05,1.06,0.56
2824,7.49,7.09,43.26,64.85,1.11,3.3,1.54,2.59,0.59,1.35
2825,10.36,5.65,59.68,41.84,2.19,1.61,0.93,0.43,4.29,0.89
2826,4.57,4.14,62.18,96.57,3.82,0.0,1.97,1.21,1.75,2.08
2827,7.41,1.19,16.29,61.89,2.57,0.65,1.17,0.72,3.63,0.17
2828,4.56,3.34,38.08,41.97,3.95,4.13,1.76,1.07,4.9,0.0
2829,7.21,4.84,32.75,67.12,5.32,0.0,0.7,0.5,0.25,1.34
2830,4.66,1.98,11.78,55.49,2.72,1.54,2.39,2.86,3.54,0.68
2831,6.68,3.33,19.85,71.86,3.08,0.96,0.13,2.09,1.29,1.01
2832,6.8,5.97,44.52,0.0,3.83,3.72,0.0,0.0,2.03,0.93
2833,0.5,0.67,50.53,58.43,0.88,3.49,0.99,2.34,3.02,0.0
2834,7.89,5.87,42.35,68.65,0.51,1.21,1.43,2.14,0.0,0.72
2835,5.18,2.98,46.89,56.88,2.04,3.16,0.0,3.95,0.39,0.0
2836,9.2,2.68,48.97,63.02,2.22,2.2,3.26,0.42,0.0,0.92
2837,6.28,1.94,58.94,77.3,3.97,0.0,0.34,0.29,1.34,1.01
2838,10.16,6.55,37.9,51.08,1.88,1.81,0.0,2.07,1.05,0.0
2839,7.44,3.98,28.79,50.6,5.15,0.29,2.3,1.61,3.22,0.0
2840,5.95,4.34,44.17,57.19,3.99,0.0,3.39,1.13,3.6,2.11
2841,1.39,3.08,30.12,40.66,4.04,3.56,0.0,2.77,2.87,1.0
2842,4.9,4.54,60.76,51.3,0.82,4.35,0.0,3.6,0.0,0.53
2843,6.56,3.72,40.52,34.3,3.46,0.59,0.84,1.96,0.36,1.12
2844,7.34,2.4,43.4,47.51,3.28,3.03,1.66,3.01,1.68,0.59
2845,6.76,2.83,31.74,58.27,4.25,2.93,1.23,1.33,0.16,1.06
2846,3.78,2.62,20.22,77.72,7.11,4.12,2.58,0.59,2.29,2.55
2847,9.52,3.12,37.75,60.37,3.63,0.79,0.99,3.65,1.92,0.0
2848,11.04,3.62,27.91,58.51,0.0,4.54,2.73,3.65,3.22,0.0
2849,9.3,4.89,52.16,55.35,4.14,5.93,2.2,1.95,1.19,0.8
2850,4.71,3.42,58.44,39.48,0.69,0.75,0.41,0.23,2.93,0.52
2851,9.25,4.71,53.42,67.52,2.57,3.1,2.7,3.99,0.0,1.45
2852,6.89,2.81,51.54,76.84,4.74,2.73,1.92,0.4,2.89,0.97
2853,5.87,7.05,50.66,54.57,4.72,0.46,2.24,1.22,3.47,1.29
2854,0.77,4.42,77.52,72.64,1.91,1.34,2.47,2.74,3.46,1.62
2855,3.52,2.37,35.66,25.47,1.43,0.96,0.63,2.86,1.85,2.01
2856,1.93,2.61,55.05,39.92,2.97,1.05,0.73,0.0,3.17,1.0
2857,11.61,2.08,30.95,50.76,0.63,2.09,0.94,3.45,1.83,1.23
2858,2.37,6.47,36.66,69.04,7.48,3.98,1.63,0.99,0.92,0.0
2859,11.43,6.54,33.31,35.23,1.81,1.79,1.78,3.28,1.89,0.47
2860,5.71,4.09,41.09,83.77,2.36,4.36,0.56,0.67,0.0,0.97
2861,7.76,5.14,56.72,72.51,3.02,0.0,4.78,3.29,2.88,1.41
2862,6.44,4.22,41.89,81.74,6.42,1.83,0.86,1.48,2.25,1.11
2863,10.51,3.49,47.57,62.92,0.94,2.43,0.0,3.08,0.0,0.0
2864,10.92,3.31,36.12,54.72,1.94,1.77,0.0,2.07,1.53,0.02
2865,5.72,2.35,24.26,44.54,4.86,3.02,0.4,0.0,0.0,0.48
2866,4.58,0.75,28.44,45.4,3.8,3.13,0.85,0.09,2.91,0.0
2867,8.81,5.54,51.94,32.7,4.88,2.37,2.96,1.65,0.0,0.0
2868,5.74,6.58,74.16,77.34,4.57,0.87,0.73,0.98,2.79,0.41
2869,0.5,8.56,45.25,37.31,2.32,1.88,3.25,1.63,1.98,0.8
2870,5.54,1.32,33.52,51.99,6.66,2.14,0.72,2.46,1.6,0.0
2871,5.88,4.07,34.51,70.33,5.91,2.98,1.68,1.32,0.81,0.23
2872,8.89,5.39,40.45,79.07,5.25,0.39,0.98,0.82,5.79,0.28
2873,5.56,7.38,35.78,71.08,3.49,2.68,2.34,1.99,0.0,0.04
2874,8.0,3.2,38.08,89.2,5.01,3.73,1.71,3.88,2.88,1.54
2875,7.27,0.58,64.71,76.51,4.25,2.23,1.76,0.0,2.9,0.09
2876,2.01,6.25,26.9,63.4,6.4,1.09,2.2,3.09,0.0,0.11
2877,5.45,5.35,82.73,68.4,1.13,2.98,0.9,1.88,0.0,0.58
2878,4.47,6.39,19.76,58.63,4.47,2.64,0.15,4.0,2.85,0.84
2879,4.69,4.24,45.62,50.08,2.91,2.63,2.19,2.53,3.24,2.05
2880,6.34,3.4,18.22,70.28,1.56,4.77,0.0,1.7,0.83,0.95
2881,8.34,6.61,48.39,66.93,5.72,2.44,1.73,1.73,1.71,0.0
2882,6.15,2.7,37.02,100.0,2.05,2.76,2.15,2.42,2.55,1.57
2883,2.1,4.4,65.66,53.42,5.52,2.7,1.74,3.53,0.91,0.41
2884,10.47,5.66,48.41,22.3,1.67,0.64,2.3,2.92,1.83,0.0
2885,8.09,4.99,76.01,84.95,4.64,0.0,1.04,1.97,2.19,0.0
2886,1.3,4.77,49.9,42.26,3.19,3.22,1.82,0.0,0.0,0.53
2887,3.83,5.3,49.35,41.11,5.17,1.41,2.2,3.17,0.96,0.78
2888,7.89,0.38,44.88,48.69,4.4,2.42,2.56,0.64,1.4,0.66
2889,11.06,4.49,36.7,73.01,0.69,3.86,0.0,1.0,0.39,0.0
2890,2.76,2.84,54.96,79.16,4.73,4.17,3.08,5.14,3.31,1.3
2891,5.89,3.36,35.83,50.88,4.2,0.0,2.68,1.3,2.26,0.0
2892,6.13,4.34,34.79,59.13,4.72,0.0,2.66,1.7,2.27,0.0
2893,2.61,2.15,16.37,71.95,4.29,2.59,3.71,2.69,0.79,1.32
2894,3.5,1.42,60.86,42.54,4.57,2.84,1.12,1.48,1.42,1.23
2895,0.5,3.07,38.7,38.46,2.78,3.37,0.57,1.51,2.41,0.63
2896,0.8,3.14,24.6,71.58,1.13,1.48,1.26,2.48,2.14,1.93
2897,2.41,2.47,58.48,43.9,3.91,0.0,2.13,3.04,0.0,1.26
2898,7.5,2.93,56.08,26.12,1.86,3.95,2.98,0.75,3.5,0.0
2899,9.04,3.82,62.0,47.11,4.79,2.17,2.27,3.35,2.92,1.04
2900,9.76,6.59,35.49,68.66,1.39,0.01,0.0,3.52,2.63,2.03
2901,5.71,3.79,44.07,66.63,3.62,0.21,3.07,1.84,0.47,1.94
2902,0.71,5.42,44.28,45.96,3.57,0.98,0.0,2.46,2.59,0.51
2903,3.82,5.01,24.13,46.5,3.32,3.9,3.24,0.02,1.6,0.0
2904,6.25,6.57,76.65,69.63,2.82,3.41,0.7,0.0,2.44,1.75
2905,8.3,7.93,62.54,30.8,2.69,3.03,0.52,1.74,1.15,0.56
2906,9.43,3.13,57.02,62.48,4.54,1.96,2.28,4.21,2.11,1.48
2907,6.56,4.27,44.01,43.74,2.94,1.07,1.33,0.43,0.74,0.0
2908,7.99,5.48,39.72,31.4,3.02,4.67,0.59,0.43,1.81,2.16
2909,3.64,4.58,36.3,87.94,4.46,3.76,2.83,0.0,2.58,0.04
2910,6.51,6.17,58.98,88.95,4.1,2.35,1.01,3.18,0.55,0.67
2911,5.13,3.41,31.52,58.75,3.44,4.52,2.93,1.12,3.25,1.84
2912,5.64,4.81,38.76,61.51,2.03,1.95,2.11,1.46,0.04,1.7
2913,3.25,6.98,25.85,24.11,3.02,0.03,1.18,0.79,2.0,2.89
2914,6.37,4.2,57.86,54.39,4.43,0.31,0.0,0.83,1.94,0.68
2915,8.58,4.1,19.49,28.95,3.6,3.41,1.96,2.06,0.0,0.61
2916,5.12,4.45,66.99,60.03,2.96,3.01,0.46,2.23,5.08,0.0
2917,6.17,7.43,18.99,60.37,0.67,0.31,1.28,1.65,1.69,0.39
2918,2.28,2.33,56.42,20.43,2.04,4.56,1.45,3.11,2.43,1.18
2919,7.29,1.89,63.4,76.16,4.97,0.0,3.45,0.37,4.63,0.23
2920,0.5,2.4,41.9,98.39,2.6,2.43,1.06,0.89,1.9,1.41
2921,8.32,5.26,34.67,32.72,4.0,0.0,0.76,2.85,0.26,0.0
2922,7.24,4.9,41.71,24.2,3.13,0.19,2.15,2.19,0.92,2.38
2923,7.16,3.13,32.8,87.73,4.31,0.83,0.47,2.63,0.01,0.33
2924,6.72,2.79,50.84,18.75,2.58,2.68,0.99,3.98,1.1,0.07
2925,4.14,6.28,47.66,51.14,4.9,3.11,1.82,3.74,2.83,1.06
2926,4.55,4.53,38.34,41.04,1.63,0.37,0.96,2.81,0.59,1.45
2927,5.51,5.15,41.81,70.27,5.03,1.99,1.46,5.97,0.32,0.13
2928,3.26,3.59,14.59,61.28,4.76,3.16,3.04,2.16,2.2,0.46
2929,3.48,5.99,40.64,41.56,3.36,1.47,0.82,0.69,0.0,0.62
2930,2.24,2.91,55.2,41.75,2.97,1.87,0.73,2.65,3.48,1.04
2931,10.66,4.49,50.51,21.64,2.17,1.72,0.6,1.23,1.39,1.3
2932,3.47,3.74,43.58,35.78,3.81,2.43,3.32,2.81,3.88,3.25
2933,4.86,5.71,69.96,52.88,1.3,3.13,2.74,0.0,0.28,0.99
2934,8.78,5.11,48.94,54.11,3.91,2.48,0.32,0.0,0.0,0.0
2935,6.81,6.09,39.7,57.99,1.79,1.31,0.03,4.83,0.79,0.0
2936,4.33,6.52,33.94,7.23,6.23,0.01,1.49,2.03,0.0,0.62
2937,3.54,4.45,31.83,15.02,6.41,3.64,2.43,1.18,3.0,0.58
2938,13.01,6.62,44.46,48.74,4.21,0.89,1.73,4.33,1.6,2.29
2939,7.92,2.78,28.6,32.67,4.63,1.29,3.81,0.0,3.87,0.72
2940,4.11,4.07,69.95,66.5,3.58,2.84,2.07,2.39,1.98,0.55
2941,8.52,6.85,36.61,42.85,3.21,0.0,1.88,2.69,0.0,2.84
2942,8.04,4.78,68.56,81.15,3.78,3.33,0.63,1.99,2.46,1.28
2943,9.61,0.43,60.4,54.56,3.71,2.61,0.5,0.48,3.45,1.62
2944,12.83,6.45,52.48,16.38,3.18,0.57,1.77,2.89,0.0,2.8
2945,1.11,1.14,65.7,69.03,3.69,2.64,0.0,0.65,2.5,0.85
2946,3.79,3.27,58.48,64.9,5.41,3.53,1.78,2.66,1.09,0.57
2947,2.18,2.18,60.6,76.98,4.08,1.47,1.09,2.37,0.72,0.5
2948,4.67,6.41,25.0,96.29,1.39,2.17,1.91,2.98,0.04,2.76
2949,4.58,3.9,70.0,66.2,5.56,1.56,1.89,2.85,2.15,2.05
2950,2.89,0.0,7.7,43.25,4.0,1.42,2.03,3.84,2.31,2.09
2951,4.25,4.85,41.65,71.91,2.79,2.88,2.03,4.85,2.85,0.0
2952,5.32,1.35,52.86,61.38,4.95,4.4,4.71,0.84,2.52,0.77
2953,7.35,5.88,23.03,51.99,2.51,0.0,1.68,2.28,1.51,1.53
2954,5.04,4.42,39.9,31.36,2.28,0.0,2.03,0.55,2.69,0.45
2955,10.41,3.3,47.75,47.22,2.46,3.15,0.0,3.47,0.32,0.4
2956,7.39,1.74,26.38,35.52,4.03,0.91,2.56,1.44,0.0,1.87
2957,7.45,7.73,47.22,49.77,2.99,3.66,2.47,0.0,2.8,0.94
2958,6.53,2.72,50.74,56.66,3.03,0.83,2.96,3.81,4.34,1.38
2959,5.4,5.98,43.88,34.87,3.47,4.19,1.22,2.19,1.56,0.63
2960,0.5,5.43,47.96,56.87,3.73,3.34,2.31,3.01,2.42,0.0
2961,3.55,3.9,18.25,51.65,5.44,2.21,3.1,0.74,3.16,0.73
2962,2.81,3.86,36.87,64.28,4.35,1.9,0.46,3.1,0.23,1.03
2963,3.86,6.23,27.6,55.07,3.74,3.6,0.48,1.78,0.42,1.38
2964,9.19,2.99,37.97,59.91,5.0,0.88,1.45,0.67,2.78,1.08
2965,3.61,1.84,40.93,68.32,3.26,4.02,1.41,1.96,3.9,1.14
2966,5.74,1.76,30.24,91.72,2.28,4.92,1.1,1.22,1.69,0.64
2967,9.86,4.74,51.3,65.91,3.31,0.2,1.0,1.44,3.2,2.11
2968,7.3,4.54,39.36,25.82,3.33,1.85,0.8,0.0,0.64,0.98
2969,9.46,3.55,39.6,57.93,5.21,0.62,0.0,1.85,2.53,1.06
2970,8.49,3.43,54.55,41.39,1.76,0.5,1.84,1.61,1.47,0.0
2971,10.16,5.39,46.2,52.68,2.13,0.64,1.17,0.0,1.72,0.9
2972,2.75,2.64,74.86,35.34,2.8,1.08,2.92,1.86,4.08,1.17
2973,5.87,0.76,44.24,53.63,5.04,1.41,2.78,1.87,1.99,1.84
2974,5.84,3.52,37.53,35.09,6.65,0.68,1.3,0.63,3.3,1.54
2975,4.76,4.2,51.15,67.85,4.55,2.39,2.26,1.51,2.64,0.44
2976,2.64,2.69,45.13,63.42,1.68,1.31,0.0,2.64,0.0,0.73
2977,9.16,5.07,32.94,11.85,1.97,0.71,2.63,1.53,2.36,0.91
2978,8.58,2.75,16.84,60.8,4.84,0.81,0.89,3.23,4.66,1.37
2979,4.52,3.56,48.64,73.09,6.95,2.55,0.14,2.06,2.99,0.0
2980,2.22,3.05,40.94,17.81,5.69,2.95,2.95,1.02,0.25,1.04
2981,6.2,3.61,35.92,100.0,5.38,0.0,2.23,2.25,2.38,2.22
2982,7.36,5.99,23.82,61.39,4.37,3.27,2.46,3.89,1.77,1.61
2983,5.98,4.34,50.74,31.97,3.03,2.99,2.5,0.48,4.32,1.39
2984,6.48,4.85,49.73,38.84,0.0,1.35,0.28,3.05,2.43,1.16
2985,4.32,3.61,39.15,60.59,2.11,1.31,2.49,1.79,5.25,1.0
2986,5.26,4.46,49.04,12.97,3.4,1.73,0.09,6.8,0.62,0.88
2987,6.2,3.84,70.89,53.23,2.5,2.62,3.42,0.8,1.86,0.92
2988,7.9,4.8,36.43,53.9,4.12,0.8,3.46,0.73,0.81,0.43
2989,6.11,3.8,49.98,16.19,2.3,3.64,2.2,1.86,3.39,0.77
2990,5.66,4.12,30.84,83.27,0.89,1.06,1.16,4.26,1.29,0.1
2991,4.28,2.51,48.79,37.1,2.71,0.88,1.84,2.09,3.02,0.54
2992,10.76,3.08,41.85,43.25,5.34,1.71,3.24,1.95,2.09,1.73
2993,2.68,3.63,65.19,49.93,5.49,0.04,0.11,0.86,1.11,0.81
2994,8.26,3.73,53.03,53.85,2.73,2.07,3.05,0.0,3.77,1.16
2995,10.16,3.64,48.06,39.33,3.1,2.37,0.0,0.83,1.32,0.57
2996,4.73,4.46,26.9,75.33,3.73,1.0,0.2,2.94,2.46,0.0
2997,0.5,6.15,47.3,68.94,5.59,0.68,2.73,1.77,2.09,1.11
2998,4.17,5.23,38.17,88.27,2.78,0.0,2.48,3.12,1.85,0.0
2999,6.43,2.35,26.61,55.02,3.1,1.27,0.49,4.55,0.55,1.16
3000,0.5,4.6,66.65,69.37,2.91,1.13,2.58,3.64,2.61,0.97
3001,1.26,3.54,55.76,29.56,2.0,0.0,1.39,1.56,0.09,1.8
3002,8.66,3.9,61.22,82.1,2.92,0.78,1.62,0.53,1.56,1.19
3003,5.16,0.48,37.32,57.39,2.38,4.82,1.0,1.1,0.24,1.87
3004,2.4,7.85,29.93,36.74,2.45,0.97,1.45,0.0,3.32,0.0
3005,4.31,0.69,35.55,79.11,3.49,0.23,3.8,6.66,2.33,0.2
3006,3.98,0.89,53.18,63.34,3.04,3.06,2.98,2.9,1.46,0.56
3007,2.89,1.57,53.58,56.6,2.1,2.85,1.4,0.74,0.0,1.94
3008,2.98,5.1,53.39,41.39,2.87,1.63,2.28,2.03,0.57,1.19
3009,0.5,0.0,38.78,47.28,4.41,2.56,1.47,2.71,2.76,0.25
3010,3.74,4.77,23.37,78.55,2.95,2.85,2.07,4.8,3.29,1.41
3011,2.48,0.87,68.72,42.31,4.05,0.0,0.79,3.27,3.55,0.05
3012,3.28,4.67,37.66,64.16,3.51,1.51,1.5,0.0,2.4,0.0
3013,5.98,4.47,33.68,74.3,3.63,0.89,1.54,3.97,0.12,0.0
3014,4.41,1.94,57.25,87.39,6.32,0.26,0.51,3.81,2.82,1.38
3015,8.46,4.93,63.47,50.55,2.53,3.34,2.45,0.14,0.07,0.03
3016,2.27,0.08,46.25,68.64,1.12,1.5,0.29,0.88,1.52,1.9
3017,2.91,4.26,24.07,44.53,2.62,0.26,0.39,2.69,0.42,0.28
3018,9.06,4.45,50.54,74.63,5.31,3.02,1.01,1.26,0.0,0.83
3019,9.46,4.0,34.15,35.96,3.83,2.04,1.99,1.21,1.05,1.14
3020,3.26,0.04,49.04,67.53,3.01,2.64,0.01,2.15,2.67,0.79
3021,7.74,8.11,29.69,66.44,2.53,2.37,0.06,2.86,0.11,0.0
3022,8.39,1.82,60.8,45.56,2.34,0.77,3.24,3.15,1.88,0.42
3023,8.27,4.38,56.94,77.78,4.33,3.97,3.17,0.0,1.1,0.0
3024,6.34,1.09,57.01,57.4,3.91,3.02,1.7,2.17,0.97,1.2
3025,1.54,5.54,52.38,31.22,4.96,1.92,2.51,3.23,0.0,0.0
3026,4.13,2.57,52.06,18.11,4.4,1.39,2.41,1.14,4.18,0.5
3027,8.52,3.73,46.81,79.33,3.63,1.44,1.29,1.72,0.57,0.94
3028,0.86,5.92,36.61,56.69,2.22,2.37,1.71,1.36,0.76,0.0
3029,5.27,1.69,47.65,53.36,5.62,3.18,3.22,0.54,1.33,0.0
3030,11.99,4.79,41.28,42.52,1.15,2.38,1.97,0.0,2.81,1.65
3031,7.97,3.62,34.5,63.32,1.56,4.12,2.12,1.87,3.32,1.81
3032,7.62,5.08,37.68,100.0,5.39,2.76,2.74,1.2,0.83,0.0
3033,5.75,4.7,57.12,62.53,2.6,1.62,1.81,4.68,1.12,0.8
3034,7.59,4.59,36.89,51.49,3.55,0.0,1.21,1.75,2.22,0.01
3035,7.94,2.3,60.76,42.25,4.5,2.42,1.32,0.0,0.81,1.64
3036,4.22,2.28,12.02,70.42,4.65,2.82,0.62,2.81,0.45,2.23
3037,4.09,3.08,52.01,61.03,1.58,3.06,2.01,3.44,2.12,1.15
3038,5.42,3.68,31.71,34.74,5.75,1.09,0.22,1.8,0.0,1.96
3039,4.89,5.38,66.07,45.4,1.34,0.44,3.1,0.87,3.33,0.44
3040,11.94,6.59,55.17,66.93,0.4,0.44,3.38,2.04,1.22,0.48
3041,9.25,1.7,60.71,57.44,2.33,1.6,2.52,1.46,4.12,1.51
3042,5.54,4.37,67.3,27.92,5.85,3.52,3.66,0.25,2.97,1.55
3043,7.28,5.02,61.9,65.7,6.02,2.72,1.2,0.0,1.93,0.09
3044,3.18,6.99,36.63,28.63,2.83,5.49,2.85,5.07,0.05,0.21
3045,1.66,0.86,40.97,66.01,3.94,0.0,1.27,0.01,0.14,0.92
3046,7.89,2.13,41.52,51.73,5.65,2.31,2.93,1.05,0.35,0.22
3047,4.32,7.89,64.38,53.83,3.49,2.16,1.08,1.17,2.82,1.17
3048,2.52,4.25,49.36,23.34,4.26,0.94,0.59,0.0,2.47,2.17
3049,7.97,5.55,64.24,65.58,3.51,1.18,1.05,1.88,0.93,0.85
3050,0.5,0.55,37.96,84.9,3.62,4.06,1.95,0.29,0.14,0.87
3051,10.0,5.44,18.04,46.79,0.76,2.28,1.27,0.4,1.47,0.73
3052,9.38,1.23,22.88,33.63,4.72,1.27,2.84,1.35,2.57,0.83
3053,12.63,2.85,40.13,65.77,4.57,0.67,1.95,2.23,0.82,0.59
3054,11.0,0.79,71.76,69.66,3.36,0.52,0.18,3.15,1.04,1.73
3055,6.59,0.66,16.76,36.87,3.2,1.95,0.65,1.87,0.21,0.9
3056,2.15,1.36,36.45,73.27,1.11,1.31,1.99,2.73,0.0,0.0
3057,9.03,6.89,28.34,59.35,5.32,1.92,3.64,1.02,3.7,0.78
3058,8.09,6.46,29.63,61.23,3.69,2.62,3.38,4.75,0.95,0.55
3059,0.7,3.97,49.15,83.08,2.56,3.06,1.86,1.56,4.36,1.09
3060,9.04,3.89,15.86,48.51,1.33,2.72,0.0,3.35,0.62,1.48
3061,9.42,5.33,53.49,31.29,1.5,3.52,1.76,0.0,2.53,0.0
3062,7.07,1.73,41.6,62.09,2.93,2.22,1.88,0.3,1.72,0.7
3063,5.74,2.46,45.82,57.85,3.73,2.08,0.0,3.14,0.24,0.0
3064,10.5,5.19,45.98,72.64,6.0,0.99,2.04,1.59,2.49,1.8
3065,0.5,2.54,46.11,56.53,4.96,0.76,0.54,1.54,0.6,1.65
3066,2.63,3.46,37.55,58.43,2.42,3.11,2.45,1.54,0.73,1.23
3067,6.12,1.68,57.39,47.79,3.64,3.29,2.2,2.19,0.21,0.03
3068,1.87,4.65,34.17,62.55,2.41,2.71,1.73,2.95,2.4,1.3
3069,4.25,4.47,37.51,80.89,1.86,0.0,0.51,1.84,1.24,1.58
3070,5.42,5.28,56.84,32.5,4.44,1.2,2.87,2.31,2.6,1.47
3071,7.66,4.51,21.79,31.72,3.22,0.3,1.89,0.0,0.34,1.26
3072,4.01,4.33,41.04,91.43,1.76,2.35,1.28,0.8,3.15,1.68
3073,3.6,0.0,57.08,38.47,0.35,2.41,0.0,2.17,0.8,1.74
3074,10.48,0.0,59.76,77.87,1.87,3.99,2.97,1.37,0.78,1.58
3075,5.92,1.52,63.11,33.06,2.64,1.52,1.48,1.12,4.32,1.77
3076,7.53,4.75,46.09,33.91,4.74,3.04,1.44,3.79,1.05,1.5
3077,6.5,3.54,28.81,68.42,3.55,1.13,1.94,1.12,3.15,0.97
3078,8.11,5.17,41.25,86.44,2.47,1.93,0.71,2.46,0.47,0.0
3079,2.99,0.0,43.84,66.76,2.54,0.4,2.36,1.91,2.62,1.48
3080,9.63,2.44,55.17,37.66,4.8,1.44,0.7,1.59,4.66,0.4
3081,9.45,6.1,46.74,44.69,3.99,3.54,1.18,0.82,2.81,0.74
3082,4.01,4.69,61.94,63.45,2.74,1.94,0.74,1.65,2.38,0.16
3083,7.9,6.41,49.7,48.25,3.84,0.69,2.96,0.98,2.12,1.07
3084,9.54,3.71,56.8,43.84,3.91,3.27,1.1,1.13,2.31,0.33
3085,5.13,3.8,50.33,58.23,4.64,4.33,0.13,1.74,2.55,1.14
3086,6.01,1.99,78.25,53.0,1.75,2.4,1.3,2.9,0.23,0.31
3087,4.45,4.67,37.4,49.36,4.99,0.36,2.38,3.46,1.12,0.82
3088,1.39,4.57,60.38,25.2,4.23,3.5,0.7,2.87,0.0,0.7
3089,3.48,4.87,39.75,26.71,4.42,0.06,2.65,3.65,1.45,1.28
3090,8.8,4.69,48.5,61.82,4.02,1.55,1.58,2.59,3.8,1.27
3091,9.31,7.71,44.92,55.03,3.61,0.0,0.89,1.75,0.63,1.43
3092,5.84,5.66,27.34,83.94,2.67,0.0,0.63,3.84,0.48,0.0
3093,3.07,9.89,40.25,58.4,4.52,1.04,2.76,3.74,1.95,0.31
3094,9.6,4.13,30.99,70.71,1.35,4.3,0.42,1.89,2.32,1.59
3095,3.83,1.53,52.22,28.15,4.12,1.25,0.75,0.8,0.2,2.31
3096,9.15,5.39,25.39,60.61,3.79,0.0,0.91,0.94,0.0,0.19
3097,3.44,5.96,45.42,72.1,3.43,2.23,2.74,1.69,3.93,0.64
3098,11.58,5.81,43.05,62.25,1.14,3.03,2.75,0.58,1.39,1.44
3099,13.05,3.69,28.12,75.43,1.93,2.66,1.32,2.01,1.86,0.0
3100,4.33,2.92,25.74,49.54,3.94,1.27,1.51,2.45,0.0,1.11
3101,3.1,3.13,53.29,57.58,3.33,4.83,0.0,2.65,2.17,0.78
3102,6.88,7.98,71.2,35.9,5.57,2.64,1.73,1.51,0.9,0.0
3103,6.92,0.34,63.46,64.79,4.35,2.98,1.65,0.29,1.25,1.8
3104,3.54,5.16,32.74,40.31,7.59,2.87,3.65,3.96,0.0,1.73
3105,3.93,7.08,35.24,64.63,2.6,1.82,0.0,6.83,1.93,0.0
3106,4.2,1.93,61.46,63.67,6.55,2.82,4.79,0.84,2.52,0.97
3107,9.15,3.73,55.04,40.79,6.03,1.65,1.54,1.08,0.84,0.98
3108,2.05,1.64,60.52,61.08,3.85,3.32,1.18,1.84,2.6,1.32
3109,3.06,1.32,31.88,8.49,1.61,4.03,0.0,2.93,0.0,0.0
3110,6.55,0.95,59.44,26.74,6.3,4.67,1.15,2.12,2.84,0.0
3111,4.3,4.54,48.52,57.78,2.8,1.47,2.4,2.14,1.38,0.24
3112,4.75,6.42,62.8,56.04,5.27,2.96,2.08,2.15,0.0,0.98
3113,2.68,3.66,48.11,27.88,1.95,1.57,1.68,4.74,0.24,0.69
3114,4.88,3.3,53.26,30.83,5.55,0.0,1.23,1.41,3.45,1.57
3115,9.07,3.2,38.41,62.38,4.86,2.81,3.37,3.75,2.49,0.0
3116,1.88,2.64,40.03,55.69,4.39,1.92,1.07,0.0,0.5,0.63
3117,7.99,5.83,23.89,34.06,7.25,0.0,2.49,1.83,1.85,0.3
3118,7.51,4.37,45.72,67.93,1.23,1.71,2.29,1.8,2.21,2.3
3119,5.43,4.12,37.0,80.9,3.47,0.0,1.11,0.4,1.58,1.16
3120,7.18,2.99,54.49,42.47,4.63,1.33,2.1,2.19,2.1,0.06
3121,8.11,3.83,56.11,58.84,2.9,2.41,0.65,0.0,3.82,0.33
3122,8.56,3.34,54.05,30.94,3.83,3.8,2.95,0.0,4.37,1.09
3123,7.31,4.84,59.67,55.72,6.0,0.59,0.85,0.0,0.47,0.0
3124,2.51,3.52,51.82,31.51,1.38,4.0,1.33,3.35,0.0,0.0
3125,7.18,4.24,45.11,78.02,3.04,0.0,1.11,4.91,3.39,0.0
3126,4.65,6.23,33.38,64.2,3.43,0.0,1.15,4.45,2.54,0.56
3127,3.64,2.89,47.62,47.32,4.98,0.93,0.43,1.35,2.01,0.0
3128,6.25,2.79,70.56,79.7,4.97,0.51,0.0,0.39,3.32,0.0
3129,2.59,7.08,11.04,44.0,4.1,4.17,1.71,1.72,5.09,0.72
3130,3.32,2.44,33.14,13.38,3.02,1.15,3.01,2.95,3.64,1.42
3131,4.56,3.89,34.29,45.96,3.86,3.11,2.19,2.72,2.39,1.94
3132,8.54,2.62,24.65,51.77,5.13,3.35,2.31,2.19,2.47,1.06
3133,5.7,5.27,65.76,56.06,4.22,2.87,0.47,1.75,3.37,0.81
3134,12.15,1.96,64.24,46.13,4.04,1.43,0.7,1.7,0.78,2.63
3135,0.5,3.97,42.51,42.59,3.74,2.8,2.71,0.46,2.08,0.15
3136,1.91,6.16,47.69,50.29,6.26,3.07,1.77,2.33,2.72,0.39
3137,6.69,1.69,39.14,49.07,5.81,2.0,1.76,2.25,1.95,0.57
3138,8.37,1.63,60.38,69.41,2.2,1.05,0.38,2.5,2.02,0.81
3139,8.54,3.28,62.72,78.58,4.38,0.37,1.54,0.71,2.04,0.01
3140,3.53,6.56,27.52,37.46,0.98,0.0,0.0,5.13,0.0,0.0
3141,7.61,4.44,56.82,53.14,2.59,4.89,0.14,3.06,1.39,0.0
3142,2.75,5.76,58.15,71.92,4.09,1.55,0.0,0.4,0.0,1.6
3143,2.26,4.0,60.1,64.85,4.7,2.13,0.39,4.09,3.25,0.25
3144,8.07,4.26,41.86,56.25,3.52,1.84,4.26,2.41,4.28,2.56
3145,10.09,8.38,33.82,87.98,2.68,3.25,2.26,2.5,1.14,2.24
3146,6.14,2.79,69.25,60.27,3.44,0.94,0.93,2.57,2.7,1.25
3147,6.13,3.93,65.77,86.04,2.64,0.72,0.0,4.95,0.0,1.69
3148,8.44,6.19,0.0,56.93,6.49,3.17,2.19,5.08,0.0,0.09
3149,8.47,3.49,41.2,57.1,2.63,1.19,0.47,3.4,4.14,0.32
3150,2.71,3.53,42.3,52.81,1.95,0.58,0.17,0.18,1.66,0.09
3151,6.71,3.96,46.17,8.21,4.14,2.69,2.02,3.41,3.38,0.49
3152,2.87,1.27,62.09,34.33,1.93,1.69,0.0,3.3,2.15,0.62
3153,5.55,3.55,46.17,35.03,3.59,2.23,1.07,1.11,0.66,1.86
3154,5.43,5.36,33.72,82.86,3.55,0.0,2.45,0.2,3.27,0.94
3155,1.15,4.37,60.73,51.56,2.5,2.66,2.72,1.68,2.42,2.12
3156,2.34,2.35,27.16,47.2,5.13,2.06,0.9,0.0,3.18,1.2
3157,9.67,2.05,51.73,37.91,4.47,4.17,0.46,1.65,2.22,1.36
3158,7.67,4.15,43.06,47.66,4.74,2.03,0.0,0.83,0.83,1.13
3159,5.93,1.42,40.93,48.34,5.35,0.99,2.22,3.17,2.91,0.58
3160,4.59,1.32,70.32,60.16,2.77,2.23,0.54,2.95,0.0,1.1
3161,14.13,7.84,18.99,63.27,3.24,3.06,4.49,0.56,0.0,0.73
3162,7.08,2.57,62.55,51.71,6.12,0.8,1.69,1.39,2.42,1.63
3163,7.2,6.41,47.98,41.49,1.98,1.33,0.17,0.0,1.88,0.0
3164,6.42,3.97,19.26,51.04,4.46,2.39,3.1,0.83,0.0,0.0
3165,7.1,4.16,48.52,50.22,1.73,2.8,0.52,0.54,1.41,1.69
3166,6.51,4.34,53.58,51.07,1.39,6.03,0.89,4.26,1.72,0.92
3167,3.67,3.08,11.25,51.64,3.74,2.68,0.56,4.32,0.78,1.65
3168,8.51,5.68,38.68,45.29,3.44,1.42,0.43,2.97,3.57,1.48
3169,5.65,7.62,71.95,37.2,2.17,0.0,0.2,4.53,1.16,0.16
3170,8.82,6.4,48.12,73.01,3.59,0.55,0.97,1.39,2.53,0.0
3171,4.29,8.8,31.71,50.01,4.56,0.98,3.17,1.35,1.17,0.0
3172,10.53,3.71,38.83,76.21,3.66,0.44,3.47,0.22,0.0,0.03
3173,9.75,4.37,49.05,64.92,4.74,2.32,0.78,1.16,2.22,0.13
3174,6.9,4.58,100.0,43.38,4.69,3.07,1.74,2.64,0.18,0.85
3175,8.57,5.34,28.0,29.4,4.49,0.0,2.52,0.0,2.01,0.65
3176,0.5,6.66,36.5,54.55,4.09,1.81,2.28,4.14,1.29,1.25
3177,2.4,4.32,66.05,83.42,3.2,5.23,1.77,4.26,0.5,0.0
3178,5.21,5.52,51.78,35.91,3.14,3.02,2.53,2.96,0.0,0.1
3179,9.14,0.0,39.23,10.66,3.92,4.54,1.0,3.11,0.87,3.49
3180,8.75,6.0,48.42,100.0,2.14,0.0,1.33,0.44,2.28,1.72
3181,6.53,2.43,30.76,45.03,5.17,2.77,2.19,2.62,0.41,1.33
3182,3.44,3.33,26.0,88.99,5.58,5.47,4.48,5.53,1.45,0.0
3183,6.95,4.83,48.52,73.03,0.84,3.54,1.21,0.0,1.29,2.15
3184,5.63,1.22,66.02,51.38,4.56,1.19,3.3,1.93,2.63,0.61
3185,7.46,2.05,35.41,45.33,4.75,3.56,1.16,2.33,2.58,0.6
3186,6.84,6.47,41.96,64.0,2.86,0.0,2.36,3.07,2.88,0.0
3187,7.22,0.2,43.09,66.79,4.77,3.8,2.69,0.72,3.68,2.45
3188,9.84,7.28,24.71,67.24,2.66,1.8,2.7,1.79,2.67,0.35
3189,9.73,3.98,44.79,54.43,0.24,1.97,2.25,2.42,0.0,2.23
3190,1.24,5.16,43.42,12.23,2.84,3.46,3.2,1.5,1.17,2.22
3191,3.26,7.2,49.3,66.03,2.51,1.65,0.0,2.13,1.12,0.71
3192,4.88,6.23,40.09,62.25,0.57,1.59,1.99,2.11,0.92,0.64
3193,3.7,3.52,55.72,72.54,3.71,0.0,1.68,3.4,3.52,0.0
3194,4.64,5.0,79.78,51.37,4.9,2.87,2.54,1.76,0.78,0.0
3195,5.58,7.05,45.04,38.06,4.96,0.92,1.88,0.0,0.0,0.0
3196,3.24,3.26,55.32,49.44,0.95,2.67,1.04,2.06,1.47,1.21
3197,2.1,8.25,47.23,45.06,0.91,1.74,2.1,2.64,0.56,0.61
3198,2.69,6.69,55.9,9.1,5.57,0.0,2.64,3.7,2.7,1.55
3199,6.33,6.33,49.82,49.63,2.02,0.05,2.1,0.95,5.14,0.39
3200,3.96,6.56,25.99,36.38,4.41,1.11,3.05,3.22,0.46,0.63
3201,10.25,2.88,46.58,46.68,2.98,1.89,0.98,2.85,2.74,0.35
3202,4.66,1.84,38.65,35.53,3.95,4.54,1.96,0.0,2.88,0.42
3203,5.67,3.34,53.35,93.17,2.9,1.7,3.74,0.0,0.69,0.52
3204,5.8,3.52,39.03,88.6,1.59,1.88,0.12,2.9,4.59,1.22
3205,10.26,3.79,40.8,65.05,0.9,4.81,1.91,1.64,3.86,1.0
3206,8.8,4.37,38.51,32.72,3.13,3.3,0.0,0.33,2.13,0.53
3207,5.18,0.66,31.72,46.38,4.04,0.99,3.36,1.05,2.69,0.93
3208,4.62,7.25,30.53,54.5,1.21,3.04,0.0,3.21,2.8,0.13
3209,3.75,4.16,57.54,51.85,5.74,0.11,2.26,3.47,3.01,2.33
3210,6.36,0.68,77.46,72.46,4.08,1.17,1.35,1.78,2.12,0.96
3211,6.58,1.71,53.17,16.96,3.15,1.11,1.67,0.42,0.83,0.27
3212,7.44,5.39,40.51,54.06,2.99,4.31,0.84,2.0,0.03,0.0
3213,8.17,6.39,51.51,81.2,3.4,1.95,0.95,0.49,1.38,0.63
3214,9.78,3.26,45.97,5.79,2.52,2.05,1.43,2.33,0.79,2.53
3215,6.8,2.31,27.34,39.47,2.24,2.47,1.96,3.67,2.08,0.0
3216,2.0,4.81,50.22,36.81,2.9,4.98,0.0,1.99,2.22,0.46
3217,4.66,4.22,53.97,86.83,4.42,0.86,0.83,1.56,2.97,1.81
3218,1.42,6.65,33.9,70.08,6.37,1.01,0.0,4.62,1.49,0.27
3219,7.27,2.07,74.31,83.21,2.13,2.65,0.61,2.77,1.75,0.66
3220,5.77,5.08,67.23,35.1,2.11,3.81,2.34,1.04,2.74,0.53
3221,4.72,2.45,46.89,74.82,1.62,0.0,2.65,1.77,1.29,1.23
3222,7.75,5.93,41.93,50.7,2.55,0.63,1.96,3.18,1.66,0.31
3223,10.64,5.37,34.13,35.19,3.23,0.84,1.83,1.53,2.25,0.18
3224,2.16,5.74,46.98,20.77,3.53,4.24,2.64,0.16,1.33,0.63
3225,8.26,4.95,76.36,63.09,0.36,0.56,2.48,1.73,4.65,1.68
3226,7.68,2.92,53.39,81.87,5.1,0.0,2.76,1.75,1.59,0.42
3227,6.63,2.73,11.46,56.48,4.93,0.24,1.98,0.62,4.15,1.51
3228,9.38,4.42,53.91,31.87,3.99,3.58,0.7,0.0,1.54,1.28
3229,8.35,6.42,58.94,63.06,3.71,4.19,1.29,3.1,2.53,0.31
3230,6.52,0.99,62.74,24.4,5.86,3.66,2.74,0.0,0.58,0.0
3231,5.8,4.64,36.42,63.92,2.09,0.0,1.15,3.26,2.28,0.76
3232,7.32,4.48,16.85,42.46,4.65,0.51,1.44,2.91,0.0,1.17
3233,5.0,5.02,48.56,72.9,3.94,2.92,1.84,1.07,3.3,1.25
3234,3.68,4.17,58.45,35.62,4.84,2.19,2.84,2.68,2.73,0.05
3235,6.33,1.36,53.46,57.17,2.63,0.0,0.0,2.4,2.53,2.06
3236,2.98,7.92,50.4,78.76,2.78,0.05,1.41,0.69,1.8,0.07
3237,1.23,2.5,56.31,53.47,2.92,2.27,0.46,0.39,4.06,0.93
3238,9.19,2.23,33.65,67.25,3.39,1.5,0.27,1.62,0.55,0.19
3239,6.25,2.27,27.37,66.2,2.72,2.78,2.35,1.54,3.58,1.71
3240,4.35,3.64,73.99,46.4,2.62,2.87,0.65,2.62,2.76,0.0
3241,2.96,2.79,55.26,36.21,2.45,0.0,0.0,1.44,2.19,2.02
3242,7.98,2.73,46.76,66.82,4.94,3.5,2.2,0.0,2.53,0.0
3243,6.9,3.72,55.93,79.21,2.36,0.61,0.0,0.67,2.06,0.0
3244,6.99,5.14,50.36,22.5,3.32,2.35,0.0,1.62,0.84,3.23
3245,4.58,3.16,32.98,69.02,2.43,5.68,2.84,2.88,1.74,0.0
3246,0.5,0.06,62.04,73.55,2.12,2.16,0.12,0.66,0.74,0.95
3247,9.63,3.35,6.64,100.0,4.28,2.04,0.0,0.3,2.9,0.0
3248,4.46,0.2,47.73,99.65,4.68,2.56,1.15,0.31,2.81,0.0
3249,7.96,6.1,59.72,36.25,3.29,0.75,0.85,4.84,2.46,0.0
3250,0.5,5.25,46.01,64.08,7.14,0.91,1.01,1.32,3.67,0.27
3251,5.11,3.7,23.28,44.03,1.92,2.31,0.16,1.65,3.57,0.72
3252,0.62,5.28,74.74,45.25,4.53,3.96,4.47,5.05,0.0,0.0
3253,7.44,2.47,56.31,28.67,4.91,1.88,0.63,2.62,1.11,1.21
3254,6.22,3.0,53.51,50.25,2.06,0.7,1.73,2.54,3.82,2.26
3255,8.15,1.85,45.72,52.11,3.14,0.57,3.2,2.03,1.86,2.54
3256,4.04,10.02,38.57,71.74,2.89,4.04,2.57,2.79,1.18,1.44
3257,8.68,4.08,59.06,48.6,1.8,2.65,1.04,4.21,1.67,0.0
3258,5.8,4.78,0.0,68.04,1.75,0.06,2.5,0.75,1.58,1.44
3259,3.54,6.42,49.03,65.56,2.92,3.32,2.1,1.34,3.47,0.0
3260,7.22,5.89,26.44,59.68,4.22,2.1,2.17,0.39,1.09,0.0
3261,9.04,3.38,62.02,49.1,1.08,1.71,0.0,0.12,0.35,2.44
3262,6.73,5.24,44.85,47.13,4.35,3.47,0.68,1.85,3.8,2.25
3263,3.91,4.24,42.77,28.45,1.55,4.31,3.06,1.42,0.0,1.86
3264,10.57,5.38,27.17,0.0,2.33,2.15,2.02,1.62,1.38,1.52
3265,8.62,3.94,40.2,36.49,2.97,5.33,1.03,2.6,2.28,1.88
3266,7.47,2.9,41.62,22.25,4.5,0.14,3.28,0.65,0.0,0.66
3267,6.99,3.41,39.95,82.31,5.26,2.17,1.77,2.72,1.21,0.7
3268,5.1,6.61,43.98,52.02,2.4,0.0,1.39,2.55,1.13,0.04
3269,5.48,2.62,50.34,71.84,4.62,0.0,2.26,4.15,0.77,1.3
3270,5.22,3.56,57.92,65.47,2.78,0.18,2.04,0.47,1.7,0.28
3271,8.56,4.01,27.09,47.66,1.06,0.0,0.31,1.5,2.09,3.5
3272,4.42,2.66,24.77,26.94,2.57,0.33,2.41,3.35,1.08,0.41
3273,7.58,4.32,32.27,45.66,4.15,1.62,3.45,2.24,0.32,1.1
3274,5.53,3.35,26.15,32.85,4.13,0.28,0.0,1.91,1.91,0.68
3275,10.96,5.21,27.11,74.05,1.94,3.25,2.26,2.9,0.92,1.05
3276,11.21,3.13,61.06,91.6,1.49,2.86,3.23,1.83,0.03,0.0
3277,5.98,2.77,22.11,53.95,3.9,2.63,1.95,2.04,1.76,2.29
3278,6.01,5.11,39.22,23.87,4.16,4.81,2.93,1.63,0.0,0.96
3279,9.47,5.82,31.59,44.69,1.51,3.75,1.78,2.72,2.48,0.36
3280,4.21,5.67,56.12,53.97,1.09,0.99,2.69,4.13,0.0,0.99
3281,8.21,4.1,39.38,43.45,4.19,2.26,2.02,0.89,4.45,0.83
3282,6.59,1.38,36.05,72.4,3.58,1.07,1.72,2.77,2.35,0.0
3283,3.65,2.44,44.25,51.53,2.4,3.05,0.51,3.77,2.03,0.32
3284,10.46,3.5,53.1,50.82,3.96,2.49,1.1,0.98,0.0,0.89
3285,6.91,1.87,19.22,29.41,2.61,2.45,0.47,4.31,2.56,1.68
3286,0.5,3.18,37.89,66.89,3.51,3.26,1.68,1.11,2.91,0.0
3287,7.54,4.33,51.85,55.94,2.87,1.1,1.78,0.31,1.58,0.0
3288,1.64,5.19,38.62,47.01,4.81,2.26,1.34,2.16,0.12,0.0
3289,10.48,4.75,50.7,73.9,0.44,3.01,1.64,3.23,0.0,0.44
3290,6.01,3.31,23.8,36.02,2.75,1.25,1.92,0.0,4.34,0.85
3291,4.32,2.56,48.3,39.46,2.79,3.8,0.1,0.0,1.75,0.57
3292,6.29,1.48,40.18,61.16,4.02,0.0,2.13,0.0,4.01,0.68
3293,6.46,4.71,43.13,70.31,3.47,2.82,2.21,2.55,0.0,0.84
3294,3.97,2.31,60.16,92.21,3.62,2.29,3.62,2.15,1.33,0.27
3295,6.1,4.51,56.38,66.17,4.58,1.06,0.56,3.21,2.64,0.54
3296,9.11,3.23,43.79,29.01,3.22,2.02,1.31,0.74,0.59,0.0
3297,7.49,2.14,41.64,66.54,6.31,1.32,3.43,3.18,0.68,1.3
3298,0.5,5.61,61.16,43.95,4.48,1.4,0.0,2.49,0.79,0.7
3299,9.84,5.29,26.42,59.55,1.94,2.07,2.26,0.18,2.27,2.64
3300,2.96,7.36,3.91,71.51,3.16,0.54,2.9,3.69,0.44,0.3
3301,8.58,4.77,34.67,75.13,3.38,4.17,1.06,0.39,1.42,0.28
3302,4.39,6.12,40.81,51.16,5.05,1.4,2.45,1.61,2.76,2.93
3303,2.71,1.37,49.54,48.19,2.46,4.0,0.63,0.5,0.36,0.0
3304,8.7,5.57,63.38,53.67,1.4,1.63,0.0,3.46,1.34,2.09
3305,7.48,6.04,67.03,31.2,3.76,0.0,1.44,3.07,1.96,0.65
3306,3.73,7.3,30.36,38.39,2.08,1.88,3.08,1.65,0.0,0.68
3307,9.07,1.04,34.65,72.86,3.24,3.32,0.56,1.62,2.85,1.51
3308,6.76,1.91,31.78,32.79,2.35,1.98,1.89,1.44,1.13,0.89
3309,3.72,3.57,42.23,34.58,4.86,2.95,3.87,2.9,1.33,1.17
3310,5.03,6.86,73.22,37.83,1.82,3.19,2.16,1.8,0.0,0.3
3311,5.45,0.0,65.37,58.84,1.5,2.35,1.17,1.89,2.83,1.77
3312,6.61,3.3,62.05,63.47,4.46,3.62,3.35,2.12,2.23,0.0
3313,3.84,3.81,17.55,60.16,2.1,3.59,2.98,0.38,1.23,1.38
3314,3.37,4.85,48.16,70.86,2.66,2.31,2.26,3.75,3.9,0.19
3315,5.34,0.63,49.43,28.97,3.98,3.77,1.25,0.75,1.62,0.88
3316,5.86,1.08,46.41,61.29,4.78,1.69,0.0,1.43,2.38,0.78
3317,6.89,3.71,32.99,69.03,2.57,5.0,2.56,4.39,2.46,0.0
3318,11.62,0.13,34.65,88.94,2.72,0.66,2.01,1.34,2.58,1.46
3319,7.52,3.46,14.19,55.26,4.63,0.01,0.79,2.48,2.48,0.0
3320,10.78,0.0,56.42,64.59,1.27,4.41,1.79,0.0,0.25,1.68
3321,7.52,6.39,41.2,53.13,2.76,2.82,0.0,3.19,5.26,0.87
3322,4.73,6.19,43.87,70.02,3.61,1.72,2.44,0.08,3.84,1.48
3323,2.69,6.97,48.84,68.43,3.01,1.83,0.0,1.64,0.87,0.0
3324,10.28,5.59,61.9,61.49,5.83,2.45,1.24,2.06,2.77,0.22
3325,5.76,2.9,42.13,67.22,2.83,1.58,0.0,0.12,0.0,0.43
3326,2.59,4.79,47.36,44.04,3.45,3.57,0.14,4.28,1.85,0.0
3327,6.04,5.32,39.8,68.26,4.29,0.0,1.97,6.39,0.01,0.0
3328,10.54,6.46,41.28,56.41,3.05,0.9,1.89,1.75,4.42,1.3
3329,6.08,8.6,18.24,49.04,5.53,2.87,1.88,0.57,4.0,0.19
3330,4.93,10.14,64.93,24.12,0.65,0.07,0.0,2.66,1.83,0.0
3331,4.71,1.38,33.1,50.77,3.43,6.11,3.65,1.19,1.2,1.41
3332,9.12,4.68,29.49,59.49,1.11,2.19,0.0,2.28,3.16,1.35
3333,6.77,6.08,10.43,37.68,2.76,2.38,0.76,0.82,0.31,1.05
3334,6.95,7.48,50.33,48.41,2.1,0.65,1.4,1.27,0.0,0.0
3335,6.3,1.04,35.46,61.88,2.77,0.0,2.01,2.52,2.96,0.66
3336,3.81,6.3,51.18,55.49,3.36,0.57,1.95,0.98,1.43,0.37
3337,0.5,4.93,39.7,81.49,4.22,1.43,2.28,3.68,0.47,0.95
3338,5.38,1.4,40.8,65.85,3.24,1.16,1.4,2.79,2.32,0.14
3339,9.46,0.52,40.37,73.27,6.26,4.26,0.98,1.38,2.27,0.78
3340,9.83,0.63,42.48,33.31,3.64,1.69,0.8,2.63,2.89,1.09
3341,9.58,2.39,48.61,48.23,2.76,1.46,1.11,0.0,4.3,0.78
3342,4.78,4.54,74.26,71.46,4.57,2.5,2.3,2.17,0.33,0.0
3343,8.46,1.65,56.55,56.97,1.91,3.26,0.73,2.07,5.02,0.0
3344,3.1,3.74,45.48,100.0,1.57,0.0,2.07,1.79,1.8,1.69
3345,8.96,8.19,44.15,44.63,5.75,2.82,2.53,0.44,0.82,0.0
3346,4.66,6.71,9.42,47.52,1.52,0.0,0.98,2.73,2.27,1.02
3347,7.58,8.69,49.01,97.44,3.02,2.33,0.0,1.1,1.53,0.0
3348,5.32,4.1,46.51,43.38,2.3,3.13,2.38,2.92,0.4,1.22
3349,5.78,1.86,50.51,77.24,4.98,2.63,3.42,3.05,4.04,0.4
3350,7.23,4.56,47.74,91.23,2.95,1.05,2.44,2.21,1.55,0.14
3351,5.96,0.6,26.8,95.99,4.83,3.41,4.49,1.51,2.26,1.1
3352,1.78,5.62,85.83,24.82,3.22,4.77,1.39,2.44,0.3,0.15
3353,5.08,9.17,52.87,24.43,2.96,1.12,2.09,1.48,5.02,0.39
3354,3.96,3.0,77.83,44.23,3.79,2.3,4.19,1.67,3.05,0.04
3355,9.56,4.71,27.11,100.0,2.54,0.82,1.23,3.91,2.02,0.86
3356,4.65,1.74,84.48,70.01,3.07,0.05,1.87,4.01,2.11,0.59
3357,8.43,0.0,35.54,53.47,0.0,3.43,0.95,0.0,1.47,0.17
3358,0.5,4.98,39.29,62.52,3.48,3.4,0.77,2.41,2.16,0.0
3359,6.25,4.89,44.01,60.66,2.48,3.41,2.82,4.21,0.33,0.26
3360,4.43,4.21,36.96,50.07,2.05,3.49,1.62,3.05,1.08,0.96
3361,8.73,3.8,46.98,46.66,4.86,2.6,1.39,3.04,1.01,0.86
3362,4.05,0.0,37.87,50.39,3.59,2.18,1.38,3.92,3.33,1.75
3363,0.5,2.15,45.43,65.28,6.08,2.78,0.72,2.01,4.5,0.0
3364,2.15,2.06,52.08,16.73,5.0,0.4,3.53,3.71,1.86,0.47
3365,8.15,5.24,58.74,31.83,4.88,2.98,1.68,1.35,1.3,0.0
3366,0.53,1.54,19.79,71.66,4.88,1.39,1.04,2.67,2.52,2.44
3367,8.64,4.49,38.98,21.03,2.78,2.52,1.06,2.55,1.93,1.08
3368,11.73,5.2,29.29,62.43,4.89,1.5,3.91,1.92,0.32,0.52
3369,7.24,2.66,61.33,74.4,2.6,4.98,2.39,2.34,3.41,1.83
3370,5.07,2.31,46.49,79.67,2.85,0.94,3.4,2.8,3.26,0.15
3371,5.1,6.78,44.4,34.77,3.86,2.49,0.0,1.72,1.68,2.11
3372,4.47,0.09,33.97,53.06,4.55,3.63,2.17,1.06,1.67,0.94
3373,5.14,5.9,34.94,41.88,2.97,1.49,0.0,0.0,0.03,1.68
3374,8.03,5.74,41.41,60.47,4.6,3.05,1.93,1.13,0.0,1.45
3375,4.88,4.52,37.59,89.83,4.03,0.91,2.48,3.0,2.71,0.59
3376,1.32,4.77,57.66,45.74,3.6,1.25,1.11,2.58,3.06,0.27
3377,11.01,2.98,39.88,32.98,3.81,2.61,0.0,1.47,2.41,1.83
3378,7.27,9.01,53.53,53.77,2.88,1.75,3.16,4.3,0.88,2.45
3379,4.05,3.69,43.37,32.3,5.19,2.66,2.81,3.43,2.9,0.58
3380,7.87,6.54,40.68,81.69,5.01,2.78,3.37,0.28,0.0,0.44
3381,8.5,2.56,51.71,59.27,3.48,2.26,4.44,1.58,2.79,0.92
3382,6.05,0.21,38.52,37.95,1.69,1.61,1.89,2.42,0.53,0.63
3383,8.0,0.0,58.0,76.3,2.8,3.43,4.69,1.14,5.16,2.41
3384,7.09,3.6,33.96,85.66,3.49,2.56,1.67,0.99,1.48,0.0
3385,3.62,1.75,54.29,41.38,2.56,2.55,1.07,4.1,2.08,0.0
3386,1.66,3.5,30.41,47.41,5.53,1.17,1.89,3.31,2.94,0.52
3387,6.62,7.81,30.2,51.29,2.28,3.77,0.0,0.54,0.34,0.2
3388,6.04,6.51,53.7,66.57,4.89,0.0,2.45,3.0,3.18,1.74
3389,9.25,2.01,27.6,53.14,1.46,3.18,0.57,4.42,3.02,0.65
3390,6.98,0.0,46.31,79.23,2.06,4.66,2.77,1.19,1.68,0.94
3391,4.68,3.8,30.32,54.97,0.0,0.0,1.06,6.08,1.96,1.27
3392,1.99,3.81,53.71,46.19,3.08,2.07,0.0,2.64,2.67,0.0
3393,6.94,5.31,36.53,42.67,0.03,1.76,0.34,0.48,2.46,0.0
3394,7.12,4.92,23.18,0.0,3.74,3.18,1.86,0.11,4.06,0.77
3395,7.48,5.94,42.01,38.48,6.22,3.04,3.16,1.81,1.24,1.71
3396,0.5,4.14,66.64,61.6,5.2,2.81,0.82,0.52,2.27,0.39
3397,4.56,4.85,23.52,37.94,2.43,3.0,2.35,2.69,2.78,0.71
3398,7.68,4.87,39.54,35.89,3.22,0.86,1.47,2.42,0.63,0.76
3399,7.62,3.75,31.27,54.74,2.11,2.44,1.46,1.86,0.0,1.21
3400,4.56,1.75,65.69,83.48,5.51,0.89,1.74,0.58,2.78,0.21
3401,6.97,3.18,46.96,61.56,3.44,0.0,2.34,2.07,1.91,2.21
3402,8.16,4.17,50.13,48.71,4.43,1.9,1.21,4.51,2.63,2.66
3403,3.76,6.28,64.51,51.72,4.74,2.23,0.29,2.3,3.06,0.7
3404,9.62,3.49,59.12,54.53,3.71,1.58,3.15,0.88,0.0,1.51
3405,5.87,9.91,59.43,71.77,5.07,0.0,3.12,2.88,2.63,0.01
3406,0.5,4.09,29.84,41.83,4.63,2.14,0.95,0.37,4.82,0.0
3407,6.61,5.15,43.22,17.15,1.38,0.76,2.39,0.0,2.18,2.49
3408,1.66,6.5,34.73,59.76,4.63,0.93,1.76,4.35,0.03,0.14
3409,4.07,3.66,60.16,76.82,2.37,3.72,3.18,0.56,2.12,1.78
3410,6.75,3.25,84.35,3.0,1.23,2.2,2.44,0.0,3.17,2.34
3411,6.73,2.67,55.09,63.44,2.13,0.76,1.71,4.73,0.0,1.73
3412,8.52,6.21,43.44,25.84,3.42,4.3,1.96,2.12,0.0,0.56
3413,7.92,5.02,31.74,35.73,2.12,0.95,0.96,1.85,1.36,1.85
3414,9.11,3.34,35.77,17.41,5.08,2.4,4.26,0.0,0.0,2.03
3415,6.73,6.58,40.69,48.98,4.82,0.0,2.39,1.44,2.54,0.62
3416,10.17,5.92,78.36,71.46,3.04,4.92,0.0,3.04,2.25,0.0
3417,6.92,6.63,46.61,98.05,5.15,1.68,2.01,3.53,3.37,0.0
3418,6.86,4.52,72.54,56.61,6.0,0.0,2.62,1.6,1.19,0.86
3419,6.39,3.78,55.14,25.17,4.43,2.56,2.24,2.5,2.49,0.0
3420,7.63,4.48,54.45,23.45,2.36,0.43,2.74,2.27,1.25,0.0
3421,10.37,2.78,68.23,72.07,3.73,0.7,2.97,0.0,1.02,1.02
3422,5.95,6.46,41.65,58.39,4.06,2.52,1.97,0.26,0.87,0.0
3423,3.1,2.92,41.49,50.41,2.29,2.61,2.76,1.97,0.0,0.63
3424,11.54,2.77,32.4,52.78,5.95,0.99,1.31,2.54,1.1,0.81
3425,5.73,6.52,56.07,51.33,3.42,2.42,3.33,0.0,1.12,1.22
3426,4.82,3.97,36.96,61.8,2.47,1.1,1.67,4.07,0.72,1.75
3427,3.99,2.23,26.15,90.9,2.71,1.98,2.28,0.0,1.33,1.16
3428,4.4,5.66,52.75,44.62,1.18,3.91,2.67,3.97,0.0,0.49
3429,5.93,6.83,15.66,73.52,6.11,0.0,1.97,2.06,2.44,1.8
3430,8.04,0.85,62.33,56.21,3.63,2.83,0.0,1.66,2.18,0.0
3431,6.01,5.13,32.67,72.68,1.62,1.52,0.11,4.57,1.72,1.01
3432,7.63,3.73,57.14,73.26,1.46,0.86,0.0,2.71,3.64,0.5
3433,3.85,4.68,41.13,49.65,4.76,1.48,3.0,1.79,1.92,1.46
3434,9.15,4.95,27.54,80.69,3.28,2.96,0.0,3.77,0.31,1.2
3435,7.74,4.7,63.21,46.52,2.93,1.36,2.83,2.36,2.88,1.54
3436,4.96,4.57,65.68,68.1,3.75,1.42,2.41,0.0,0.0,1.42
3437,7.2,4.76,35.06,47.05,3.6,2.9,2.48,0.03,0.52,0.22
3438,11.58,1.83,61.35,46.21,0.38,3.32,1.24,1.73,0.31,0.16
3439,4.5,6.03,32.27,51.99,1.4,0.94,1.31,3.05,3.85,0.0
3440,5.16,3.64,44.95,58.17,3.51,0.02,0.28,1.84,2.45,1.07
3441,5.6,3.13,55.74,88.81,3.33,2.28,2.4,3.24,1.86,0.0
3442,6.52,3.83,62.89,89.76,1.86,3.36,0.0,1.35,2.96,0.09
3443,9.48,5.06,52.86,50.34,1.97,3.28,0.56,2.07,1.4,1.3
3444,8.29,3.08,31.02,26.39,3.47,2.71,2.15,4.25,0.0,0.7
3445,5.74,5.8,42.05,79.64,4.66,1.17,2.71,0.17,0.78,0.0
3446,13.89,4.3,46.85,48.02,3.57,1.66,3.16,0.2,1.38,0.71
3447,10.6,6.39,36.97,61.8,1.45,5.4,2.27,2.33,0.51,0.51
3448,2.1,2.31,40.6,42.57,5.03,3.86,0.45,0.81,5.28,0.69
3449,4.37,4.26,60.72,58.62,3.47,1.11,1.35,2.9,3.47,0.37
3450,7.05,3.88,32.63,19.7,1.65,1.82,0.0,2.62,0.62,1.27
3451,4.11,0.0,29.47,89.07,0.94,0.38,2.91,2.51,4.09,1.53
3452,6.02,0.0,21.18,38.75,3.38,3.27,1.69,5.27,0.0,0.68
3453,4.33,1.68,41.92,56.8,4.14,3.02,0.0,1.64,2.18,1.61
3454,0.5,3.47,55.35,36.64,2.19,3.78,0.94,2.69,3.03,0.82
3455,10.44,3.64,44.83,22.18,3.53,0.81,0.0,0.0,3.45,2.18
3456,7.86,4.88,64.43,64.95,2.18,3.08,1.21,3.27,2.21,1.53
3457,2.61,4.95,66.98,69.21,5.47,0.86,1.3,2.1,0.0,1.57
3458,9.69,2.79,65.47,36.7,3.96,0.0,1.11,2.77,0.58,0.39
3459,2.9,4.06,51.72,44.42,4.59,1.78,0.49,3.42,1.75,0.22
3460,5.4,3.76,46.45,60.46,2.23,3.6,3.05,4.37,3.61,1.17
3461,5.55,5.52,49.8,59.18,2.79,1.37,0.45,1.72,4.3,0.0
3462,4.32,0.93,60.76,54.74,3.74,1.72,0.0,1.42,3.27,0.68
3463,4.64,3.81,60.3,67.96,4.03,3.56,0.2,3.1,1.64,0.88
3464,11.57,1.09,42.76,66.06,4.4,3.35,1.76,1.74,1.5,0.54
3465,5.17,3.8,39.82,31.44,4.86,2.46,2.34,3.32,3.74,1.71
3466,0.5,6.22,47.75,42.62,4.07,2.2,2.67,1.19,3.33,1.9
3467,6.22,6.49,53.96,31.97,0.0,1.71,2.85,0.0,0.31,0.05
3468,10.42,4.71,35.03,74.5,2.65,1.73,1.75,0.76,0.63,0.42
3469,4.29,1.13,75.13,44.57,6.17,3.3,3.54,0.84,0.0,0.0
3470,9.77,3.45,37.37,40.21,3.56,1.34,0.51,0.0,0.47,0.79
3471,6.98,5.97,67.58,33.64,5.48,4.15,2.91,0.0,3.25,2.33
3472,8.06,5.55,35.87,43.75,4.26,2.03,1.39,0.0,0.13,1.72
3473,7.46,3.14,58.26,47.78,2.86,0.31,1.11,4.82,1.05,1.05
3474,3.08,7.08,41.68,100.0,3.55,0.0,2.9,3.96,3.72,1.02
3475,4.24,4.63,45.61,32.56,3.39,3.97,0.98,0.53,1.68,0.31
3476,1.47,0.0,33.47,27.18,4.73,0.33,1.55,3.95,2.96,1.46
3477,8.61,6.36,50.53,46.73,2.81,0.0,0.45,0.0,0.93,2.0
3478,7.94,3.39,49.84,48.6,3.64,2.06,2.17,0.0,2.33,0.71
3479,2.7,3.82,62.49,69.65,1.54,3.32,3.26,1.54,0.0,1.41
3480,3.82,2.89,44.01,55.46,3.07,0.0,2.15,3.81,2.88,2.12
3481,4.84,4.63,45.16,20.79,3.84,1.97,0.97,0.03,0.84,0.67
3482,7.5,5.82,47.69,58.77,1.56,2.62,2.22,4.02,0.99,1.28
3483,11.35,6.03,0.0,7.88,2.81,2.07,2.95,1.21,1.34,1.79
3484,4.79,4.04,41.8,74.48,1.33,0.43,0.0,2.31,3.41,2.09
3485,5.94,6.94,38.99,41.56,4.21,4.26,2.35,1.8,1.06,1.91
3486,7.49,4.81,39.73,67.41,3.53,3.13,0.0,2.54,1.43,0.82
3487,5.5,6.13,52.39,53.85,6.42,3.86,1.0,0.49,0.0,0.38
3488,5.7,5.09,51.86,71.98,4.5,0.95,0.0,3.77,2.48,0.0
3489,2.87,4.9,36.81,81.81,3.02,4.63,0.55,2.41,5.13,0.0
3490,4.02,2.58,25.58,32.58,3.98,0.0,0.33,3.02,1.75,0.0
3491,4.7,6.75,37.87,74.98,5.55,3.71,3.28,4.03,0.16,0.0
3492,6.28,3.23,28.15,5.45,4.92,2.67,1.47,2.83,0.0,0.0
3493,5.49,1.22,50.92,24.37,4.78,5.27,1.49,0.75,2.93,0.0
3494,3.5,3.78,41.83,56.56,3.79,2.66,1.38,2.63,0.0,1.12
3495,8.22,2.57,27.99,56.59,2.61,0.22,0.0,2.6,2.27,2.81
3496,0.5,2.23,21.07,30.71,2.03,3.79,1.62,3.06,1.28,1.74
3497,2.99,5.34,26.41,95.05,5.12,4.01,2.27,2.6,0.0,1.3
3498,0.56,3.6,50.41,27.31,4.54,3.42,1.52,2.49,1.83,0.61
3499,4.13,2.87,42.8,63.54,2.75,1.12,1.87,2.48,0.63,2.39
3500,2.95,0.63,58.74,53.73,5.33,2.93,1.79,1.62,4.39,1.04
3501,0.5,4.22,39.86,29.8,4.59,2.35,1.41,1.6,0.37,0.4
3502,5.14,5.93,58.25,43.11,4.72,1.8,2.29,3.38,2.62,0.84
3503,9.88,3.78,58.13,79.7,1.98,2.4,0.04,0.0,4.05,0.99
3504,4.59,1.21,35.51,53.55,3.1,3.2,0.65,2.19,3.6,0.0
3505,7.46,5.06,46.79,64.77,2.94,0.84,0.7,0.0,1.31,1.0
3506,10.72,2.95,24.54,47.2,4.07,1.73,1.07,1.58,0.66,1.76
3507,6.12,5.15,44.35,50.45,2.38,2.67,2.02,1.51,2.33,1.09
3508,7.41,2.66,64.31,59.58,3.8,1.83,0.0,0.63,2.24,0.66
3509,3.87,1.9,49.4,78.03,3.63,3.77,1.71,1.13,0.37,0.46
3510,5.91,4.78,35.94,70.49,1.43,0.95,1.47,6.35,2.07,2.34
3511,6.67,4.37,27.39,42.35,3.43,1.69,3.91,4.82,2.17,2.04
3512,5.13,2.05,53.82,51.83,3.99,3.09,0.61,1.52,0.8,1.0
3513,7.19,3.15,31.01,70.69,2.64,2.23,2.7,0.79,2.25,2.27
3514,9.15,3.84,27.84,89.88,0.29,0.62,0.33,3.53,0.03,1.16
3515,7.96,4.6,35.22,38.92,6.09,2.03,1.68,2.55,2.55,1.05
3516,6.95,6.22,30.16,60.28,5.02,1.04,0.0,4.77,3.74,1.35
3517,2.45,2.05,37.08,83.45,2.58,3.5,2.12,4.07,0.0,0.38
3518,6.33,4.33,64.71,92.1,4.24,4.71,1.71,1.4,1.82,0.55
3519,4.76,6.53,38.49,36.7,2.64,1.1,3.03,3.27,1.17,0.48
3520,4.31,1.53,57.0,35.36,1.94,2.41,2.63,1.13,2.51,1.38
3521,6.84,7.95,52.06,30.17,6.59,0.0,2.37,0.28,3.14,0.93
3522,6.56,5.4,29.97,44.19,1.18,2.03,0.87,4.88,0.0,1.97
3523,2.95,3.26,36.88,60.03,5.24,0.86,0.0,0.07,4.51,0.68
3524,5.05,7.47,61.13,45.51,2.81,0.0,0.0,3.42,2.64,0.84
3525,6.18,4.1,36.01,27.63,5.27,1.49,0.98,2.67,2.36,2.39
3526,0.5,7.64,63.61,23.87,4.1,7.09,1.72,1.97,0.92,0.0
3527,4.88,3.43,71.09,42.69,4.78,0.61,1.89,3.55,2.42,0.0
3528,1.16,3.14,52.22,51.5,2.16,2.57,2.06,2.08,1.84,1.44
3529,5.7,4.97,48.26,42.63,3.23,4.48,1.18,5.3,1.75,1.17
3530,8.9,2.76,51.62,54.02,1.54,4.02,0.1,1.5,1.81,1.84
3531,11.42,3.98,36.16,44.03,2.37,1.06,1.08,1.11,3.17,1.93
3532,8.55,6.42,70.88,61.52,3.93,1.46,1.56,1.45,1.92,0.58
3533,3.02,1.89,39.98,54.93,3.23,5.36,3.24,4.31,1.83,2.41
3534,6.41,9.27,50.04,55.65,3.29,1.19,1.66,1.29,4.55,1.19
3535,4.19,2.15,56.16,86.87,3.52,3.07,2.39,3.64,0.0,0.0
3536,9.32,5.37,22.93,40.74,3.81,0.75,1.08,0.75,1.39,1.77
3537,2.03,3.84,28.91,66.83,1.52,0.0,0.23,1.43,1.99,0.11
3538,7.5,2.38,52.12,54.05,3.11,2.79,0.83,1.66,1.4,0.0
3539,7.09,2.82,45.44,32.71,6.14,2.06,0.99,0.0,0.05,0.84
3540,9.33,0.7,36.48,44.77,4.89,2.12,0.46,0.0,0.57,0.0
3541,4.99,8.3,50.69,52.69,4.24,5.21,1.76,1.77,1.61,0.0
3542,7.68,3.55,25.13,86.7,1.87,0.51,3.41,3.61,0.68,1.88
3543,5.86,4.81,28.7,59.15,4.07,1.12,2.29,0.84,0.0,0.99
3544,3.41,5.34,43.62,45.68,3.43,2.17,2.92,3.16,0.0,1.52
3545,7.43,4.72,37.05,69.33,3.8,0.0,1.69,0.85,2.76,1.34
3546,5.38,7.68,51.47,67.3,0.58,2.51,1.28,1.4,0.0,1.21
3547,5.33,5.29,21.05,64.76,5.3,0.27,1.5,4.32,3.84,0.05
3548,3.17,4.96,34.52,72.91,4.77,3.12,1.38,2.95,4.75,0.0
3549,1.75,2.97,62.79,67.22,2.6,3.17,0.0,2.88,1.27,0.32
3550,15.95,1.14,40.27,72.85,3.07,2.1,3.41,3.29,0.11,0.48
3551,5.51,2.87,58.71,32.92,0.0,4.66,3.62,2.87,0.25,0.83
3552,3.58,1.9,29.99,74.11,1.3,3.21,0.16,3.07,0.19,1.87
3553,2.63,3.78,49.58,63.76,4.21,0.0,2.74,1.83,3.04,0.44
3554,6.72,3.84,46.15,49.55,5.1,2.74,4.26,3.0,3.51,0.0
3555,8.61,5.88,31.98,62.57,4.94,1.95,0.92,2.91,1.94,3.31
3556,7.9,3.27,68.1,47.56,2.46,2.71,0.45,0.79,1.93,0.43
3557,6.24,1.35,59.96,62.99,3.75,2.34,2.06,4.11,2.48,1.07
3558,3.73,7.49,13.75,40.44,3.27,2.31,0.71,1.44,1.07,0.0
3559,6.7,0.69,11.78,65.57,3.11,2.21,0.94,2.45,0.12,0.97
3560,9.07,2.38,11.8,50.7,3.12,2.74,0.88,2.08,1.2,2.59
3561,5.8,3.5,44.68,42.13,3.5,2.83,0.0,0.46,0.0,0.0
3562,7.49,3.75,29.41,42.95,1.82,2.82,2.28,2.27,0.0,0.0
3563,2.97,4.03,53.81,54.03,2.64,2.53,1.86,0.81,2.93,1.14
3564,7.47,1.35,22.03,65.1,4.86,4.75,0.0,4.45,2.64,0.35
3565,7.1,4.32,33.45,61.24,2.6,0.12,0.0,0.0,0.0,1.49
3566,5.32,3.44,55.54,32.87,4.32,1.66,2.68,1.63,3.01,0.57
3567,3.1,4.75,55.87,67.12,2.7,2.45,2.67,2.55,1.55,0.0
3568,7.5,3.2,25.63,54.31,3.57,1.0,1.33,2.5,0.02,1.73
3569,5.08,1.63,31.84,44.62,5.74,1.65,2.47,3.31,2.32,0.09
3570,9.19,3.54,58.57,48.8,1.57,3.33,2.89,3.64,0.19,1.16
3571,14.24,7.85,37.22,59.29,0.53,0.63,2.35,3.62,2.34,0.0
3572,3.7,3.41,46.78,51.15,3.12,2.51,0.81,1.15,3.96,0.75
3573,6.55,2.77,49.7,29.78,6.56,0.98,1.54,1.07,2.11,2.58
3574,4.75,3.46,38.98,52.94,1.88,2.43,3.02,3.07,3.37,0.0
3575,6.17,4.03,32.81,51.89,2.6,0.3,1.93,1.43,1.95,0.0
3576,5.52,1.31,43.99,72.44,3.53,3.12,1.11,2.18,1.95,0.0
3577,7.19,3.3,74.12,46.63,5.77,2.5,0.0,3.1,3.42,0.0
3578,4.04,2.25,34.92,36.36,2.78,3.02,1.3,2.85,2.15,0.8
3579,5.83,3.96,48.25,52.33,3.61,3.64,2.1,2.31,2.76,0.0
3580,0.5,0.19,44.27,67.29,3.45,1.37,0.11,5.18,0.0,0.63
3581,8.95,2.85,50.26,40.78,5.07,3.01,0.13,0.0,3.25,0.49
3582,5.43,1.88,33.45,22.6,4.19,3.59,1.08,2.81,0.33,0.71
3583,11.74,6.1,24.13,58.66,2.67,2.9,1.35,0.67,2.9,1.61
3584,8.73,1.78,34.09,57.17,4.8,2.61,0.2,1.69,2.41,0.85
3585,6.46,2.34,45.46,46.16,3.1,4.31,2.57,0.0,2.03,2.21
3586,11.5,6.15,48.34,27.56,1.88,3.26,1.48,2.43,0.0,0.98
3587,6.7,4.39,70.74,82.76,2.56,0.56,2.75,2.27,2.69,1.07
3588,1.92,3.48,59.79,10.53,4.11,0.56,1.68,4.03,3.22,1.55
3589,6.36,1.33,44.3,51.19,2.91,5.19,1.26,2.86,2.45,1.32
3590,5.46,1.93,30.88,69.23,4.72,2.12,2.66,1.79,1.09,0.0
3591,5.89,3.36,48.03,49.35,6.52,0.07,0.24,0.63,2.69,1.31
3592,5.38,4.95,39.17,60.7,3.0,1.04,2.55,2.88,0.27,2.36
3593,6.79,5.81,60.48,57.26,2.0,1.79,2.7,3.9,0.49,0.0
3594,6.63,0.84,51.24,57.1,1.56,1.76,0.62,2.44,2.37,0.28
3595,2.11,4.17,54.75,53.41,4.18,4.7,3.3,2.18,2.39,1.15
3596,3.82,4.35,55.08,38.56,4.31,2.75,2.0,1.97,0.0,2.14
3597,6.8,3.84,58.42,63.69,2.29,2.72,1.95,2.72,2.19,0.41
3598,6.8,0.41,77.93,37.67,5.03,3.5,1.65,2.7,0.6,1.25
3599,4.57,1.91,47.83,27.93,5.18,0.0,0.24,2.06,2.5,0.0
3600,5.64,4.83,24.26,61.62,3.58,2.25,0.29,0.81,3.14,2.75
3601,4.66,7.64,40.12,69.7,0.45,0.0,2.03,2.74,3.54,0.0
3602,5.54,3.92,76.12,13.68,3.21,3.51,0.0,0.93,0.0,0.45
3603,5.3,5.99,25.2,47.33,3.11,2.68,2.06,1.57,0.0,1.75
3604,9.41,5.79,49.35,86.65,3.13,2.41,1.23,2.66,1.93,0.59
3605,4.85,4.81,48.98,62.0,4.32,1.38,1.06,1.94,1.3,0.04
3606,8.59,4.35,32.03,58.61,2.82,1.87,1.67,2.57,1.61,1.83
3607,8.93,1.79,37.8,64.69,3.05,2.7,2.02,4.13,2.1,0.92
3608,10.79,3.99,31.33,82.13,7.03,3.16,2.73,0.0,2.96,0.8
3609,5.91,2.58,47.91,58.92,2.33,5.67,2.04,0.0,1.01,0.25
3610,5.88,4.96,79.47,61.88,3.48,0.89,0.4,0.1,1.22,0.0
3611,6.63,3.08,52.2,71.57,0.46,1.89,0.95,0.0,1.8,1.28
3612,6.53,5.25,45.96,7.91,3.93,3.67,2.6,5.18,1.37,1.8
3613,4.58,8.51,46.64,45.29,2.31,0.69,0.83,0.82,1.43,1.48
3614,0.5,3.53,48.36,40.58,4.26,3.61,0.61,2.15,1.17,0.78
3615,5.22,3.63,50.22,31.13,6.21,0.85,0.32,1.14,1.94,1.13
3616,1.13,3.97,30.74,53.3,6.41,3.36,0.14,2.1,1.61,1.95
3617,0.5,5.99,49.85,68.5,2.97,0.68,1.72,0.0,3.62,2.54
3618,7.27,3.87,49.42,92.58,3.17,1.65,1.34,2.68,1.69,0.25
3619,2.86,4.25,60.3,73.6,3.33,3.1,3.39,4.95,2.97,0.0
3620,3.02,4.53,37.05,87.06,4.12,2.26,2.43,0.0,1.65,0.33
3621,0.5,7.73,35.08,78.18,3.94,1.81,2.64,4.15,0.62,0.52
3622,8.94,3.85,72.1,32.08,1.25,0.0,1.02,3.3,2.83,2.11
3623,5.13,0.01,49.22,51.55,0.7,3.52,1.18,1.0,1.63,0.94
3624,6.54,5.32,37.41,0.87,3.43,2.19,2.95,4.41,1.4,1.79
3625,9.4,4.36,82.08,60.54,4.42,4.69,2.3,1.87,1.41,0.11
3626,5.31,4.93,41.14,79.61,4.8,0.93,2.77,3.66,2.37,1.38
3627,9.19,4.93,61.0,38.31,2.74,3.49,2.37,0.0,0.0,0.0
3628,7.73,2.85,41.21,52.48,3.26,1.78,2.58,1.69,2.78,1.84
3629,13.63,2.87,51.59,57.06,4.59,2.65,0.0,0.68,2.68,0.0
3630,3.14,0.0,37.57,50.07,3.34,3.38,0.07,0.0,3.25,0.97
3631,1.05,3.21,50.6,97.84,4.44,4.13,0.28,2.49,3.2,1.13
3632,7.49,2.5,31.6,73.95,4.17,2.22,1.46,0.48,1.59,0.0
3633,4.09,7.53,51.83,72.46,0.07,3.12,1.21,3.4,1.31,0.0
3634,5.46,3.58,59.3,68.84,2.68,3.95,1.56,1.17,2.66,1.21
3635,3.91,0.82,57.18,69.13,4.06,0.6,1.98,0.0,2.91,0.0
3636,7.47,4.69,22.57,100.0,3.94,2.68,3.03,1.18,0.19,0.0
3637,3.91,3.78,23.66,12.45,0.94,1.94,1.57,2.16,0.42,2.78
3638,10.0,3.75,68.68,48.45,4.25,4.29,1.74,4.69,2.76,0.0
3639,5.33,0.16,44.06,69.75,0.66,0.76,2.14,1.73,4.04,0.9
3640,7.55,4.79,43.7,68.55,3.0,2.9,0.92,2.27,4.52,0.09
3641,7.17,2.89,59.65,41.57,3.17,2.22,1.36,3.16,1.64,0.0
3642,4.33,5.16,73.17,49.41,1.1,1.76,0.0,1.61,0.53,0.36
3643,10.14,3.33,42.26,63.92,2.43,0.0,0.83,1.96,0.0,0.0
3644,4.2,4.42,55.68,45.77,3.2,2.07,0.76,0.73,0.0,0.69
3645,7.61,4.05,34.79,47.68,5.34,0.88,2.24,2.15,1.16,1.55
3646,6.71,7.62,63.06,46.37,6.31,1.92,1.55,2.22,0.0,0.74
3647,4.59,6.24,16.32,86.87,2.84,3.68,0.6,3.54,1.41,1.42
3648,4.77,4.14,52.85,59.63,4.52,3.92,0.71,1.76,0.7,0.0
3649,6.69,0.68,35.79,58.86,3.67,3.53,1.94,2.21,2.07,0.98
3650,10.58,2.66,55.55,32.27,1.75,3.24,2.04,1.31,2.36,1.89
3651,3.41,5.1,50.14,62.16,3.33,1.69,1.67,1.86,0.0,0.5
3652,1.37,2.79,39.13,33.25,2.58,1.32,0.17,1.77,3.62,0.14
3653,4.17,9.03,62.91,85.48,2.79,0.0,1.44,4.42,2.62,0.63
3654,3.48,4.78,43.58,47.93,1.83,0.24,1.6,1.56,0.86,2.35
3655,11.21,3.64,54.76,28.07,4.37,1.05,1.14,0.0,4.04,0.36
3656,3.21,5.68,54.79,66.96,2.9,2.45,1.19,0.0,2.31,0.45
3657,0.77,4.07,33.45,54.79,0.59,1.01,2.08,1.29,1.04,0.11
3658,1.54,3.86,70.31,74.36,3.37,0.39,0.45,2.59,2.57,1.23
3659,7.94,3.22,14.13,100.0,1.17,0.0,1.04,1.4,4.41,1.72
3660,5.08,2.07,38.29,75.09,3.42,0.97,1.36,0.14,1.72,1.04
3661,5.87,5.59,24.87,45.24,1.94,0.42,1.42,2.28,4.63,1.1
3662,12.83,3.58,28.45,69.23,1.64,1.96,1.44,4.03,0.0,1.43
3663,5.91,4.98,36.43,66.6,5.06,2.28,0.17,0.0,0.0,1.41
3664,3.85,4.49,47.58,87.23,4.86,3.83,0.0,2.33,2.28,0.06
3665,6.58,3.79,38.78,42.98,4.22,1.3,0.0,3.79,1.77,0.01
3666,5.48,5.94,50.02,92.69,3.16,3.82,0.0,3.74,2.55,0.0
3667,5.42,1.01,69.99,70.87,4.52,4.35,4.48,0.4,1.4,0.98
3668,2.5,4.93,52.09,46.89,4.17,1.09,0.0,2.83,1.64,1.02
3669,5.35,3.79,38.89,51.76,5.81,0.0,0.8,4.87,2.69,1.95
3670,6.17,3.85,62.4,41.06,2.58,4.71,0.0,1.31,0.24,2.62
3671,5.42,0.45,42.65,67.26,5.26,5.63,2.52,1.04,0.0,1.53
3672,2.14,1.64,46.71,68.59,5.23,1.97,2.54,0.53,0.82,0.73
3673,8.58,1.82,41.51,62.39,2.05,3.68,2.15,1.07,2.29,1.34
3674,4.82,4.54,48.56,71.87,1.24,0.63,1.16,3.56,2.76,0.38
3675,5.9,2.68,34.45,23.12,4.61,1.47,0.68,0.2,2.04,0.97
3676,1.13,5.18,43.34,50.89,6.5,2.03,0.98,0.75,1.83,0.0
3677,4.73,3.17,40.61,60.13,3.1,0.0,3.26,1.23,3.06,2.21
3678,7.43,1.28,38.54,86.23,3.17,1.06,0.0,2.58,0.63,1.89
3679,4.92,6.0,39.17,69.31,3.33,5.69,2.39,1.08,0.0,0.0
3680,7.63,1.72,66.59,53.63,2.58,5.58,2.22,0.77,1.27,1.22
3681,4.52,1.93,54.9,60.44,3.22,2.71,1.32,2.57,0.85,0.19
3682,5.72,0.58,70.73,67.21,2.26,1.3,0.0,1.68,0.44,1.36
3683,5.08,3.28,28.76,46.01,2.53,2.73,2.48,0.57,0.06,0.0
3684,4.59,4.18,60.55,29.2,4.69,0.4,3.51,4.08,1.66,0.0
3685,5.01,1.82,42.25,50.79,1.0,5.3,2.7,2.81,1.42,0.0
3686,5.69,7.57,39.22,54.89,5.67,3.0,3.36,2.64,1.74,0.35
3687,6.88,4.74,40.32,36.79,2.2,3.96,4.38,2.34,1.33,2.2
3688,4.78,6.38,58.57,54.14,3.09,2.22,1.19,4.08,2.69,0.81
3689,6.48,4.69,31.07,49.21,3.65,2.57,0.46,0.67,0.0,0.0
3690,4.58,3.49,43.98,64.7,3.44,1.85,0.99,1.59,2.31,0.9
3691,6.46,2.51,40.45,69.42,5.03,1.29,2.52,2.96,3.62,0.0
3692,11.69,4.0,44.71,79.29,2.98,0.75,0.0,2.14,0.49,1.31
3693,8.45,4.44,43.63,71.92,0.0,3.21,0.0,0.29,3.35,1.74
3694,5.39,1.45,11.95,46.69,4.9,3.22,0.68,3.29,3.95,0.0
3695,6.23,3.26,48.94,36.11,1.59,0.13,4.11,0.5,3.06,1.68
3696,3.16,8.3,25.32,38.85,3.67,0.68,1.95,3.93,0.26,0.13
3697,3.78,0.01,47.71,35.49,0.51,2.37,1.29,0.0,1.95,0.33
3698,8.85,5.72,18.0,53.21,3.19,1.31,2.5,4.21,2.58,1.17
3699,6.0,3.37,42.33,36.94,2.93,3.76,0.78,2.47,3.21,0.46
3700,7.22,8.09,45.01,63.08,3.58,4.82,1.53,3.24,0.17,0.0
3701,12.04,6.0,29.75,37.44,3.21,2.89,2.31,0.96,1.64,1.98
3702,2.83,3.9,67.99,38.46,3.87,0.0,1.3,0.98,1.01,0.05
3703,4.95,2.89,45.91,64.9,3.35,1.77,3.49,3.06,2.03,0.16
3704,6.51,2.2,54.26,58.98,5.04,2.69,1.44,4.87,1.66,0.0
3705,5.23,3.42,51.15,49.94,4.55,0.0,2.94,1.82,2.07,0.01
3706,1.36,2.23,77.21,51.67,5.11,4.31,2.04,2.93,0.0,1.41
3707,3.63,2.76,68.65,93.84,3.44,3.84,0.43,1.04,1.88,1.53
3708,7.33,4.8,25.84,84.66,2.96,2.29,2.24,1.58,1.7,2.06
3709,1.29,2.73,44.13,80.12,5.27,1.37,0.29,3.91,3.04,0.62
3710,5.04,5.45,32.97,23.54,4.26,4.72,1.05,1.9,1.9,1.91
3711,8.15,0.0,28.12,76.98,2.1,2.74,1.66,2.57,0.0,1.23
3712,4.25,1.72,45.32,21.52,5.46,2.67,1.1,0.17,3.36,2.75
3713,7.96,6.48,33.52,61.67,2.14,0.0,0.0,3.37,1.49,0.92
3714,6.11,3.09,20.39,34.79,3.84,3.01,1.28,1.79,0.0,1.25
3715,5.48,4.5,22.17,40.16,3.84,3.95,1.57,0.0,1.51,1.87
3716,7.82,1.14,46.45,23.89,2.6,2.49,2.82,0.0,1.14,0.0
3717,3.33,2.52,37.01,71.8,2.5,4.45,0.08,4.33,2.0,0.51
3718,5.32,1.79,35.83,49.22,4.39,0.24,1.68,0.0,1.89,2.72
3719,4.82,6.94,47.28,57.42,4.5,0.0,0.0,1.18,3.04,0.07
3720,12.17,7.57,43.8,50.32,5.69,2.59,0.38,3.22,1.62,2.47
3721,9.8,5.61,23.34,74.69,2.4,2.8,3.03,5.21,1.49,0.81
3722,4.11,2.87,34.67,81.26,2.09,3.88,2.27,2.68,0.97,1.86
3723,14.62,4.9,11.54,27.43,1.61,5.93,2.92,1.51,1.03,0.61
3724,8.84,3.41,23.68,8.61,4.65,4.36,0.7,1.82,2.56,0.08
3725,9.53,2.95,51.95,36.47,1.97,3.09,2.17,0.0,0.28,1.98
3726,3.39,2.09,34.52,48.76,5.88,0.67,2.23,2.37,0.98,0.0
3727,11.0,3.44,42.72,73.62,4.52,0.0,0.53,1.67,2.48,0.06
3728,2.39,8.03,58.53,14.81,3.18,2.87,1.78,2.78,5.04,0.44
3729,5.59,6.27,61.27,70.27,3.14,1.04,0.42,0.0,1.19,0.0
3730,4.18,1.85,27.48,61.55,3.24,1.29,0.0,1.21,1.52,0.81
3731,0.5,0.34,40.93,20.4,4.1,3.22,0.77,1.28,3.73,1.73
3732,9.2,3.16,41.99,0.0,6.72,3.11,2.48,1.84,0.78,1.27
3733,4.23,4.66,44.73,87.86,3.2,1.38,0.0,1.5,2.88,1.36
3734,9.1,4.36,36.67,42.62,1.96,2.36,1.64,1.42,1.88,0.51
3735,7.22,3.53,26.99,45.37,1.93,2.63,3.66,1.59,1.08,0.0
3736,0.5,6.18,54.02,83.46,2.48,0.0,0.0,1.1,2.8,0.0
3737,3.78,4.99,25.73,73.72,4.13,1.56,1.65,2.91,2.5,0.0
3738,1.1,2.6,46.26,56.5,2.67,4.71,2.16,3.82,0.81,2.39
3739,0.62,1.98,51.31,10.43,5.2,2.38,0.52,0.0,1.65,0.33
3740,4.63,3.28,40.27,47.95,2.07,0.45,1.65,2.28,2.56,1.95
3741,1.9,4.72,38.8,71.75,3.55,2.54,1.31,3.56,4.3,0.4
3742,5.13,5.72,41.68,50.39,4.88,2.85,0.18,5.4,1.85,0.23
3743,7.14,3.57,43.95,54.22,0.47,1.48,2.22,3.33,1.18,2.06
3744,7.86,3.47,42.86,83.03,1.94,1.38,0.0,1.0,0.0,0.0
3745,6.55,1.69,44.46,24.64,4.27,3.83,1.91,0.67,3.98,0.0
3746,9.5,1.79,28.42,91.8,5.02,4.99,2.12,0.85,1.41,0.52
3747,8.65,2.79,17.61,38.62,5.17,1.22,1.35,0.0,0.45,2.13
3748,2.49,5.35,45.02,79.53,2.54,0.0,0.2,2.96,3.14,0.04
3749,4.78,3.64,48.63,46.44,4.43,1.26,3.97,0.54,0.61,0.84
3750,1.85,8.46,35.64,59.86,5.28,0.62,2.02,1.61,2.58,0.0
3751,6.35,5.01,53.95,58.05,2.27,1.73,1.59,4.66,2.94,1.22
3752,10.19,6.21,35.85,28.39,2.5,1.22,0.82,3.33,0.0,0.49
3753,5.21,3.39,49.46,51.84,2.3,3.86,1.84,3.41,1.98,2.78
3754,5.84,1.98,50.35,24.45,4.92,4.81,3.76,1.61,2.02,1.98
3755,7.92,2.11,51.95,70.56,2.08,0.86,0.69,1.34,1.74,0.4
3756,10.06,3.76,16.71,35.11,6.97,0.37,2.78,0.0,0.75,1.18
3757,3.52,6.94,71.81,49.52,3.11,2.78,1.22,2.71,1.0,0.56
3758,7.91,1.73,35.88,47.09,4.1,1.74,1.83,3.08,0.71,2.8
3759,7.08,5.98,28.0,46.01,2.02,2.46,0.0,1.93,2.24,0.11
3760,0.68,2.41,61.87,42.04,0.96,0.0,0.56,4.38,4.13,1.32
3761,8.54,6.34,53.28,33.84,2.24,1.19,0.44,1.33,0.68,0.37
3762,7.31,3.31,36.21,63.17,2.14,3.27,0.94,0.44,4.4,1.18
3763,11.03,1.04,38.61,45.46,5.31,2.53,0.69,1.94,0.94,1.88
3764,0.5,3.0,60.46,78.98,3.5,1.76,0.44,3.24,5.15,1.4
3765,9.75,2.1,16.14,64.76,6.09,2.38,2.82,2.7,2.86,1.26
3766,5.47,4.49,27.79,68.59,2.86,4.69,2.02,3.06,0.0,0.95
3767,5.16,5.57,46.45,69.65,4.56,1.05,2.72,1.78,0.24,0.0
3768,2.32,4.86,65.31,35.28,5.22,0.31,1.97,4.21,0.0,0.29
3769,7.98,0.37,37.82,72.67,1.93,2.93,0.29,0.1,2.4,0.83
3770,8.27,7.84,39.14,44.81,3.07,0.0,3.07,2.16,5.24,1.45
3771,11.78,5.08,64.66,67.39,1.49,1.22,0.0,0.0,1.38,1.83
3772,2.29,0.8,30.46,32.35,4.65,1.99,0.93,2.08,1.97,1.21
3773,3.92,6.86,58.38,41.39,5.15,0.92,1.23,2.34,2.03,0.97
3774,4.15,2.84,53.93,63.58,3.09,1.52,2.95,3.07,2.38,0.0
3775,5.01,1.23,74.51,26.37,1.15,4.08,0.0,0.22,1.91,1.06
3776,8.0,4.76,46.43,52.92,1.82,3.19,0.76,3.2,1.74,1.05
3777,5.07,1.95,37.91,49.52,4.69,4.27,1.61,2.63,0.0,0.55
3778,8.2,6.45,70.02,65.77,4.9,5.0,2.27,1.3,0.0,0.08
3779,5.67,2.27,48.55,34.44,3.79,1.26,1.92,0.49,2.79,0.95
3780,7.44,1.6,41.45,79.61,2.76,1.87,1.52,0.0,2.35,2.4
3781,2.89,3.76,50.47,67.16,2.13,1.15,2.5,1.76,3.74,1.16
3782,7.41,2.72,67.53,30.77,5.25,2.14,0.58,0.78,5.87,0.94
3783,7.81,2.26,54.32,0.0,4.42,2.15,2.57,1.84,2.02,1.08
3784,8.71,4.02,34.13,56.18,0.89,4.93,2.73,6.08,3.84,1.73
3785,8.12,8.12,36.98,30.79,4.33,5.53,2.71,3.85,2.06,0.53
3786,5.79,5.34,52.12,53.34,0.27,1.81,0.98,4.17,2.33,0.0
3787,9.97,1.72,71.03,65.83,4.23,4.75,2.76,2.12,2.96,0.0
3788,3.62,1.84,59.32,55.62,4.09,1.38,0.0,0.0,3.43,0.3
3789,10.36,5.19,49.87,92.87,5.04,2.48,2.45,3.12,0.0,0.31
3790,4.86,3.66,29.88,18.65,3.77,2.58,2.44,2.42,1.46,2.48
3791,3.27,5.44,63.84,85.15,4.03,0.01,2.76,2.57,2.7,0.0
3792,8.44,5.78,44.87,39.44,4.76,2.79,0.21,4.04,0.83,0.0
3793,3.45,2.34,69.59,36.29,4.14,2.8,1.25,1.36,2.84,2.65
3794,6.53,1.91,49.42,72.33,1.25,3.28,0.38,3.52,1.52,1.57
3795,1.25,6.61,43.55,36.14,2.25,3.6,0.0,2.1,3.24,2.04
3796,8.42,2.51,37.4,37.91,6.69,3.19,0.29,0.6,0.05,0.55
3797,4.11,1.95,34.75,54.63,3.05,2.53,1.43,0.0,2.34,1.84
3798,5.08,2.83,48.31,46.18,5.78,1.5,2.91,3.25,0.41,0.66
3799,6.34,2.03,41.51,48.2,3.26,1.48,1.53,3.92,1.65,0.27
3800,6.31,0.0,41.59,67.24,3.32,2.7,0.0,0.18,0.0,1.49
3801,10.02,3.54,63.75,52.84,3.78,2.0,1.91,3.84,1.09,0.68
3802,0.5,0.11,26.57,100.0,2.57,1.22,1.61,4.53,0.61,0.5
3803,0.99,1.16,42.43,54.48,3.06,3.46,1.56,1.71,2.24,0.93
3804,5.33,5.9,45.9,47.54,5.57,0.0,1.66,1.43,2.28,0.0
3805,4.39,0.54,46.92,30.69,3.38,5.03,2.4,0.88,0.14,2.15
3806,5.6,0.0,38.52,36.28,3.34,3.28,1.64,0.0,0.0,0.96
3807,11.15,6.12,52.43,45.13,1.35,2.97,1.23,2.39,1.94,0.64
3808,7.58,5.27,67.21,15.9,1.37,2.91,0.86,1.59,1.15,1.35
3809,1.16,2.61,56.53,24.43,5.99,0.4,0.23,1.11,1.33,0.0
3810,7.05,5.77,44.0,79.32,0.16,4.15,0.0,1.19,3.52,0.0
3811,3.97,2.69,39.47,71.59,4.85,2.29,2.03,0.2,2.7,1.04
3812,4.68,2.85,25.08,37.88,2.62,2.27,1.24,1.58,0.56,0.72
3813,7.15,8.57,54.71,57.5,5.22,2.78,1.21,3.7,0.72,0.33
3814,1.11,3.81,43.08,94.9,1.36,1.97,1.22,0.0,2.84,0.0
3815,8.07,0.28,52.5,52.6,1.55,3.54,0.0,0.0,1.83,0.24
3816,1.09,5.29,72.03,37.1,5.55,2.53,0.59,2.42,0.26,1.32
3817,4.31,3.66,53.3,63.41,2.88,3.24,1.22,1.05,0.0,0.72
3818,6.42,1.12,44.97,92.49,4.01,1.58,1.47,0.0,1.7,0.1
3819,6.15,3.6,53.42,38.89,4.77,2.48,2.16,2.21,0.0,0.35
3820,0.98,3.7,48.16,30.18,2.81,5.39,2.32,1.15,0.44,0.54
3821,4.01,7.61,60.23,17.83,3.24,2.49,1.76,2.21,0.95,1.06
3822,2.1,1.88,37.01,47.76,4.87,3.29,1.03,0.14,3.58,1.07
3823,4.7,2.68,66.63,85.11,4.2,1.4,1.29,5.36,1.47,0.52
3824,5.17,3.12,47.32,49.64,7.17,2.07,2.56,4.08,3.33,1.06
3825,7.22,1.43,33.31,47.21,2.48,0.0,1.98,0.0,4.43,1.15
3826,5.98,3.34,49.94,30.94,3.34,2.8,0.76,3.0,0.0,0.26
3827,4.1,7.54,42.81,39.86,3.08,4.47,0.38,2.13,2.48,1.96
3828,5.56,3.64,36.92,91.15,4.2,3.03,1.55,0.0,2.59,0.15
3829,5.82,1.2,77.8,54.21,1.07,0.49,1.62,0.0,2.1,2.04
3830,7.35,3.7,61.37,39.3,1.28,3.55,1.39,4.1,1.07,0.83
3831,6.58,2.29,40.95,45.96,1.67,1.22,1.51,0.91,1.81,2.36
3832,5.77,5.27,26.06,73.88,4.26,2.53,0.69,2.07,2.13,0.62
3833,2.8,3.11,57.43,52.63,3.44,2.1,0.0,3.52,1.87,1.88
3834,5.8,2.81,29.34,49.06,1.85,1.46,4.19,0.0,1.78,1.74
3835,4.24,5.4,57.4,66.03,4.1,2.55,0.75,2.41,2.06,0.31
3836,12.6,4.71,38.0,45.41,0.77,0.0,0.0,3.43,1.79,0.0
3837,6.1,1.97,63.7,37.78,4.02,4.68,3.36,1.71,0.98,0.0
3838,2.76,7.25,66.08,25.31,1.99,0.0,0.1,2.9,0.0,2.51
3839,9.93,1.5,43.96,66.29,1.93,0.0,0.99,2.68,1.55,0.0
3840,7.97,2.04,28.53,43.72,3.47,2.02,3.65,4.15,3.94,2.28
3841,12.46,3.23,53.04,40.66,3.76,5.47,3.92,3.75,0.23,1.21
3842,3.04,4.84,49.96,18.01,1.13,4.13,1.47,3.0,1.23,1.26
3843,4.69,3.91,26.44,38.55,6.07,3.24,3.36,3.45,1.56,0.99
3844,3.23,4.12,40.54,56.1,4.19,1.88,0.53,0.5,4.58,1.29
3845,3.0,4.53,36.44,49.91,4.08,4.71,0.96,1.92,3.97,0.7
3846,3.67,6.35,64.72,57.64,4.42,0.96,2.25,1.0,1.42,0.15
3847,8.53,5.33,45.01,69.48,1.77,0.11,0.97,2.32,2.08,0.0
3848,4.83,3.51,32.94,44.05,1.81,0.89,2.36,3.34,0.67,2.48
3849,8.53,2.2,50.61,40.94,7.27,1.1,4.12,1.91,4.01,1.09
3850,5.03,6.87,36.02,24.33,3.9,2.71,1.06,0.02,3.51,1.38
3851,4.46,6.77,32.69,84.31,3.16,0.57,0.0,1.45,1.95,0.67
3852,7.0,3.57,55.77,28.78,1.13,0.78,0.72,1.35,3.18,2.37
3853,3.32,2.67,25.49,25.84,1.6,0.45,3.37,2.38,1.55,0.7
3854,9.33,6.61,70.05,32.98,3.31,0.0,1.43,1.53,2.19,1.2
3855,6.74,3.08,55.95,95.74,4.71,2.22,1.26,0.93,0.21,0.59
3856,3.36,3.43,31.84,51.89,2.96,1.41,0.0,1.0,0.35,0.0
3857,3.14,3.56,30.66,37.45,2.17,2.91,2.09,2.89,0.81,0.58
3858,6.81,3.69,45.39,0.0,1.7,0.76,1.52,1.23,0.0,0.33
3859,6.09,5.63,61.88,95.62,5.06,0.0,1.98,3.01,1.84,1.41
3860,3.38,5.51,32.92,38.79,4.36,4.28,4.64,1.09,1.08,1.46
3861,0.96,2.68,39.44,63.11,1.97,1.05,0.0,3.97,0.95,1.3
3862,3.48,0.0,58.4,75.41,3.1,2.72,3.4,1.94,1.64,1.94
3863,5.05,6.15,31.73,53.1,4.87,3.08,1.95,1.78,2.32,0.03
3864,6.16,3.11,35.11,74.26,3.11,1.51,1.64,2.74,2.52,2.01
3865,4.3,0.0,70.49,73.68,5.1,2.01,2.32,1.72,2.85,0.85
3866,9.53,4.85,23.98,35.38,3.99,0.4,4.6,3.26,2.16,2.26
3867,4.77,2.07,65.84,58.17,1.55,3.29,1.28,0.44,4.72,1.55
3868,4.03,5.43,76.28,76.09,3.45,0.52,2.7,2.86,2.54,0.0
3869,9.38,7.09,48.67,35.61,4.45,2.7,3.7,4.12,1.08,0.35
3870,10.78,2.13,39.19,83.22,5.18,2.65,4.17,2.52,1.21,0.43
3871,4.96,2.31,53.32,55.4,2.88,1.67,0.65,2.79,2.9,3.98
3872,6.82,1.38,57.64,54.6,0.66,2.09,2.54,3.91,0.74,0.73
3873,7.32,3.37,26.95,51.59,4.76,0.91,1.55,2.87,1.35,0.47
3874,2.71,0.9,48.05,13.61,5.64,1.25,0.88,4.27,2.44,1.43
3875,2.59,4.21,34.69,60.09,3.16,0.6,2.48,0.75,3.27,0.64
3876,8.43,0.79,26.73,48.88,2.11,1.06,0.74,0.68,2.17,0.83
3877,4.24,6.07,50.68,60.21,0.66,0.84,0.0,1.19,3.66,1.41
3878,2.65,4.48,63.81,54.61,5.4,0.0,2.54,2.45,0.0,0.0
3879,5.03,4.49,39.63,96.88,2.93,0.64,3.04,1.06,1.14,1.31
3880,1.77,7.45,45.27,55.56,3.74,4.54,2.41,3.55,0.0,1.22
3881,7.79,6.07,65.35,73.72,3.8,2.16,1.32,0.73,4.37,1.6
3882,4.07,2.05,19.34,55.94,5.25,2.71,1.26,0.44,3.86,1.25
3883,4.17,4.07,42.75,49.06,2.35,3.15,3.03,1.23,0.98,0.91
3884,5.97,4.45,50.11,28.97,4.04,4.26,1.91,3.3,2.12,1.13
3885,2.76,0.0,56.47,81.4,4.1,3.19,2.06,0.71,1.65,0.0
3886,4.81,2.51,35.56,70.4,6.91,5.56,2.48,4.22,0.5,0.16
3887,2.9,7.35,63.78,53.46,3.93,1.51,3.44,3.85,3.49,1.81
3888,1.63,5.6,36.62,28.1,1.49,2.69,1.1,4.09,1.58,1.07
3889,9.13,3.1,48.44,13.04,3.18,4.4,1.47,0.42,0.0,0.94
3890,1.8,7.87,36.87,66.31,4.35,4.94,2.38,2.4,2.4,0.38
3891,8.01,4.82,31.49,46.47,5.66,2.3,2.28,3.21,4.3,1.46
3892,2.64,2.91,60.68,80.89,3.52,3.85,0.66,4.37,3.0,0.89
3893,5.03,6.9,36.92,56.57,2.34,2.47,1.13,0.47,2.67,0.85
3894,4.04,1.65,11.29,40.38,3.73,1.85,2.79,2.87,2.75,1.14
3895,12.25,1.89,52.87,49.0,0.94,3.43,1.73,0.0,1.49,0.36
3896,4.68,3.24,34.24,51.95,1.35,0.76,0.65,2.56,4.35,1.19
3897,2.14,1.73,14.55,52.34,4.46,0.15,2.79,1.17,3.75,1.85
3898,5.98,0.59,54.39,79.65,2.42,4.44,0.12,3.24,4.09,1.33
3899,4.1,3.57,42.28,39.44,3.3,2.34,0.56,4.24,0.81,0.9
3900,5.6,6.23,58.61,93.21,5.24,2.29,0.0,0.51,1.01,0.0
3901,11.65,2.54,49.12,81.18,1.91,3.73,1.87,0.57,0.64,1.42
3902,8.75,1.47,71.96,40.42,3.43,2.6,1.2,1.01,1.06,0.59
3903,7.99,2.99,3.45,49.0,2.37,4.91,1.17,2.15,0.0,0.96
3904,6.12,4.23,35.34,67.45,2.08,2.86,0.27,3.66,0.0,0.0
3905,4.86,3.21,44.52,75.31,4.64,1.66,1.76,3.48,1.71,2.11
3906,14.86,2.0,48.43,44.19,2.27,2.95,0.07,2.71,0.0,0.7
3907,1.92,2.16,48.92,10.52,5.19,2.82,0.33,0.0,2.34,0.57
3908,8.1,1.01,37.72,76.74,1.72,0.0,2.17,0.76,1.19,1.42
3909,6.07,4.54,25.8,90.03,2.03,0.61,2.36,2.94,3.9,0.58
3910,5.28,3.12,32.47,90.81,4.63,0.0,1.37,0.0,2.96,1.77
3911,6.77,3.72,32.94,44.55,5.81,2.73,1.64,3.67,1.29,0.06
3912,9.16,1.34,24.41,62.63,2.44,3.86,0.38,2.84,0.37,1.59
3913,1.46,4.38,47.93,57.34,3.32,1.39,2.67,1.38,1.86,0.65
3914,8.92,4.06,49.37,68.75,2.28,2.31,2.05,3.39,3.4,0.07
3915,7.37,6.4,41.29,47.47,4.04,1.65,3.28,1.17,0.0,0.0
3916,4.11,7.42,37.22,65.56,3.66,2.03,0.0,2.67,0.0,0.0
3917,6.99,1.56,35.1,31.41,0.72,0.74,1.72,0.78,2.25,1.22
3918,10.2,4.21,34.44,31.97,4.85,3.44,1.35,1.41,0.66,0.57
3919,2.73,5.21,66.23,54.33,6.58,2.42,1.69,2.62,4.25,0.66
3920,0.5,4.61,35.24,21.61,5.94,2.57,2.57,4.3,3.27,2.18
3921,6.48,1.02,24.53,40.25,3.63,0.0,1.51,0.0,0.68,1.54
3922,8.29,1.7,33.42,78.88,4.88,1.84,0.47,4.45,1.77,0.54
3923,10.78,4.86,23.12,81.05,3.64,0.62,1.19,1.69,1.78,1.3
3924,3.25,7.41,55.59,15.09,6.09,0.42,1.02,2.91,1.0,0.19
3925,8.56,2.25,40.12,50.66,6.54,0.0,0.0,0.0,0.33,0.0
3926,7.01,3.54,51.37,37.27,2.98,2.39,1.5,3.11,0.08,0.33
3927,2.46,5.0,27.06,76.8,0.8,3.91,0.26,2.98,0.0,0.2
3928,5.89,4.04,52.52,40.7,2.91,0.0,0.84,4.45,0.65,1.57
3929,7.72,5.03,62.24,63.62,4.7,0.1,4.16,0.67,0.83,1.82
3930,3.69,1.5,31.22,70.95,3.93,1.57,0.69,1.59,2.11,1.66
3931,7.52,6.5,44.29,15.62,3.85,0.0,3.35,1.37,0.0,1.36
3932,5.79,7.16,38.68,76.03,4.5,1.3,2.98,1.53,1.22,2.78
3933,8.84,7.29,59.99,50.97,2.81,2.33,1.04,0.24,3.5,0.53
3934,4.66,1.4,60.94,67.66,3.34,1.48,3.05,1.84,2.47,0.0
3935,5.44,5.81,46.73,66.83,3.63,4.97,2.5,0.53,0.0,1.34
3936,3.46,2.38,55.91,80.79,4.56,0.49,2.63,2.73,0.0,0.39
3937,5.84,4.94,22.87,33.62,2.62,0.66,2.18,2.09,2.07,2.08
3938,9.28,5.8,65.86,57.36,3.51,4.0,1.59,2.83,1.6,0.22
3939,3.56,5.33,36.62,21.44,0.91,2.07,1.68,2.51,0.07,0.98
3940,3.21,4.15,74.53,83.48,3.84,2.33,2.08,1.19,2.9,0.0
3941,10.52,3.69,33.57,44.55,6.63,1.35,2.07,0.46,1.8,1.45
3942,9.01,4.93,28.81,61.06,4.48,3.47,0.39,1.96,1.88,0.99
3943,4.19,0.35,55.36,37.59,3.76,3.8,3.9,0.0,2.78,0.85
3944,5.87,3.98,45.8,66.74,4.67,1.89,4.4,2.71,2.73,0.4
3945,0.5,2.19,61.18,29.79,3.47,2.41,1.14,0.27,1.81,0.0
3946,5.72,3.64,45.45,70.91,4.37,2.45,0.63,0.06,0.68,1.14
3947,6.62,2.27,33.41,72.95,1.42,1.34,2.87,2.36,2.29,0.0
3948,7.85,3.28,50.42,71.23,1.78,3.16,2.51,2.35,0.19,0.0
3949,7.61,6.03,57.3,61.39,1.11,1.14,2.22,2.51,0.0,0.53
3950,10.23,4.84,30.93,57.55,4.78,0.82,3.23,1.16,2.32,0.5
3951,4.17,2.99,30.21,74.77,3.23,2.3,1.84,1.42,0.0,0.49
3952,7.58,4.09,64.04,57.57,3.27,2.82,0.0,0.0,1.42,1.88
3953,5.5,2.33,46.8,53.67,3.27,0.0,0.54,4.34,4.95,1.42
3954,6.14,2.73,35.93,52.6,0.93,1.93,0.62,1.85,4.61,1.31
3955,6.59,6.82,63.04,44.24,4.55,3.83,2.52,1.44,0.0,0.0
3956,2.69,6.02,58.61,73.95,4.35,1.76,2.4,0.54,0.0,0.12
3957,8.51,5.49,47.45,40.62,2.95,3.8,0.0,2.18,3.52,0.32
3958,6.15,4.19,48.55,28.26,5.41,3.1,1.32,0.85,0.51,0.0
3959,10.45,0.0,25.57,83.77,3.57,3.05,1.76,0.92,3.23,0.42
3960,6.0,4.13,41.71,40.0,4.63,2.13,2.03,0.77,1.79,0.6
3961,5.73,4.28,25.27,71.54,7.6,3.95,1.61,1.23,0.91,0.81
3962,8.36,5.1,49.19,21.1,3.16,2.23,1.82,1.0,1.77,2.16
3963,10.7,4.82,24.4,68.75,2.74,1.7,1.29,1.9,3.48,0.1
3964,4.29,1.68,13.75,38.56,2.62,3.88,0.16,0.0,1.94,0.0
3965,1.59,5.45,32.88,62.85,5.56,1.47,0.18,4.43,3.5,1.54
3966,0.53,0.0,47.29,55.76,3.24,4.01,0.0,3.2,4.42,0.05
3967,5.0,2.86,47.14,12.07,4.74,0.84,0.0,1.6,2.49,1.4
3968,3.61,6.01,36.7,70.21,1.68,0.0,1.64,3.13,4.88,1.47
3969,4.4,3.18,70.26,35.26,5.45,1.98,3.91,0.0,0.0,0.93
3970,4.49,2.9,7.17,70.97,3.49,1.44,0.78,1.53,1.99,1.14
3971,5.89,7.12,42.06,61.84,5.3,0.99,3.35,1.91,2.9,0.53
3972,11.98,4.75,53.19,52.51,2.17,1.44,0.56,2.05,1.71,0.0
3973,6.35,3.23,52.45,64.33,3.39,2.22,0.0,2.63,2.61,0.71
3974,2.2,4.44,34.83,75.42,7.21,0.12,2.36,0.54,0.0,1.85
3975,7.19,6.05,29.83,35.99,1.72,2.71,1.43,0.95,1.89,1.72
3976,9.48,1.48,59.81,70.09,0.1,3.31,1.19,1.19,2.71,2.0
3977,7.54,3.35,63.4,77.39,3.85,2.42,0.86,5.16,1.85,2.05
3978,8.55,7.24,32.3,46.95,1.92,1.53,2.31,2.08,0.86,1.72
3979,10.32,3.74,33.29,57.15,4.15,1.21,2.13,2.78,1.08,1.73
3980,9.29,0.99,5.3,62.73,2.33,3.85,1.98,3.12,2.79,0.68
3981,9.32,4.22,38.11,65.79,2.54,3.86,1.65,0.0,1.15,0.86
3982,7.06,3.64,57.32,39.33,2.1,2.02,1.7,1.08,2.39,0.0
3983,0.68,5.12,69.67,59.41,3.32,0.79,0.54,2.43,0.0,0.0
3984,4.66,6.51,58.84,72.95,0.13,2.42,2.08,1.62,1.53,0.0
3985,2.09,5.67,56.76,70.87,4.71,1.47,0.23,3.33,0.0,0.19
3986,9.0,4.24,42.94,9.38,3.15,3.74,0.19,1.55,0.0,0.89
3987,13.62,4.02,46.63,80.18,4.01,4.65,1.83,0.61,2.42,0.27
3988,5.97,4.81,33.73,95.25,5.84,2.83,3.68,2.41,2.52,0.67
3989,3.35,4.27,79.43,46.56,4.05,4.29,1.35,1.53,3.23,0.58
3990,4.03,6.14,32.47,57.02,3.32,0.28,1.39,2.16,1.47,0.89
3991,8.66,4.73,44.46,48.67,3.7,2.1,3.83,1.89,0.96,1.36
3992,5.29,4.06,50.63,20.59,2.43,3.36,0.0,0.68,1.03,0.58
3993,0.5,4.05,28.02,62.14,2.58,2.33,1.63,0.35,3.82,1.95
3994,1.35,1.77,43.6,39.66,2.26,1.58,2.86,1.14,1.16,0.26
3995,2.18,3.91,53.67,64.34,2.94,4.26,1.54,0.94,1.51,0.46
3996,0.5,3.0,21.55,62.76,2.1,2.35,2.47,2.45,0.0,2.7
3997,8.57,1.31,76.52,87.79,2.2,2.34,0.6,2.97,0.47,0.94
3998,4.99,3.68,25.28,42.84,5.6,3.34,2.18,2.89,0.41,1.37
3999,5.93,5.98,35.97,47.85,4.71,1.78,2.5,4.17,2.34,2.68
4000,5.77,4.23,29.31,70.32,2.16,1.21,2.28,2.95,3.15,2.38
4001,3.83,6.56,36.42,39.22,6.45,2.4,1.73,3.58,1.88,0.2
4002,7.39,1.11,33.15,53.02,2.6,1.89,1.56,0.0,4.41,1.3
4003,8.61,6.08,39.73,94.14,3.17,0.22,0.98,1.37,4.21,1.06
4004,8.8,5.85,32.96,51.42,5.03,1.68,3.08,3.98,3.04,0.79
4005,5.63,0.0,39.05,40.89,1.62,4.34,0.87,1.59,0.95,1.99
4006,4.06,1.22,56.54,68.07,2.55,0.0,2.05,3.98,1.6,0.51
4007,10.41,1.24,34.48,75.29,5.58,0.81,1.61,4.27,4.87,1.45
4008,7.09,3.89,0.17,52.6,2.69,0.97,3.86,1.92,4.31,0.61
4009,3.99,3.31,35.86,38.87,1.84,2.5,1.17,3.39,1.64,1.57
4010,3.69,0.11,37.73,46.44,1.54,2.69,2.84,2.08,2.87,0.48
4011,8.73,0.96,57.75,67.03,2.31,1.9,0.77,1.02,2.45,0.0
4012,12.76,4.45,30.15,51.29,3.03,2.43,2.55,0.0,2.36,0.94
4013,4.73,8.34,27.15,37.46,6.33,3.37,2.17,1.43,0.0,1.36
4014,7.05,3.69,35.53,33.88,4.07,0.0,1.24,3.06,1.29,1.81
4015,3.57,3.64,36.38,100.0,3.94,0.65,2.36,3.39,0.7,0.0
4016,9.89,1.82,46.61,60.6,3.82,0.5,2.23,0.68,3.01,1.13
4017,2.35,7.94,69.93,45.27,2.97,0.0,3.05,2.0,0.84,0.42
4018,4.84,2.03,52.81,68.97,4.3,3.34,1.72,3.39,2.55,0.62
4019,5.0,4.75,42.91,54.01,7.01,0.79,1.12,1.54,1.45,0.0
4020,3.97,3.93,41.3,69.94,4.86,2.65,0.72,2.51,0.01,0.0
4021,7.91,6.13,56.51,46.46,2.84,2.08,1.91,3.75,2.22,0.69
4022,1.12,2.73,58.59,42.29,3.17,2.15,0.0,2.37,3.35,2.27
4023,5.11,4.12,46.53,52.05,5.5,1.74,3.7,1.84,3.0,0.43
4024,4.6,4.93,33.6,55.57,2.99,0.01,0.0,2.44,0.24,0.55
4025,7.63,4.75,56.63,59.15,3.49,1.34,0.81,3.56,1.65,0.0
4026,3.52,4.89,53.81,47.84,3.8,1.28,3.05,2.37,0.9,0.35
4027,0.64,4.37,62.84,83.45,5.85,1.92,2.16,2.43,0.12,0.43
4028,4.22,2.36,50.86,50.69,2.26,2.23,0.0,1.78,0.0,0.0
4029,5.26,5.98,43.63,14.27,4.3,0.17,3.53,1.18,3.05,0.57
4030,5.56,7.82,46.12,52.11,5.76,1.13,0.93,4.64,2.59,1.86
4031,7.18,4.12,22.71,35.43,1.43,0.0,0.0,3.34,1.49,2.54
4032,4.76,1.81,44.83,62.46,3.11,0.23,2.74,1.02,3.33,1.16
4033,5.87,3.66,59.12,84.22,2.96,1.16,3.49,1.14,0.38,1.1
4034,0.5,1.8,69.65,22.77,2.9,3.15,1.42,1.03,1.72,1.45
4035,2.63,5.03,47.7,41.64,6.36,0.86,1.2,2.33,1.39,0.46
4036,2.41,2.01,46.43,37.39,2.64,0.88,1.79,3.58,3.21,1.02
4037,3.78,4.06,71.14,55.32,0.35,0.75,0.0,4.48,0.73,0.42
4038,4.43,2.12,42.17,38.03,4.9,2.89,0.25,1.04,1.33,1.98
4039,0.5,2.03,45.79,26.41,2.55,0.0,2.78,2.26,1.11,1.78
4040,10.33,6.17,25.97,52.08,0.27,2.5,0.0,3.28,1.36,1.96
4041,10.08,0.89,55.14,65.76,1.37,1.5,0.63,4.71,1.78,1.53
4042,10.04,4.11,48.26,30.69,1.45,1.26,1.44,2.89,0.25,0.55
4043,11.11,6.52,28.28,23.57,4.17,2.4,0.27,1.96,1.18,1.41
4044,6.68,4.44,46.01,63.58,3.71,0.95,0.74,1.95,3.45,1.58
4045,8.68,0.0,27.28,56.7,2.5,2.03,1.98,2.58,2.43,1.27
4046,5.37,8.06,20.36,85.45,5.42,1.7,2.88,3.61,2.15,0.0
4047,4.67,1.11,27.58,41.14,2.54,2.82,0.74,3.91,2.43,0.34
4048,10.45,4.3,27.32,64.22,0.71,2.3,1.28,1.06,2.5,0.6
4049,6.84,3.22,29.64,81.23,2.05,3.8,1.72,1.96,2.79,1.48
4050,8.85,3.88,32.15,50.49,4.04,0.0,1.98,3.26,0.0,1.55
4051,6.49,3.37,53.25,33.69,1.48,3.67,0.5,2.18,1.06,0.0
4052,9.31,4.79,35.31,12.22,4.74,0.0,0.82,1.06,4.74,2.45
4053,5.86,3.25,41.31,32.23,1.55,2.26,1.98,2.44,0.0,2.64
4054,5.58,2.64,18.12,100.0,3.98,2.37,1.15,3.95,1.59,0.94
4055,2.6,2.49,57.48,35.76,2.6,0.41,0.56,0.77,0.59,1.0
4056,5.4,4.61,52.09,58.37,4.37,3.02,1.85,3.65,1.93,0.14
4057,11.29,3.79,61.8,21.52,4.09,2.6,2.72,2.41,1.18,1.1
4058,5.0,4.98,44.42,46.45,3.23,3.6,0.36,3.53,3.98,0.79
4059,6.47,4.95,32.77,45.12,1.34,1.01,2.82,1.93,2.71,0.82
4060,6.46,4.29,44.44,54.21,4.31,0.0,2.68,3.0,0.07,0.37
4061,3.12,5.2,64.7,59.55,2.22,2.19,2.75,1.45,3.78,1.42
4062,8.79,2.5,30.54,51.43,1.81,3.06,1.79,1.56,0.55,0.45
4063,6.39,1.76,44.82,62.63,3.44,3.97,4.54,1.58,1.25,1.15
4064,3.77,1.38,51.93,67.54,3.11,1.1,1.07,1.26,2.08,0.74
4065,3.05,5.65,34.71,80.32,3.93,4.0,2.62,2.54,2.97,0.57
4066,4.73,4.64,43.94,86.22,4.33,0.82,2.85,3.5,0.02,1.18
4067,6.0,0.65,47.65,26.01,3.36,1.75,0.38,0.91,3.19,0.05
4068,3.13,4.86,70.57,61.07,3.25,2.47,1.48,0.0,0.63,0.0
4069,8.64,4.37,35.33,26.0,2.99,3.29,0.9,1.48,2.22,0.0
4070,6.73,4.01,49.27,63.76,3.27,1.24,0.45,1.67,1.42,0.09
4071,3.07,0.65,43.75,61.08,4.75,2.56,1.37,1.28,3.11,0.55
4072,5.91,2.49,37.5,69.99,4.59,1.58,1.39,2.65,1.15,0.0
4073,7.15,3.53,61.51,51.75,3.75,3.53,1.46,0.0,2.1,1.75
4074,7.3,3.44,43.96,53.36,0.0,2.8,0.0,1.16,1.53,0.92
4075,5.55,7.21,33.65,70.13,2.65,0.36,1.42,0.0,2.29,0.0
4076,6.15,3.45,31.39,96.19,0.0,3.26,1.02,4.67,3.04,0.67
4077,9.92,0.85,37.25,34.96,2.77,1.14,1.53,2.79,1.2,0.84
4078,6.56,5.06,38.2,51.93,3.59,1.95,2.16,1.63,1.53,0.96
4079,5.21,4.87,41.95,57.37,3.5,2.54,2.22,3.23,3.43,1.36
4080,6.19,3.1,51.44,8.14,2.49,0.81,0.0,0.11,0.93,1.95
4081,8.32,4.44,37.11,63.33,4.85,2.66,0.94,2.4,4.2,0.7
4082,6.25,4.66,40.42,51.15,5.44,2.46,0.08,0.83,0.0,0.89
4083,9.99,5.3,22.21,31.3,1.79,1.02,0.43,1.32,1.16,1.86
4084,6.65,4.62,41.38,35.95,1.17,1.65,0.0,1.04,0.0,1.97
4085,0.5,3.94,30.22,71.66,2.83,0.24,0.44,1.58,1.63,3.18
4086,5.38,5.65,54.8,51.94,3.62,0.81,1.12,3.33,2.22,2.49
4087,10.01,4.85,46.68,31.41,2.46,2.15,0.08,2.87,1.7,0.33
4088,7.73,0.15,38.45,27.35,2.93,3.04,1.03,0.92,0.0,1.72
4089,11.29,5.99,29.74,71.09,4.22,3.53,2.2,3.37,1.61,1.73
4090,3.32,2.16,53.43,79.08,0.47,0.77,1.25,3.29,3.13,1.57
4091,9.36,0.8,58.81,58.71,6.09,0.2,1.24,0.08,1.17,1.98
4092,1.1,6.02,68.44,59.03,0.82,1.21,0.0,0.0,1.87,0.0
4093,7.75,5.7,32.79,59.22,3.25,3.45,2.53,2.96,1.24,0.7
4094,7.17,7.88,33.63,56.87,2.16,0.0,0.0,1.29,1.41,1.37
4095,2.06,4.93,76.15,55.16,4.62,5.23,2.13,0.0,0.49,0.27
4096,8.97,2.48,27.61,58.04,3.89,1.38,0.14,0.0,2.57,2.98
4097,6.65,9.36,19.73,47.74,4.89,2.76,0.82,2.39,0.0,1.72
4098,6.0,2.37,47.73,72.12,3.26,4.33,2.03,3.12,1.99,0.47
4099,10.3,2.4,46.2,9.49,2.96,4.13,2.36,3.06,2.49,1.21
4100,3.37,0.2,48.64,69.02,3.02,2.36,0.0,0.0,2.5,0.88
4101,1.57,2.8,32.29,61.55,0.87,4.09,0.9,0.56,3.08,0.0
4102,8.17,5.37,40.86,43.61,2.63,0.88,1.8,1.21,2.92,2.0
4103,0.84,1.77,74.36,42.17,2.65,0.0,1.0,0.21,2.31,0.0
4104,0.5,5.05,37.02,57.76,3.99,4.26,2.88,1.92,4.25,1.8
4105,0.5,4.57,36.56,61.09,3.83,1.21,1.2,2.43,3.29,0.26
4106,11.54,6.12,24.22,73.05,5.55,0.87,2.57,1.65,1.46,0.52
4107,7.63,5.15,50.64,37.26,2.49,3.62,0.99,3.89,2.92,0.0
4108,6.8,3.63,57.15,58.72,3.57,0.0,3.09,4.15,3.52,1.98
4109,10.04,3.04,46.2,57.3,4.31,3.09,2.66,1.35,0.0,2.0
4110,7.3,6.1,13.44,100.0,3.74,0.79,2.34,3.64,2.86,0.94
4111,1.48,6.5,59.54,46.09,1.61,1.16,1.52,2.8,2.69,1.22
4112,3.79,1.97,87.33,54.28,4.08,3.9,1.7,2.1,0.32,0.0
4113,9.98,0.6,43.2,55.84,3.51,2.95,2.69,0.82,0.0,0.64
4114,2.87,2.17,54.82,65.21,4.6,0.67,0.51,2.58,1.43,0.0
4115,3.33,2.3,51.2,36.06,2.28,3.06,0.3,3.07,1.52,1.73
4116,4.95,5.41,70.29,75.27,3.39,0.89,2.87,3.35,2.74,1.25
4117,6.71,2.34,23.38,6.93,3.32,3.35,2.65,0.0,3.88,2.63
4118,7.01,4.02,62.2,64.5,3.93,2.18,0.84,1.78,3.91,0.0
4119,0.82,3.51,42.26,8.89,3.53,3.83,2.31,0.98,0.77,1.45
4120,0.5,3.68,54.26,67.06,1.36,3.05,1.97,1.39,5.25,1.38
4121,4.76,3.09,33.8,48.47,1.04,4.34,1.77,1.41,1.75,1.33
4122,4.37,1.29,67.73,47.4,3.79,0.84,1.23,1.87,1.44,0.0
4123,1.21,2.23,51.37,52.3,2.77,0.62,0.68,3.3,0.9,0.87
4124,4.49,3.47,42.67,61.77,5.22,2.34,1.45,0.23,0.91,0.0
4125,10.33,5.96,52.72,10.59,5.94,0.0,3.18,2.92,0.99,1.13
4126,9.21,2.63,39.69,94.59,2.16,2.91,3.43,3.08,2.54,0.12
4127,4.5,1.72,27.91,55.05,6.07,2.14,1.7,3.2,2.67,0.48
4128,3.22,1.15,75.63,68.66,4.34,2.87,2.8,0.0,0.0,0.22
4129,0.5,3.77,66.78,57.7,4.85,2.16,3.3,3.0,2.71,0.77
4130,5.58,6.4,26.71,43.6,4.2,1.49,0.51,2.82,0.41,0.39
4131,10.4,6.57,44.8,56.62,3.6,0.0,1.05,1.54,3.65,0.1
4132,7.14,1.72,65.63,66.76,3.49,0.0,3.5,3.27,1.31,0.56
4133,7.52,0.41,68.23,87.84,4.25,1.6,0.0,0.69,5.35,1.15
4134,9.33,7.64,50.75,54.5,1.56,1.88,0.0,2.3,3.19,0.38
4135,1.22,3.22,39.66,55.45,2.2,1.6,2.6,4.35,2.05,0.18
4136,3.82,4.79,71.6,60.98,1.7,5.15,2.21,3.34,0.0,1.01
4137,6.88,1.35,54.91,77.52,3.91,2.21,0.84,1.1,0.92,0.0
4138,0.5,6.45,27.61,47.39,2.45,1.89,2.08,0.0,0.61,0.77
4139,4.85,0.0,19.52,52.64,2.92,1.39,1.88,2.01,2.54,1.5
4140,10.59,1.5,44.69,35.29,3.41,3.27,2.83,4.8,0.55,0.48
4141,7.03,7.2,29.56,33.0,2.52,0.0,1.2,0.0,2.26,0.38
4142,3.86,2.49,35.13,75.42,3.33,1.97,1.82,3.62,2.59,3.41
4143,3.17,4.77,49.05,46.92,1.87,3.01,1.02,4.08,0.97,0.71
4144,6.41,1.83,43.79,24.03,3.03,1.53,1.99,2.22,3.15,1.33
4145,6.26,2.38,39.65,58.62,3.61,0.04,1.84,0.0,0.0,1.16
4146,7.63,3.11,58.27,37.26,5.16,0.0,1.6,0.52,0.0,0.2
4147,3.69,2.16,40.36,55.26,3.62,0.48,1.04,1.98,0.86,2.31
4148,7.82,5.29,32.47,51.72,2.77,4.1,1.63,0.0,3.39,0.99
4149,5.38,5.36,49.53,95.46,4.0,3.35,2.1,4.44,0.9,0.41
4150,2.34,3.17,39.33,58.87,4.55,0.01,1.79,3.7,3.22,0.0
4151,4.72,3.79,54.67,53.34,1.73,0.0,0.29,0.0,0.28,1.47
4152,10.77,5.47,81.07,75.19,3.22,3.5,0.0,0.24,1.67,1.94
4153,7.32,4.42,44.0,61.88,2.12,4.25,1.7,2.08,1.52,1.04
4154,5.42,4.56,44.54,75.4,4.24,1.63,0.86,0.27,1.91,0.56
4155,7.01,3.55,85.99,26.24,2.84,0.88,1.79,1.08,5.89,1.64
4156,7.66,2.98,50.27,29.34,3.19,0.64,1.86,1.69,4.59,0.4
4157,6.77,3.07,54.77,17.46,5.09,3.92,2.1,1.69,1.37,0.0
4158,5.99,6.98,33.88,76.14,4.17,2.21,0.77,1.87,1.09,0.52
4159,2.85,3.45,17.08,33.19,4.52,1.72,1.63,2.57,4.38,0.76
4160,5.44,0.0,50.72,49.54,4.67,3.83,1.25,0.4,3.0,1.01
4161,8.02,4.14,61.22,75.21,5.19,2.66,2.43,1.28,0.57,0.41
4162,7.92,4.11,45.51,54.33,1.85,3.78,1.8,0.0,1.11,0.83
4163,1.37,6.73,45.37,54.28,3.57,1.76,0.8,0.74,1.15,0.0
4164,5.76,3.65,50.26,30.88,5.9,0.0,1.83,1.5,3.72,1.06
4165,6.58,3.84,29.04,45.51,7.1,0.41,1.56,2.18,2.22,0.55
4166,5.86,2.57,29.77,54.35,5.06,2.35,3.5,0.72,1.66,0.25
4167,7.58,8.58,70.38,90.52,3.15,0.69,2.48,3.53,3.11,0.0
4168,4.48,3.05,63.38,27.81,4.05,2.09,0.76,2.24,2.09,0.0
4169,4.4,2.08,39.38,48.49,2.73,4.92,0.79,2.57,2.5,1.04
4170,6.29,2.64,27.29,23.08,3.36,0.66,0.86,3.42,2.18,1.02
4171,10.75,2.4,0.41,3.96,4.52,1.36,2.31,2.72,0.0,1.62
4172,13.04,4.21,56.18,48.81,4.1,0.55,1.05,0.0,1.76,0.6
4173,10.44,3.09,21.38,25.3,6.09,0.45,0.7,4.32,2.25,0.19
4174,6.16,3.73,27.47,53.0,3.13,2.04,1.9,1.2,0.0,1.58
4175,7.64,7.8,70.48,59.31,3.5,0.21,2.07,0.61,2.39,0.76
4176,5.22,2.76,32.61,47.71,2.46,3.26,1.71,2.06,2.01,1.56
4177,4.96,4.31,39.33,82.59,3.0,2.49,0.32,3.33,3.86,0.0
4178,3.19,0.44,56.13,60.2,2.38,1.31,0.83,0.83,4.27,0.0
4179,8.13,1.99,73.18,29.57,3.3,0.0,2.69,0.5,2.92,1.34
4180,7.03,2.74,57.75,30.4,3.6,4.01,0.0,1.04,1.33,1.21
4181,4.59,4.23,22.13,40.98,2.33,0.59,3.03,2.11,2.43,0.0
4182,9.35,3.54,66.98,52.23,3.39,3.81,2.14,0.69,5.24,0.0
4183,9.71,7.27,33.95,36.13,2.5,0.33,0.8,3.15,2.39,0.05
4184,7.05,1.11,25.03,58.37,2.48,0.17,2.96,2.04,4.82,2.95
4185,6.87,2.52,39.29,92.89,4.93,0.8,2.1,1.89,0.86,1.67
4186,1.75,9.3,42.14,92.11,3.41,0.29,3.15,4.6,2.11,0.78
4187,3.41,2.87,49.0,66.1,4.24,3.03,0.0,2.92,2.99,0.38
4188,7.42,3.37,19.34,77.72,2.07,3.21,2.26,2.8,1.79,0.96
4189,11.13,9.01,56.94,76.69,3.06,3.21,3.32,2.13,2.37,0.0
4190,6.29,3.1,67.15,61.97,6.02,4.32,1.82,1.9,0.0,0.0
4191,6.94,4.74,48.1,53.42,4.56,2.16,1.39,3.68,2.35,0.0
4192,7.79,3.15,40.34,21.47,5.96,0.08,1.45,2.91,0.48,0.94
4193,5.32,5.55,52.13,34.74,4.23,3.1,2.98,2.54,2.84,0.51
4194,9.25,0.09,49.92,31.55,3.75,2.15,0.68,3.88,1.69,0.0
4195,7.06,7.62,40.64,51.24,2.99,1.1,2.17,2.02,2.45,0.5
4196,12.1,4.78,35.73,83.97,4.23,3.94,2.82,0.0,2.74,0.34
4197,7.09,6.21,65.49,48.98,4.03,2.16,1.22,0.16,0.91,0.67
4198,2.46,1.12,55.95,79.27,2.76,1.82,1.63,2.01,0.0,0.26
4199,1.96,9.28,62.3,61.43,3.61,1.71,1.77,0.0,3.19,2.82
4200,8.17,4.21,48.63,45.5,5.31,1.36,0.74,0.68,3.37,0.0
4201,9.28,2.83,61.55,38.53,2.88,0.0,1.79,4.17,3.03,0.7
4202,4.17,0.0,35.03,40.77,4.31,1.36,1.02,0.0,2.64,2.57
4203,9.47,3.13,57.96,66.44,3.46,0.0,0.59,0.69,3.45,0.0
4204,7.02,2.37,25.44,29.22,4.46,4.39,1.54,2.03,3.62,0.93
4205,8.01,4.51,29.15,61.14,1.4,2.49,3.24,3.22,0.59,0.67
4206,3.38,3.44,63.12,27.45,2.96,2.71,3.01,2.23,0.48,0.78
4207,8.52,2.21,60.84,45.58,4.49,1.76,0.85,0.64,0.78,1.16
4208,3.57,0.0,41.17,49.48,2.7,2.85,2.56,2.2,1.12,0.0
4209,10.45,4.16,59.08,15.74,4.77,2.58,1.57,0.0,3.73,0.8
4210,2.61,4.58,16.11,54.61,3.15,4.37,2.21,4.36,0.16,0.0
4211,4.23,4.3,46.95,49.43,4.21,1.58,2.41,1.83,3.53,1.71
4212,9.55,5.04,63.11,58.74,4.51,0.0,0.11,2.52,0.56,0.64
4213,1.39,0.9,3.79,59.53,2.89,0.18,1.4,2.88,2.66,1.21
4214,4.8,4.32,27.08,23.2,2.38,1.86,1.07,1.36,3.26,2.29
4215,0.61,4.68,19.55,56.93,4.49,2.62,3.51,4.25,0.7,0.0
4216,5.96,4.32,20.96,73.98,4.74,3.06,2.68,2.7,1.73,0.11
4217,11.35,3.86,24.01,64.11,4.38,0.36,2.4,4.47,1.43,0.23
4218,10.94,7.06,36.21,47.61,6.53,0.33,1.43,0.39,0.31,0.71
4219,6.0,2.71,41.56,41.08,3.71,3.95,1.61,2.2,0.65,0.28
4220,6.31,3.51,51.65,38.34,3.94,0.94,0.42,2.03,1.61,0.32
4221,3.59,2.9,34.69,16.59,2.09,3.81,3.88,2.2,0.0,1.26
4222,5.42,2.78,22.74,30.99,2.11,0.14,4.31,1.73,5.64,1.18
4223,6.21,2.47,36.71,40.53,1.77,0.92,1.88,0.31,1.22,1.74
4224,9.73,4.03,36.6,75.5,3.91,2.67,2.62,4.12,3.25,1.38
4225,4.02,0.87,55.98,77.68,3.74,4.65,3.8,2.62,1.58,1.48
4226,10.8,4.65,21.67,33.33,3.21,0.1,1.52,0.2,1.93,0.52
4227,7.39,3.32,19.13,61.52,3.97,2.77,1.07,1.47,1.85,1.27
4228,2.73,1.75,45.78,41.73,4.59,1.69,1.24,3.12,3.39,0.16
4229,1.47,5.77,69.04,63.29,0.17,3.52,0.0,0.0,0.0,0.14
4230,10.95,6.62,60.02,53.01,3.75,2.06,1.23,0.96,0.0,0.84
4231,8.11,5.88,43.33,88.4,4.03,1.78,3.02,2.2,1.98,0.76
4232,5.39,4.12,45.03,62.43,3.9,6.46,1.11,2.86,0.0,0.0
4233,10.19,4.6,30.73,60.3,4.46,3.27,0.22,0.01,0.27,0.37
4234,0.5,3.48,44.66,64.17,3.66,2.79,3.34,5.57,2.43,0.0
4235,10.49,2.87,58.94,58.35,1.73,3.73,1.62,0.66,5.55,1.08
4236,11.74,0.0,61.17,42.84,4.22,2.56,2.15,0.81,0.8,0.56
4237,7.08,6.69,37.45,73.55,0.85,0.18,0.12,3.45,1.46,0.0
4238,7.42,5.08,45.87,87.53,2.01,0.0,3.46,2.76,0.0,0.64
4239,6.55,4.19,29.29,75.24,6.4,0.03,2.41,0.97,0.0,1.38
4240,7.96,1.62,50.67,90.14,5.08,0.9,2.05,0.0,1.67,0.96
4241,7.73,5.79,70.87,50.75,2.55,0.0,1.11,1.93,0.0,0.27
4242,6.78,1.27,35.52,72.63,3.04,2.31,2.7,1.7,4.2,1.98
4243,5.89,2.96,65.19,60.58,2.39,3.3,0.4,1.8,2.23,1.17
4244,8.48,0.97,43.02,62.9,0.9,3.17,2.48,2.17,0.84,0.61
4245,0.5,2.09,58.85,36.76,4.21,4.4,1.7,1.29,3.78,0.0
4246,7.49,3.38,29.03,50.69,3.29,1.0,1.37,2.87,2.67,0.79
4247,2.39,0.0,42.21,50.75,4.82,3.89,1.51,1.49,3.18,1.43
4248,5.57,5.1,22.02,68.43,7.25,4.02,1.9,1.71,1.11,0.0
4249,1.86,4.04,43.36,53.11,2.87,2.26,0.85,2.63,3.97,1.6
4250,8.29,1.45,65.29,32.16,4.46,3.36,4.01,2.68,5.86,1.29
4251,6.68,5.25,53.18,82.14,4.4,2.7,3.77,5.43,0.0,0.0
4252,6.78,3.57,48.06,40.46,0.0,2.77,2.24,3.71,1.97,1.81
4253,7.53,7.0,37.78,45.95,4.92,3.63,3.68,1.19,3.39,0.0
4254,0.96,6.45,55.45,65.29,2.76,2.81,2.55,3.3,0.0,0.8
4255,9.57,2.32,36.0,96.39,5.2,3.2,0.58,1.9,2.65,0.95
4256,8.48,4.18,57.99,72.84,4.89,0.85,1.7,1.17,0.96,0.35
4257,7.97,3.2,3.18,63.9,4.28,3.89,3.44,4.09,1.0,0.0
4258,10.33,5.28,48.69,30.67,2.44,1.4,1.4,3.2,2.9,0.43
4259,4.94,4.39,48.32,41.63,3.08,2.4,2.06,2.58,2.04,0.13
4260,4.16,0.74,55.99,76.04,4.62,0.11,0.26,0.0,2.33,2.24
4261,6.29,4.6,56.22,18.12,3.7,3.6,4.77,1.58,2.73,1.01
4262,6.75,3.44,26.96,85.25,2.47,2.87,1.96,1.94,0.0,0.78
4263,7.79,5.62,45.83,50.44,3.42,1.75,1.93,0.0,5.41,1.32
4264,9.18,3.94,56.75,67.7,4.79,3.2,2.77,0.77,2.03,1.28
4265,0.5,5.39,52.07,99.79,3.61,1.16,2.1,4.55,1.3,0.67
4266,3.22,3.26,23.9,33.6,4.16,2.37,2.08,3.26,1.33,1.67
4267,5.15,3.17,42.62,82.63,2.18,2.24,3.3,3.56,2.32,2.02
4268,3.43,2.12,53.6,17.63,4.7,2.44,1.75,0.68,2.65,1.41
4269,6.91,4.78,35.84,33.51,3.23,2.59,2.26,3.63,0.0,2.33
4270,9.59,8.35,46.13,21.64,1.52,4.11,1.88,1.65,0.0,1.34
4271,3.1,5.63,26.77,57.52,0.04,1.04,2.65,1.49,0.42,0.0
4272,6.92,5.23,44.93,75.48,3.42,0.0,1.4,4.03,3.24,0.12
4273,5.86,4.49,54.75,70.98,0.89,0.68,0.21,2.88,0.73,2.46
4274,2.88,5.17,22.59,67.6,7.75,2.66,0.0,4.38,2.17,0.95
4275,8.14,5.8,25.49,76.91,2.61,0.15,0.38,0.73,3.19,2.04
4276,3.64,6.02,13.57,48.64,5.04,2.81,4.38,2.79,1.13,1.83
4277,9.63,5.16,41.53,60.61,1.77,3.37,1.26,2.34,1.03,0.86
4278,2.6,5.66,23.62,41.03,2.24,0.52,1.51,2.29,1.98,1.76
4279,5.74,11.01,40.99,71.59,4.69,0.0,1.7,3.1,1.47,0.31
4280,6.98,3.8,34.71,59.56,1.44,0.06,1.6,1.6,3.88,0.0
4281,6.25,0.6,48.83,83.63,0.62,0.0,2.09,1.4,4.49,2.1
4282,9.76,0.34,49.75,88.21,4.22,1.42,0.04,2.02,2.59,1.99
4283,0.5,8.3,23.73,50.17,2.2,1.94,0.0,3.88,1.0,1.08
4284,9.48,3.53,47.0,54.51,1.73,2.25,1.73,5.88,6.15,0.25
4285,5.43,2.35,36.98,40.56,5.94,3.53,0.89,0.0,2.53,3.06
4286,5.19,1.13,53.61,63.27,5.16,1.37,2.56,3.82,3.63,0.0
4287,7.75,4.56,56.25,100.0,4.31,1.36,2.47,4.7,4.61,1.4
4288,4.78,1.29,54.04,53.32,1.73,3.23,0.59,2.19,1.97,0.9
4289,4.36,4.02,42.57,41.75,2.84,1.64,3.97,6.86,0.95,0.61
4290,7.32,1.79,60.27,78.11,4.92,4.69,2.78,1.67,3.24,0.0
4291,10.59,5.78,37.2,35.53,2.05,3.17,1.25,0.0,3.14,0.87
4292,11.68,3.04,34.6,75.06,4.56,4.49,2.05,0.18,3.18,2.43
4293,7.73,4.0,17.23,41.69,1.46,1.17,0.57,2.06,1.07,0.06
4294,6.59,6.94,40.59,51.68,4.63,0.0,0.0,4.24,3.53,0.93
4295,8.33,4.47,63.9,74.82,4.41,2.04,1.78,2.48,4.26,0.0
4296,1.04,3.1,42.98,38.63,2.86,3.08,2.44,4.16,1.15,1.92
4297,2.97,5.01,30.31,61.58,3.53,1.75,3.46,2.56,3.59,2.41
4298,5.47,0.81,57.77,60.23,3.45,0.03,1.31,3.47,4.0,1.24
4299,5.75,5.06,68.39,49.95,4.53,2.8,0.0,0.76,2.86,0.28
4300,5.01,3.26,15.8,53.91,2.84,1.79,2.72,1.45,0.56,1.37
4301,6.18,6.89,51.22,71.97,3.05,0.54,0.0,3.64,0.5,1.09
4302,6.19,7.93,22.12,19.12,4.43,4.66,0.39,0.0,1.93,0.05
4303,6.45,6.06,48.98,76.58,5.13,0.0,0.0,2.32,3.11,0.0
4304,2.94,3.61,51.75,52.09,3.44,1.14,1.32,5.59,2.69,0.0
4305,6.13,5.23,57.77,48.55,7.42,1.58,3.07,0.0,1.27,0.0
4306,3.69,4.04,31.2,70.47,3.59,0.0,0.39,0.14,0.85,0.38
4307,0.5,1.52,42.01,74.76,4.45,2.4,1.69,2.19,1.27,0.12
4308,1.59,5.77,42.84,57.93,4.39,2.32,0.0,1.97,1.56,2.04
4309,6.47,1.55,43.64,12.83,2.81,0.62,0.95,2.59,0.0,0.33
4310,6.82,4.87,19.67,31.54,3.92,1.64,3.34,1.89,1.48,0.42
4311,1.55,4.04,56.32,23.13,2.25,1.84,0.13,1.01,0.0,0.89
4312,5.56,4.24,26.14,67.59,1.79,3.8,1.31,2.89,2.25,0.0
4313,6.35,3.4,43.43,76.15,2.22,1.52,0.28,2.37,1.85,1.75
4314,5.74,6.95,39.99,59.16,4.4,0.0,2.18,1.87,0.89,0.56
4315,8.23,6.79,48.92,62.58,5.81,4.56,1.2,2.25,2.5,0.0
4316,7.97,1.67,55.72,82.83,4.18,2.09,0.12,3.36,1.5,0.0
4317,6.36,3.2,25.67,59.07,4.47,3.04,2.87,6.13,1.09,1.8
4318,5.38,5.11,62.94,100.0,3.59,1.45,2.28,1.88,1.83,1.39
4319,9.38,4.86,34.57,32.17,2.56,1.95,0.24,2.62,0.0,0.0
4320,2.64,3.38,62.93,65.34,2.3,0.0,0.35,4.15,2.93,0.16
4321,8.05,4.64,16.55,48.38,4.74,1.44,1.64,1.06,4.56,0.0
4322,6.11,3.01,44.24,36.49,4.05,1.11,0.0,0.59,2.56,0.47
4323,6.89,5.83,37.4,69.12,4.64,2.0,3.3,3.21,3.89,1.7
4324,3.56,4.87,18.47,55.39,4.02,3.42,0.88,1.63,3.43,1.73
4325,4.98,4.2,11.25,95.34,2.71,0.64,1.13,0.91,0.0,2.03
4326,9.71,4.56,35.3,55.04,3.69,1.64,1.71,0.41,2.09,0.1
4327,5.09,2.65,43.57,44.21,3.71,2.7,3.94,3.53,3.26,0.77
4328,0.93,2.58,36.33,50.88,3.78,3.37,1.33,2.43,2.87,0.73
4329,8.25,6.07,55.53,39.88,4.81,3.39,1.01,0.56,1.58,0.0
4330,10.09,4.82,24.18,50.95,2.17,1.38,0.7,1.89,1.86,0.94
4331,0.89,3.96,63.04,58.22,5.5,3.04,1.21,3.89,3.14,1.4
4332,3.75,6.31,52.13,73.62,6.29,1.59,1.2,2.39,1.84,0.0
4333,3.0,7.16,52.59,22.83,5.2,2.69,3.43,3.07,4.47,1.23
4334,4.51,1.92,48.42,56.47,3.3,2.34,1.87,2.65,1.51,0.0
4335,5.82,0.66,46.22,68.79,3.03,1.93,2.36,4.57,1.16,0.04
4336,5.23,1.49,43.91,41.28,5.25,1.87,2.39,0.88,1.71,1.13
4337,6.04,6.09,44.13,45.29,5.66,0.0,2.8,2.44,2.11,1.35
4338,7.0,2.79,54.87,51.05,3.77,2.93,3.14,2.9,2.4,1.02
4339,10.49,0.0,36.78,21.18,3.64,3.46,2.42,2.54,2.31,0.65
4340,0.93,7.14,48.49,48.28,4.95,0.0,1.45,0.86,2.23,1.42
4341,6.83,3.59,25.34,70.44,3.49,3.95,2.7,2.01,0.0,0.43
4342,4.62,5.72,81.96,37.72,3.76,0.0,0.0,2.4,2.17,0.0
4343,3.82,3.51,72.67,35.39,3.78,2.61,1.85,0.0,2.1,2.03
4344,7.12,3.7,60.48,52.61,1.82,2.89,0.0,0.98,5.33,1.44
4345,7.11,6.29,41.89,38.77,5.56,2.68,0.48,0.0,1.72,1.3
4346,9.2,0.3,54.58,55.53,1.65,4.79,0.94,2.6,0.0,0.87
4347,3.93,2.17,32.95,46.18,3.91,3.51,2.85,4.43,0.48,0.9
4348,5.04,1.12,66.61,54.7,3.06,2.18,0.8,3.9,4.43,2.12
4349,3.21,3.12,52.09,44.29,2.9,3.45,1.07,1.66,2.28,0.81
4350,2.42,0.07,47.73,53.18,3.22,3.91,0.0,0.0,0.52,0.0
4351,9.44,5.72,53.35,18.99,4.15,1.04,0.93,1.95,3.2,1.82
4352,6.36,2.62,38.93,65.48,2.33,1.99,2.89,0.0,3.26,0.54
4353,4.87,1.47,75.4,16.35,3.93,0.96,0.99,0.0,1.81,0.49
4354,3.27,7.52,36.13,54.69,3.84,2.3,0.38,4.27,3.52,1.21
4355,6.98,1.65,45.65,87.77,4.27,3.77,0.17,3.89,3.48,0.0
4356,2.37,5.72,61.55,94.79,1.19,6.05,2.45,2.76,1.1,0.0
4357,0.64,4.37,52.66,100.0,0.8,2.08,1.46,1.63,1.95,0.67
4358,6.98,7.98,62.92,60.13,4.92,0.0,2.24,1.6,3.66,0.47
4359,7.62,2.42,38.71,50.96,3.91,1.22,0.0,0.0,0.0,0.0
4360,4.94,6.24,25.15,26.93,4.35,1.22,1.35,2.19,0.99,0.67
4361,3.41,6.22,42.47,18.03,4.67,2.66,2.27,2.39,3.46,0.74
4362,5.69,3.26,42.95,81.76,3.44,2.91,1.6,1.9,1.36,0.26
4363,1.61,6.62,33.01,2.45,1.25,0.51,1.15,3.02,0.98,0.76
4364,3.67,3.34,49.69,70.0,3.18,0.68,3.61,4.0,3.62,0.0
4365,7.52,2.54,25.64,72.53,1.87,1.09,1.2,2.25,1.18,1.34
4366,1.65,1.64,58.13,61.56,3.58,1.69,1.73,2.82,3.03,0.67
4367,7.12,4.55,45.25,41.41,4.11,0.81,3.06,0.61,1.68,1.22
4368,9.07,0.38,22.46,45.01,3.76,2.39,1.56,0.0,3.63,0.0
4369,8.58,7.17,19.48,58.85,1.6,1.74,1.91,3.19,3.5,0.72
4370,3.36,4.88,35.75,58.56,4.91,0.13,1.6,1.43,1.57,1.95
4371,8.1,1.86,57.96,16.44,4.73,0.0,0.77,4.31,2.53,2.29
4372,4.05,7.47,48.93,75.07,3.28,3.14,2.34,3.55,2.49,0.0
4373,9.27,6.14,36.14,45.6,3.84,1.69,0.76,0.0,1.86,0.63
4374,5.07,2.19,53.95,51.88,3.37,2.16,1.9,1.64,2.92,0.48
4375,1.51,5.16,65.43,34.84,4.99,1.45,2.38,1.14,3.28,0.31
4376,6.23,6.22,42.3,38.45,3.9,4.61,0.0,2.02,1.84,0.0
4377,5.5,5.23,42.55,71.88,2.14,2.99,0.0,1.06,1.39,1.95
4378,8.27,4.0,77.12,77.96,4.18,2.18,0.95,2.56,1.89,0.89
4379,8.13,2.78,46.06,48.79,2.96,0.0,2.63,2.8,1.22,2.29
4380,4.64,5.83,41.23,76.11,3.71,0.76,2.32,0.0,3.97,0.82
4381,1.02,5.98,36.42,71.67,5.3,1.5,2.56,3.93,3.69,0.56
4382,6.58,3.74,55.96,73.2,4.51,3.48,1.57,3.11,1.74,1.51
4383,13.54,4.84,43.55,59.21,3.24,1.97,4.0,1.32,0.0,0.63
4384,8.19,5.18,31.5,64.96,0.27,3.1,1.84,3.56,0.0,1.16
4385,7.13,5.53,41.46,52.01,1.92,2.37,2.49,0.31,1.7,0.98
4386,4.93,4.38,24.08,100.0,2.96,1.81,1.65,2.93,1.07,1.31
4387,4.92,1.76,52.34,53.71,4.16,1.05,0.85,2.84,2.13,0.0
4388,3.04,1.49,52.66,58.82,1.03,1.47,1.48,2.46,2.23,1.43
4389,5.26,7.1,58.38,45.65,4.1,2.04,0.25,1.78,3.52,0.31
4390,4.81,3.79,43.87,8.1,3.35,2.13,2.65,0.0,0.7,1.59
4391,3.65,7.24,58.22,61.61,3.94,0.69,1.95,1.51,0.0,0.11
4392,5.59,1.0,66.65,12.59,6.44,4.38,4.26,1.84,1.3,0.0
4393,4.17,4.09,48.1,50.17,2.05,3.79,0.0,1.76,0.71,0.0
4394,6.2,6.36,46.27,73.55,3.09,0.33,0.0,1.55,3.21,1.09
4395,6.56,2.3,66.41,31.46,0.79,0.0,0.0,0.16,3.84,0.0
4396,4.16,3.82,56.27,94.51,6.35,1.46,3.09,1.17,2.38,0.2
4397,5.61,0.95,33.04,69.16,3.63,3.26,2.03,2.38,2.4,0.39
4398,5.71,3.92,52.18,37.71,0.77,1.95,0.03,2.04,1.6,0.28
4399,11.33,3.85,39.59,94.82,4.15,2.62,0.5,1.57,2.28,1.17
4400,6.26,0.31,49.1,100.0,2.15,4.56,3.34,4.3,1.22,1.63
4401,5.82,4.86,53.83,59.82,4.71,3.41,1.19,4.24,1.29,0.95
4402,4.01,6.73,53.36,21.09,2.58,1.0,1.96,2.95,0.0,0.62
4403,4.04,3.57,54.64,61.01,6.31,2.73,0.09,0.0,0.91,0.26
4404,4.84,3.58,46.19,37.17,1.24,0.0,1.56,0.09,2.19,1.3
4405,10.79,1.52,55.86,64.81,4.4,2.39,2.1,0.0,0.0,0.49
4406,8.88,4.95,15.41,24.21,4.23,2.49,2.19,0.37,0.45,1.45
4407,5.94,4.02,31.45,26.9,3.31,2.27,2.63,3.42,2.81,2.62
4408,7.04,4.92,34.08,43.16,3.62,1.39,2.51,3.94,0.25,2.47
4409,3.86,7.35,29.54,47.63,5.49,3.24,0.85,2.77,2.91,0.0
4410,8.12,5.94,38.82,54.61,4.01,2.27,1.54,0.08,2.17,0.0
4411,0.81,6.32,52.61,62.17,3.25,2.18,0.0,3.17,1.57,0.0
4412,8.83,0.72,52.81,31.71,2.52,2.15,2.94,2.27,0.0,0.28
4413,1.66,3.39,71.19,49.7,2.27,0.86,0.0,0.92,2.04,0.08
4414,1.85,0.07,70.22,49.63,4.93,0.15,0.0,0.18,2.64,1.85
4415,11.35,5.83,72.58,58.1,0.0,1.91,1.83,2.64,0.03,1.35
4416,7.37,3.31,58.25,72.6,4.93,1.92,0.55,2.41,0.31,0.68
4417,7.5,0.41,50.42,25.73,3.69,2.93,2.79,3.11,2.93,0.46
4418,5.29,2.62,77.33,62.12,5.6,1.8,0.5,0.0,2.73,2.23
4419,4.12,5.35,53.31,71.97,4.66,2.26,1.64,4.81,3.6,0.0
4420,6.46,3.6,31.61,32.0,3.43,1.98,1.25,2.3,2.89,1.25
4421,11.03,2.97,41.41,45.13,3.01,1.22,2.5,0.89,3.41,1.59
4422,6.78,8.22,56.88,62.7,3.63,0.03,0.75,1.35,0.3,0.0
4423,2.94,6.8,41.85,31.04,6.03,2.21,2.27,3.37,0.22,1.36
4424,4.4,5.8,34.58,20.92,6.27,0.7,2.54,1.38,3.21,0.85
4425,9.58,0.58,79.71,0.0,5.6,0.0,0.69,0.0,2.94,1.95
4426,9.52,7.19,43.4,81.51,4.12,0.69,2.61,3.96,2.21,1.35
4427,2.78,2.92,33.75,74.86,2.99,2.27,2.91,0.0,1.91,0.38
4428,6.62,3.95,22.28,65.44,3.58,4.57,0.84,3.08,1.83,0.0
4429,5.19,6.55,34.59,51.71,4.42,3.1,0.27,1.55,2.41,0.25
4430,0.5,1.69,46.44,78.07,2.91,1.69,2.58,1.15,2.55,0.62
4431,8.22,3.51,30.78,71.63,5.09,2.03,2.55,0.37,1.62,1.94
4432,8.54,1.24,49.0,76.74,2.55,3.66,0.0,1.81,1.85,1.62
4433,5.19,6.4,27.01,78.28,3.43,2.62,2.88,2.61,2.21,2.02
4434,1.63,2.7,50.52,12.42,3.3,1.56,0.49,3.96,3.99,2.2
4435,7.11,5.52,46.19,55.78,3.95,4.15,2.86,2.04,2.18,0.0
4436,6.96,5.36,43.0,49.84,2.71,1.18,1.52,2.09,3.52,0.09
4437,6.26,6.61,31.73,41.26,2.11,1.89,2.9,4.74,0.31,1.48
4438,6.26,7.34,41.75,66.85,2.18,0.53,2.22,1.05,1.52,1.82
4439,5.49,1.28,48.15,49.1,3.02,2.66,2.41,5.54,3.18,1.56
4440,9.33,3.97,42.32,51.83,2.17,1.71,4.49,1.79,3.36,2.22
4441,4.4,5.31,78.15,79.95,4.9,1.95,1.55,3.85,1.95,0.32
4442,7.15,2.23,59.96,65.64,2.14,1.77,0.35,3.88,3.02,1.31
4443,4.59,3.36,37.41,27.38,1.91,2.0,2.58,2.02,1.32,2.77
4444,5.19,3.11,33.74,42.42,5.54,4.49,0.57,0.14,2.19,1.16
4445,2.97,4.78,54.74,72.67,2.62,0.21,0.6,0.24,3.08,1.51
4446,3.47,5.3,58.27,43.05,3.83,1.15,3.07,0.88,2.18,0.0
4447,2.59,7.11,26.45,65.9,3.19,2.83,0.0,1.4,1.97,0.47
4448,9.25,0.0,31.51,42.28,5.08,3.17,0.88,0.12,2.66,2.17
4449,2.82,3.7,43.4,34.67,2.24,0.29,0.78,2.42,0.12,1.41
4450,11.09,5.35,58.83,85.36,3.02,2.57,1.14,0.64,2.46,0.95
4451,10.54,5.87,46.2,50.94,3.14,0.92,0.0,0.69,2.95,2.0
4452,0.5,0.81,48.77,68.95,4.72,0.92,1.69,1.47,2.0,1.04
4453,2.68,7.19,27.41,51.29,4.97,2.9,2.23,4.41,3.08,0.0
4454,4.97,3.59,50.69,22.16,4.38,0.78,0.62,3.17,3.08,1.49
4455,0.5,5.88,47.43,67.76,4.97,2.32,1.95,0.0,2.39,1.37
4456,8.02,3.37,48.38,88.58,5.31,2.79,2.91,1.38,0.43,0.0
4457,2.78,3.76,45.4,86.8,7.06,0.66,2.83,3.31,1.64,0.0
4458,2.89,4.93,44.1,34.66,4.56,0.7,1.78,1.32,0.77,0.58
4459,5.27,6.71,61.88,32.07,3.88,2.63,0.87,0.35,0.0,1.12
4460,5.35,4.05,43.17,80.64,0.0,1.74,0.0,2.5,2.14,0.59
4461,11.34,7.37,60.47,40.99,3.02,2.89,2.49,3.18,2.68,2.0
4462,9.92,5.64,38.97,29.47,4.13,1.32,2.1,1.16,0.0,0.57
4463,1.4,2.63,31.15,53.79,1.54,2.74,0.79,1.92,3.36,0.96
4464,6.94,4.52,62.33,49.68,4.79,0.0,0.0,3.78,2.7,2.53
4465,10.31,3.72,52.01,83.35,5.59,2.11,0.0,0.0,1.55,0.68
4466,7.26,5.03,44.76,62.15,2.96,1.77,3.56,0.0,2.34,0.89
4467,5.94,4.94,58.53,38.26,2.29,2.76,2.23,0.16,0.23,1.55
4468,7.22,4.24,37.54,60.22,3.55,0.0,2.97,1.69,0.92,0.16
4469,6.32,5.39,64.25,49.1,1.24,0.34,1.03,2.58,0.0,1.94
4470,7.77,4.64,30.19,72.59,2.54,2.34,2.03,1.06,3.69,0.66
4471,4.4,4.47,53.13,78.78,0.08,4.48,0.0,1.8,0.05,0.09
4472,0.5,3.23,36.49,78.45,5.8,2.88,0.76,3.06,1.34,0.0
4473,5.61,3.61,31.84,58.84,3.42,0.0,3.23,1.23,0.0,0.0
4474,2.58,1.09,78.16,57.29,1.44,1.38,0.49,0.35,1.09,0.18
4475,8.65,1.84,69.41,63.08,2.75,4.84,3.25,1.47,2.31,2.14
4476,8.65,4.13,36.4,62.85,1.85,0.58,1.34,3.36,1.31,0.72
4477,9.23,4.99,63.3,51.87,0.47,2.89,1.31,2.01,3.34,1.81
4478,6.88,5.8,39.85,42.88,1.18,0.78,0.85,4.01,1.05,0.72
4479,3.91,5.44,67.15,27.03,2.37,0.83,2.41,2.04,2.94,0.21
4480,7.18,2.47,49.78,47.2,3.17,0.95,1.63,2.59,0.0,1.22
4481,6.29,4.74,54.6,64.69,5.24,1.16,0.11,3.47,2.69,1.85
4482,5.87,2.61,72.68,58.83,4.6,1.76,0.35,1.37,0.07,0.0
4483,6.88,6.55,27.97,78.17,1.67,3.74,1.39,2.01,2.2,2.41
4484,8.36,4.38,44.26,51.83,3.16,1.18,2.02,4.36,3.61,0.24
4485,0.87,4.19,43.76,61.55,1.17,3.27,0.64,4.43,0.08,0.0
4486,7.04,1.44,47.72,69.52,3.9,2.93,2.22,0.86,2.22,0.94
4487,4.82,1.39,75.12,50.79,2.53,1.71,0.0,1.51,0.0,0.14
4488,4.53,7.33,55.51,34.44,5.61,4.89,0.83,2.52,2.06,0.88
4489,8.58,5.55,33.52,37.74,3.82,3.14,0.0,2.06,2.17,0.0
4490,5.12,4.88,38.28,95.4,2.4,2.3,0.71,2.14,0.0,0.18
4491,5.09,1.52,37.2,69.7,2.53,2.78,1.05,1.7,0.85,0.04
4492,6.69,3.99,46.66,57.62,3.0,1.44,2.08,1.77,0.0,0.0
4493,4.58,0.0,42.42,73.05,4.0,2.84,0.87,1.05,1.99,1.13
4494,3.98,4.4,28.93,81.03,2.34,0.0,2.92,4.15,3.42,1.14
4495,3.79,3.49,50.5,47.61,0.59,1.55,0.0,1.75,3.07,2.38
4496,11.72,4.0,44.4,41.54,4.08,0.0,0.88,1.71,0.73,0.82
4497,0.92,3.84,52.58,38.01,5.07,3.07,0.0,0.71,2.55,0.99
4498,4.86,6.39,82.14,65.26,3.07,2.36,1.37,4.85,0.43,0.0
4499,4.5,3.63,51.5,55.15,3.22,0.0,0.0,2.26,5.72,3.38
4500,9.63,1.78,56.1,81.98,2.39,0.0,2.39,0.85,1.34,1.77
4501,10.31,4.72,36.64,79.86,1.36,0.48,0.0,0.85,0.0,2.55
4502,11.08,5.69,27.12,58.1,3.88,0.61,2.18,1.6,1.6,0.02
4503,4.34,4.79,55.15,34.44,4.03,0.39,0.52,0.4,4.32,1.0
4504,5.56,2.55,50.51,55.05,4.47,3.53,2.36,2.4,0.75,0.72
4505,4.52,6.13,53.22,57.87,1.86,0.0,1.19,3.28,2.45,0.0
4506,8.73,2.88,43.9,48.75,3.17,2.83,1.69,0.0,3.47,0.13
4507,4.76,0.34,47.71,37.18,3.45,0.9,1.46,0.0,3.17,0.72
4508,8.95,3.64,39.61,28.76,4.18,3.06,0.26,0.24,4.2,1.16
4509,10.98,3.73,35.13,45.09,5.25,0.65,2.25,0.48,1.58,1.5
4510,8.93,1.91,44.88,66.73,2.07,2.94,0.69,2.42,1.6,1.88
4511,4.94,2.95,45.66,41.28,2.23,0.0,1.06,1.79,4.15,2.69
4512,3.99,2.41,50.34,78.03,2.01,1.41,3.76,5.15,1.78,1.11
4513,7.49,1.36,49.75,21.84,2.42,0.93,1.25,0.0,0.0,1.59
4514,4.4,1.31,50.02,42.48,3.84,3.87,0.64,4.79,0.0,1.19
4515,0.71,0.0,29.62,88.11,3.86,2.62,2.5,1.44,4.14,1.5
4516,1.05,2.85,55.46,50.82,4.04,3.58,2.35,1.54,3.3,1.46
4517,9.75,6.2,79.88,49.82,4.9,0.84,0.68,0.0,1.92,0.13
4518,13.79,6.09,60.9,66.76,4.67,4.17,2.89,3.79,0.71,0.27
4519,10.4,2.35,46.19,43.46,3.35,3.77,2.12,1.02,1.08,2.55
4520,8.22,4.31,20.6,61.7,4.83,2.09,0.0,0.0,2.64,0.04
4521,8.8,4.49,40.53,56.23,3.14,0.97,1.62,4.49,3.15,0.0
4522,4.95,3.65,47.03,44.63,4.05,3.4,0.4,0.34,0.31,0.77
4523,4.89,4.15,51.96,87.23,4.96,0.3,1.07,2.75,1.57,0.09
4524,0.94,6.47,14.02,25.43,3.69,1.15,0.69,2.43,0.53,0.28
4525,4.27,3.86,37.9,68.26,2.11,2.95,1.79,2.24,1.02,1.56
4526,10.46,2.9,54.97,55.32,3.51,1.08,0.15,2.36,0.68,1.63
4527,5.52,2.02,56.03,57.07,2.93,3.75,0.0,0.07,3.6,0.0
4528,6.88,3.99,54.2,78.64,0.87,3.49,1.16,0.16,2.85,0.3
4529,5.5,1.33,54.36,53.14,5.32,2.22,1.81,3.05,2.19,1.53
4530,8.29,2.73,17.75,52.81,4.33,0.2,1.24,2.06,0.0,1.57
4531,2.9,3.39,53.42,30.82,2.38,4.31,4.06,4.75,3.84,0.83
4532,13.12,3.91,69.5,58.61,6.19,2.34,3.84,0.32,4.86,2.14
4533,3.37,1.69,53.31,35.97,2.31,3.79,0.89,5.0,1.64,0.85
4534,10.24,2.69,28.46,38.76,2.62,4.28,0.25,3.02,1.41,2.06
4535,9.6,2.7,27.1,64.24,0.0,0.23,0.0,2.56,1.74,0.79
4536,8.26,2.82,74.99,86.07,2.51,1.95,1.35,3.24,3.96,0.96
4537,7.07,4.37,47.37,73.27,6.4,3.36,1.41,4.32,3.07,2.15
4538,6.16,5.77,46.61,46.8,4.78,0.35,1.93,3.69,2.26,0.33
4539,3.48,0.78,67.92,48.25,2.97,3.82,2.03,4.2,0.33,0.48
4540,12.72,3.15,22.83,34.73,2.32,2.6,1.08,2.22,0.0,1.77
4541,2.15,1.0,51.17,62.23,4.15,4.44,3.48,0.0,2.61,1.19
4542,6.01,0.78,13.24,30.31,4.19,2.67,0.0,3.15,0.16,0.54
4543,3.79,3.53,32.02,85.9,4.74,2.61,0.99,0.0,3.16,0.0
4544,9.91,0.0,52.98,41.29,1.55,3.73,1.43,1.58,1.34,0.81
4545,5.82,4.13,40.69,80.96,5.55,1.93,2.15,4.95,0.3,0.0
4546,2.79,3.39,45.69,49.79,6.36,3.63,3.04,5.67,1.53,0.84
4547,10.16,6.59,38.95,17.5,1.64,1.43,0.64,3.73,1.53,0.0
4548,9.79,3.32,27.55,55.7,4.48,1.81,0.25,0.0,4.89,0.24
4549,5.23,2.18,61.96,63.92,2.92,1.8,2.02,2.9,1.83,1.42
4550,6.62,1.2,23.05,15.34,6.21,2.28,0.18,1.49,0.12,0.3
4551,8.59,2.28,53.52,58.24,2.17,1.6,0.45,2.51,1.11,0.62
4552,3.7,4.49,65.21,20.21,5.78,2.65,2.55,0.54,1.83,0.32
4553,6.61,4.46,45.94,33.03,4.01,2.55,1.21,0.0,0.71,0.0
4554,9.03,4.73,43.82,41.19,4.35,4.21,1.06,1.0,0.42,0.89
4555,2.04,1.78,45.51,62.57,7.19,4.51,2.48,5.84,2.26,0.0
4556,5.95,6.63,35.29,81.11,1.48,0.0,0.03,3.92,2.32,0.0
4557,6.17,4.96,45.95,47.52,4.87,1.7,0.0,3.48,1.64,1.0
4558,4.54,3.93,48.83,65.6,5.19,0.0,2.87,4.44,0.0,2.58
4559,4.5,4.68,13.08,100.0,5.17,4.05,3.37,4.42,4.07,0.0
4560,3.57,4.47,59.26,58.4,2.35,0.0,1.73,3.5,2.01,1.55
4561,8.32,8.64,28.83,70.05,3.74,0.0,1.3,4.65,0.23,1.16
4562,4.4,2.68,10.27,87.49,5.24,1.57,1.54,3.05,0.0,1.04
4563,11.61,7.5,52.17,84.79,3.21,3.1,1.98,2.05,1.65,1.21
4564,6.51,2.3,40.67,100.0,1.3,3.12,2.2,1.53,0.99,0.37
4565,10.35,4.63,52.53,100.0,4.08,0.31,3.68,1.66,0.42,0.0
4566,2.66,5.22,28.15,54.52,0.0,3.43,0.24,0.0,0.0,1.53
4567,2.86,5.34,37.86,29.88,2.29,1.73,1.35,2.7,1.49,0.04
4568,7.01,5.74,34.57,51.56,4.66,1.41,2.92,0.48,0.0,1.07
4569,9.58,1.71,67.29,34.01,2.16,2.27,0.33,2.55,1.45,1.14
4570,4.28,6.62,37.56,26.33,0.0,1.22,0.99,1.04,1.43,0.0
4571,1.23,4.82,32.92,45.89,4.49,0.58,1.49,3.83,0.79,0.0
4572,8.74,1.58,22.09,19.07,1.16,0.94,2.7,2.09,0.0,3.07
4573,0.5,3.11,58.29,74.45,3.61,2.62,1.04,2.3,1.51,0.0
4574,8.59,0.0,40.08,34.95,1.21,1.55,1.82,0.0,2.53,2.31
4575,7.93,2.78,41.36,11.77,2.96,2.57,0.31,4.29,0.5,1.0
4576,8.56,5.61,28.32,33.14,3.36,0.0,2.31,2.86,1.1,0.85
4577,8.64,3.79,49.27,70.87,3.08,2.74,0.37,1.86,0.0,2.02
4578,6.09,1.72,56.62,50.45,3.57,0.8,1.16,3.41,3.05,2.01
4579,8.97,1.26,49.54,63.19,2.63,1.08,0.46,1.07,3.44,0.11
4580,5.24,4.14,42.61,55.93,2.82,0.43,3.29,4.53,1.27,0.72
4581,4.22,5.13,43.65,78.58,3.16,3.15,1.17,2.24,2.04,0.0
4582,7.59,1.58,34.51,66.71,2.21,2.11,2.07,1.16,2.23,0.37
4583,5.08,4.53,38.79,55.08,4.3,1.08,0.42,1.44,3.34,0.94
4584,4.15,6.81,45.23,86.05,3.24,0.48,1.16,1.14,3.02,0.54
4585,6.23,3.34,42.95,100.0,5.21,3.34,4.15,1.3,1.54,0.45
4586,7.87,3.81,58.83,55.62,2.48,1.74,0.15,2.81,0.0,0.37
4587,4.96,3.28,37.59,12.43,1.66,3.65,4.36,1.65,0.0,0.96
4588,7.39,4.57,30.96,7.96,1.54,1.98,1.82,0.0,3.68,1.19
4589,8.58,4.84,46.68,13.02,2.16,1.69,2.42,3.51,0.0,1.61
4590,5.52,5.64,56.88,51.24,2.98,0.1,0.0,1.96,2.7,0.78
4591,7.73,2.47,40.21,30.8,3.33,3.11,2.06,1.11,4.05,2.06
4592,4.43,3.77,38.46,77.81,2.93,1.0,1.17,1.99,3.03,1.12
4593,3.3,4.67,35.12,60.41,4.96,0.0,0.9,0.91,0.97,0.91
4594,11.24,0.0,43.06,51.03,3.84,2.62,0.0,2.28,0.36,2.33
4595,11.82,6.16,67.01,57.29,2.18,2.21,2.38,0.0,0.0,1.6
4596,5.55,3.2,46.97,23.46,2.82,0.17,1.39,1.5,1.83,1.14
4597,8.79,2.28,73.29,69.29,4.25,0.85,4.22,1.93,1.16,0.98
4598,7.88,5.41,40.5,41.82,4.74,2.9,1.21,0.14,2.67,2.5
4599,9.17,4.3,25.17,58.41,3.29,4.94,0.47,0.61,0.58,1.54
4600,6.74,2.16,54.12,55.33,3.79,0.75,2.33,1.17,0.0,0.87
4601,4.53,1.78,59.36,92.95,2.75,1.58,1.9,0.64,1.42,0.0
4602,2.8,4.7,31.72,27.79,3.83,2.56,2.46,4.1,2.71,1.74
4603,5.44,4.64,24.56,67.83,3.56,0.19,1.54,2.48,0.87,0.47
4604,11.42,3.33,47.4,68.64,4.71,2.0,3.89,2.97,0.0,0.0
4605,1.34,5.65,53.74,46.91,4.23,3.81,2.07,3.57,0.61,0.0
4606,5.35,2.36,40.6,69.39,2.22,2.8,2.45,4.58,2.42,0.44
4607,6.09,1.92,40.35,56.59,4.3,2.48,0.0,1.29,3.47,1.4
4608,6.81,5.68,28.02,45.22,1.82,2.63,2.11,2.65,2.19,1.15
4609,3.88,2.77,49.02,63.92,2.99,1.82,0.0,2.26,1.08,1.84
4610,2.49,4.89,38.5,82.41,4.87,3.18,3.65,1.61,3.3,1.6
4611,12.4,2.63,39.78,30.82,5.39,3.28,2.18,1.17,0.69,0.85
4612,2.85,4.92,43.45,40.25,3.16,0.0,0.0,2.12,1.2,1.02
4613,5.87,5.39,42.62,68.02,3.19,0.95,0.75,1.65,2.64,0.56
4614,3.93,3.66,49.66,50.02,3.63,4.92,1.18,2.64,1.35,0.0
4615,3.77,2.18,61.21,52.07,3.3,2.37,0.12,2.9,5.58,0.89
4616,1.49,1.88,32.71,58.75,3.32,0.56,1.6,2.74,2.63,1.59
4617,7.53,3.58,46.1,44.33,2.89,2.09,1.47,0.88,3.77,1.42
4618,9.3,3.49,34.21,65.74,0.0,2.51,2.56,0.89,0.0,0.67
4619,4.96,4.54,51.56,100.0,3.38,2.0,0.55,2.66,0.68,0.0
4620,7.17,2.24,56.24,29.03,2.54,1.48,0.7,2.54,1.34,1.52
4621,8.32,6.59,18.18,42.14,1.5,0.37,1.26,2.26,1.77,0.9
4622,5.89,5.2,40.76,52.58,2.91,1.6,0.0,2.78,3.22,1.79
4623,6.97,5.38,45.73,72.11,1.99,1.38,2.91,0.81,2.41,0.8
4624,4.08,5.92,56.67,63.14,5.83,1.83,0.78,2.8,0.76,0.0
4625,5.18,1.93,64.98,50.13,4.05,2.21,0.1,0.32,1.09,1.49
4626,6.86,4.94,49.35,48.61,3.28,1.12,2.86,1.43,2.48,1.2
4627,7.2,5.74,40.71,40.07,3.8,2.94,0.12,4.93,3.62,0.0
4628,8.64,2.52,54.65,70.54,4.97,5.08,2.6,2.53,1.56,1.13
4629,2.63,4.01,29.83,55.17,3.54,3.67,0.0,1.86,0.0,2.03
4630,6.39,3.27,30.46,84.32,3.89,1.55,0.8,0.0,2.6,2.36
4631,4.11,5.62,36.19,16.39,3.42,1.14,0.0,2.22,0.0,0.24
4632,1.76,2.5,56.59,58.2,6.53,2.58,1.51,2.83,2.95,1.42
4633,4.77,2.1,20.99,60.17,3.65,0.0,1.6,5.05,3.45,0.82
4634,4.51,6.05,26.92,74.98,5.5,0.76,4.22,2.25,2.65,0.0
4635,8.84,1.51,67.04,42.33,4.27,1.52,1.85,1.25,2.86,2.35
4636,4.68,6.58,45.84,71.59,3.82,2.42,2.39,3.65,2.6,0.19
4637,4.72,7.03,41.2,59.09,2.89,1.73,1.86,3.15,0.0,1.09
4638,9.66,3.83,35.55,33.4,2.6,2.36,1.17,2.47,0.35,3.26
4639,10.42,1.45,32.22,67.19,4.13,2.06,2.77,3.09,3.71,0.91
4640,12.19,6.89,32.01,47.53,1.71,4.77,0.86,2.32,2.74,0.07
4641,3.55,0.0,63.3,31.7,4.85,2.48,2.68,2.12,0.11,0.0
4642,0.5,3.9,45.61,100.0,4.13,2.87,1.39,2.41,2.91,1.33
4643,5.59,5.06,57.27,41.0,4.28,4.64,2.92,0.75,1.21,0.65
4644,0.5,3.65,38.04,65.29,1.16,0.15,1.11,2.74,2.39,1.52
4645,8.98,1.55,50.75,36.52,3.93,0.0,3.53,3.73,0.74,1.2
4646,2.99,3.91,38.13,85.42,2.89,4.07,0.69,1.18,0.7,0.0
4647,10.94,3.94,49.28,49.87,2.93,2.93,2.97,0.46,0.0,0.66
4648,9.51,3.3,13.9,50.3,0.44,0.0,1.7,0.0,3.04,2.25
4649,7.77,3.22,44.82,45.3,4.05,6.44,3.24,2.05,1.98,0.0
4650,6.64,3.11,60.97,77.81,2.95,1.56,1.84,0.0,3.09,0.0
4651,3.27,5.62,44.94,53.42,3.66,0.97,1.98,0.37,4.48,1.27
4652,4.95,2.89,50.97,68.33,3.71,4.33,3.84,3.13,0.84,1.69
4653,4.36,3.35,32.57,45.15,3.55,2.35,3.82,3.18,0.63,1.27
4654,8.08,2.68,29.91,48.31,5.03,0.51,0.21,2.41,3.16,1.58
4655,2.33,2.68,52.26,44.68,5.33,1.58,1.29,1.34,3.54,0.35
4656,5.39,4.05,38.36,60.14,5.56,2.51,2.63,2.37,0.28,0.64
4657,6.08,1.71,47.49,91.01,0.99,4.21,2.08,1.79,0.0,1.0
4658,6.17,8.13,54.67,51.44,4.23,2.63,3.01,2.57,1.54,0.58
4659,6.32,2.04,24.28,77.12,2.91,4.06,0.46,0.84,0.13,1.91
4660,3.96,3.58,42.69,63.03,5.05,0.93,1.48,1.08,2.33,0.98
4661,8.83,6.97,49.49,52.77,4.32,1.67,0.47,1.86,1.82,0.62
4662,5.21,4.16,32.17,39.31,2.39,0.0,1.44,2.23,0.43,0.87
4663,5.05,4.45,41.04,83.52,2.51,2.79,0.0,3.05,2.01,1.7
4664,4.93,5.16,26.83,73.51,3.05,2.44,0.04,2.04,0.42,0.85
4665,8.32,5.67,42.15,84.29,3.83,1.97,2.66,3.15,0.0,0.88
4666,3.4,8.86,46.98,65.8,3.59,3.08,1.33,3.03,0.83,0.0
4667,8.69,4.12,19.27,59.34,4.51,3.27,2.2,3.03,2.79,2.42
4668,11.98,3.63,35.63,70.32,2.85,3.52,0.77,1.86,2.3,2.13
4669,2.69,1.46,57.74,24.59,4.86,2.06,0.31,3.79,0.91,0.11
4670,3.72,4.4,100.0,36.86,4.53,0.74,0.6,0.34,0.0,0.31
4671,1.77,2.26,56.05,73.95,4.71,4.69,1.16,1.33,2.67,0.72
4672,5.39,1.41,34.53,49.95,3.22,2.86,0.0,0.85,2.38,0.0
4673,3.5,4.5,46.26,23.12,4.5,0.0,0.76,1.74,3.26,1.19
4674,5.0,2.01,57.87,47.84,1.88,2.53,0.85,1.44,2.1,0.4
4675,2.57,8.27,72.91,43.07,4.03,3.33,2.79,6.13,2.43,1.88
4676,8.32,2.89,71.47,55.55,2.31,0.37,1.18,2.05,3.66,1.97
4677,9.43,1.89,40.27,54.97,3.18,2.38,0.0,0.0,2.55,1.65
4678,4.91,4.48,37.31,70.69,4.12,2.15,2.38,5.38,3.53,0.69
4679,5.62,3.16,62.23,25.71,5.5,2.0,1.11,0.27,2.26,0.3
4680,5.26,3.86,42.55,50.93,3.18,3.75,0.06,1.37,4.22,0.82
4681,1.0,0.78,67.96,61.37,3.39,2.61,0.0,3.47,0.94,0.92
4682,10.42,5.68,72.12,53.42,1.25,0.0,2.77,3.16,0.0,1.51
4683,8.11,5.04,49.89,39.85,5.13,2.65,3.75,0.39,3.15,0.57
4684,3.91,5.62,55.47,49.41,1.38,0.0,0.0,1.4,4.92,1.0
4685,11.54,3.65,54.96,38.76,4.06,4.46,2.24,4.3,2.01,2.93
4686,7.38,7.7,29.03,63.52,3.42,1.77,0.83,2.45,3.12,0.83
4687,6.43,6.24,19.3,78.65,5.72,2.89,2.46,1.77,1.53,0.55
4688,10.56,4.52,44.86,86.13,4.3,2.38,2.93,1.62,0.57,0.46
4689,8.48,3.05,34.94,28.27,3.22,1.67,1.0,2.52,0.89,1.93
4690,9.45,6.78,51.84,78.71,4.71,2.64,2.72,2.12,1.54,0.09
4691,6.8,6.88,52.45,40.75,4.35,1.68,2.84,0.65,1.46,0.64
4692,10.35,5.54,61.1,47.47,3.17,2.01,1.81,2.43,2.48,1.39
4693,2.54,1.17,10.83,46.87,5.06,4.21,2.04,0.8,2.24,1.1
4694,4.9,7.36,48.62,29.14,5.3,2.88,2.33,0.61,0.0,0.04
4695,10.47,6.5,43.04,53.79,3.09,0.0,0.98,1.94,1.83,0.87
4696,0.99,4.62,58.23,60.86,4.61,3.87,1.94,2.28,0.29,0.0
4697,3.87,2.83,42.4,64.26,2.37,3.85,0.0,0.1,1.04,0.51
4698,1.3,5.06,14.8,58.94,1.39,0.18,2.48,3.45,0.81,2.26
4699,6.76,4.71,56.58,36.14,4.73,3.0,1.29,1.28,1.63,0.79
4700,1.91,2.66,39.94,60.82,2.07,4.91,2.89,4.27,2.41,0.0
4701,6.49,1.14,66.66,68.97,1.61,3.04,0.24,3.18,2.23,0.0
4702,6.2,5.95,22.63,68.68,3.18,0.0,0.95,1.47,4.47,1.68
4703,3.47,1.85,58.35,27.27,2.59,3.47,1.53,4.98,2.08,0.27
4704,1.49,3.23,47.0,21.36,1.33,0.73,1.56,1.7,3.63,0.37
4705,6.61,4.59,54.77,72.49,2.02,2.91,2.77,0.0,0.0,0.37
4706,7.25,3.89,37.51,58.27,4.1,2.23,1.48,3.9,0.0,0.0
4707,5.32,6.12,65.82,14.93,4.24,3.92,3.7,0.52,0.29,1.01
4708,6.82,3.53,49.57,41.35,1.36,1.11,0.0,1.81,1.41,1.42
4709,3.36,3.67,46.08,70.97,4.37,4.4,3.44,2.62,1.69,0.0
4710,7.99,5.62,57.57,44.6,2.72,0.66,3.56,1.6,2.05,2.74
4711,7.59,1.58,50.22,55.97,2.93,3.91,3.46,2.32,1.04,0.77
4712,5.95,2.5,33.72,63.0,1.48,3.36,1.26,3.55,3.61,1.92
4713,7.64,1.75,48.84,51.53,6.13,0.66,2.4,2.26,1.2,1.51
4714,1.73,3.19,60.32,42.53,5.29,2.01,2.82,2.46,3.23,0.0
4715,3.0,5.99,14.68,17.11,3.13,1.18,1.08,4.67,0.0,0.76
4716,8.86,2.93,62.72,98.91,4.21,4.13,1.14,3.17,0.18,0.0
4717,6.93,0.69,16.3,64.17,0.93,2.71,2.92,2.27,0.0,0.62
4718,2.08,2.05,37.91,86.3,3.87,2.37,0.0,4.46,0.0,0.0
4719,6.66,5.26,39.65,53.53,3.03,3.52,0.0,0.3,1.76,0.81
4720,6.47,4.74,48.51,71.79,1.9,1.32,0.0,1.09,3.65,0.84
4721,5.55,0.23,47.7,11.61,0.82,2.58,1.05,1.52,0.0,2.24
4722,8.03,3.44,32.17,29.82,3.96,2.46,0.82,2.04,1.56,1.64
4723,1.56,6.52,75.24,69.55,2.63,0.86,0.25,1.73,2.58,0.19
4724,4.63,4.56,36.33,51.57,3.37,0.71,1.23,0.2,1.19,1.58
4725,4.94,5.08,52.22,20.89,1.23,0.48,0.56,2.97,2.62,1.26
4726,7.24,3.84,58.18,77.29,3.96,1.96,1.9,2.86,2.25,0.49
4727,4.62,4.68,14.2,60.57,3.57,4.24,1.79,4.52,2.95,0.11
4728,8.7,0.35,44.2,72.43,4.89,0.24,0.27,1.47,1.84,0.74
4729,8.13,6.34,59.63,39.15,4.4,2.16,2.83,0.49,2.02,0.0
4730,2.46,4.64,74.45,43.98,4.29,1.78,2.01,3.66,1.78,1.5
4731,3.54,3.08,37.2,20.62,3.26,2.01,1.2,1.67,0.0,0.6
4732,8.13,4.96,57.71,52.07,4.47,1.04,2.17,2.17,1.53,0.13
4733,10.1,2.97,40.2,30.66,4.16,3.51,0.43,0.34,2.42,0.45
4734,7.71,1.11,50.03,36.01,5.82,5.71,1.41,4.34,0.0,0.77
4735,5.29,4.53,16.26,73.42,3.52,0.0,1.27,0.47,0.55,0.9
4736,1.15,8.15,24.95,49.8,3.08,0.0,0.0,0.0,0.36,0.33
4737,7.19,2.29,31.13,8.76,3.63,2.15,0.33,0.49,2.16,2.6
4738,7.26,5.5,6.69,74.15,3.71,3.25,0.0,2.3,0.0,0.22
4739,3.9,3.56,49.9,54.67,3.74,1.78,1.59,4.27,2.09,0.0
4740,8.08,2.17,43.17,75.49,6.93,2.75,1.85,5.22,2.44,0.84
4741,6.92,4.49,54.63,86.11,4.23,4.53,1.7,0.03,2.3,0.95
4742,1.11,2.68,23.07,67.92,1.44,0.65,0.43,2.44,2.52,1.64
4743,9.73,3.7,37.02,57.2,4.32,2.25,1.69,1.09,1.71,0.0
4744,6.24,3.45,47.35,63.21,1.39,1.43,2.12,2.11,4.02,0.0
4745,6.42,5.5,49.42,73.97,0.44,3.1,1.18,2.0,1.43,0.05
4746,7.82,5.66,0.0,37.13,2.87,2.98,2.61,1.58,1.43,0.92
4747,4.3,3.53,40.87,38.87,3.59,0.44,1.66,5.58,1.38,1.76
4748,8.85,4.75,60.45,95.68,5.51,2.35,1.87,1.04,4.46,1.91
4749,7.16,8.66,43.39,58.27,3.03,0.11,0.86,1.48,1.01,0.0
4750,9.33,2.72,47.65,47.66,4.0,1.08,0.0,3.28,2.73,1.03
4751,2.58,4.89,44.92,58.26,3.89,2.16,0.84,0.81,0.0,1.98
4752,3.97,3.97,7.21,69.46,5.43,4.08,2.1,2.89,2.92,0.0
4753,2.99,3.45,46.28,63.89,2.27,3.94,0.0,0.97,0.57,0.8
4754,6.47,3.63,44.01,41.27,2.87,0.0,2.08,1.24,0.54,2.76
4755,8.75,5.39,89.49,45.33,1.2,1.72,0.12,4.65,0.87,0.0
4756,4.07,5.28,37.54,29.38,1.55,1.3,2.01,2.64,0.06,1.38
4757,3.84,1.74,46.9,36.1,3.72,3.48,0.33,1.63,4.09,1.22
4758,6.44,2.82,37.77,53.5,2.9,4.27,2.94,2.9,1.2,0.76
4759,9.21,4.6,34.15,46.08,5.92,0.48,1.52,0.96,0.23,1.8
4760,2.13,4.02,27.11,85.55,1.6,4.61,2.51,2.8,2.26,0.31
4761,7.77,7.58,53.97,48.08,4.78,4.23,1.39,3.17,0.0,1.08
4762,10.89,4.95,13.96,39.43,0.92,1.21,1.24,3.41,0.0,0.49
4763,11.1,2.6,51.84,26.42,5.53,1.71,0.92,1.24,1.88,1.98
4764,5.87,7.05,43.2,64.14,1.98,0.0,1.95,3.84,1.12,1.57
4765,3.89,5.02,59.71,86.24,5.42,1.86,3.02,5.47,1.93,0.0
4766,0.5,5.38,31.37,65.56,4.04,0.0,0.52,4.14,0.56,1.93
4767,3.21,5.15,65.79,25.36,1.6,1.64,0.67,1.64,3.85,0.0
4768,5.75,3.73,44.33,46.84,5.24,3.15,0.66,0.92,2.78,0.0
4769,9.7,2.68,36.67,62.41,2.63,2.4,0.82,2.96,0.93,0.37
4770,1.58,5.03,47.55,80.16,2.28,0.63,0.0,4.01,0.36,0.0
4771,7.75,0.0,55.03,34.01,3.22,3.39,0.93,0.0,5.53,2.37
4772,6.03,4.16,39.03,20.26,3.21,5.74,0.92,2.94,2.9,1.54
4773,2.89,5.39,39.87,58.47,2.71,0.0,0.41,2.11,2.38,1.01
4774,2.98,1.17,19.14,85.12,5.5,2.06,2.34,2.1,1.39,1.9
4775,8.17,5.09,72.98,34.49,3.88,2.67,1.59,1.64,1.12,1.25
4776,3.43,3.87,21.25,80.37,1.79,2.34,2.13,4.65,1.69,1.46
4777,6.04,5.2,63.42,39.31,2.0,1.08,2.21,2.8,0.03,0.0
4778,8.66,5.0,63.94,62.45,3.36,1.95,0.82,2.65,3.17,0.17
4779,9.46,2.98,52.23,54.54,2.86,2.39,2.01,3.57,0.98,0.0
4780,12.85,4.7,51.38,49.92,4.82,3.12,2.31,1.75,1.77,0.91
4781,1.88,5.9,44.48,58.56,3.81,0.03,2.38,4.84,3.35,0.0
4782,5.07,2.25,59.89,100.0,4.4,0.85,0.79,1.62,3.41,1.65
4783,7.03,0.0,42.38,30.96,4.27,2.61,0.0,1.9,2.35,0.0
4784,6.42,3.84,36.88,78.05,6.83,2.4,0.5,1.93,0.0,0.38
4785,3.4,4.2,33.73,39.31,1.72,0.0,0.0,2.8,0.97,0.04
4786,10.24,5.33,27.74,39.3,4.27,1.9,0.68,2.53,1.43,0.6
4787,6.12,5.71,23.17,53.2,1.21,3.06,2.28,2.6,3.52,1.25
4788,5.52,3.99,49.53,59.56,3.19,3.97,1.39,0.0,2.39,0.76
4789,4.69,2.71,43.23,75.33,4.13,0.77,2.31,4.61,0.98,0.49
4790,5.42,0.51,36.65,73.87,1.8,3.94,2.9,1.33,2.09,0.72
4791,5.62,2.11,19.75,14.39,4.43,2.15,2.54,0.85,0.69,1.44
4792,7.43,7.4,22.95,61.76,2.51,1.08,2.91,2.15,4.33,0.42
4793,4.42,3.28,35.65,23.81,3.6,2.53,3.06,3.73,2.52,1.2
4794,2.73,1.79,13.35,78.85,2.09,3.93,0.66,1.4,0.2,0.99
4795,10.92,1.74,39.64,42.82,5.26,1.59,1.04,2.02,2.46,1.55
4796,0.5,6.05,29.26,56.01,4.6,2.95,1.34,0.91,3.45,1.77
4797,7.72,4.14,50.42,90.45,6.81,4.49,0.21,2.44,2.22,0.94
4798,1.63,3.39,40.97,36.57,0.96,0.78,1.04,1.38,2.57,0.96
4799,7.63,9.34,37.52,84.35,1.77,1.35,1.65,1.2,2.38,0.98
4800,3.74,2.89,23.53,19.02,6.68,2.1,2.35,1.5,2.07,0.45
4801,6.34,4.13,15.89,37.04,4.07,1.14,0.36,4.32,1.89,2.16
4802,3.79,4.86,41.66,43.92,3.39,0.0,0.67,2.1,0.0,0.0
4803,3.02,3.52,21.42,13.5,2.35,1.7,0.12,1.08,1.99,0.43
4804,4.05,1.83,50.74,62.53,4.61,1.61,0.0,0.73,4.09,0.38
4805,4.27,1.01,36.23,10.44,1.5,1.34,0.25,2.31,3.09,0.34
4806,6.83,0.0,59.76,80.66,3.4,1.68,1.04,3.8,0.22,0.2
4807,4.9,7.49,25.99,0.4,5.18,2.86,0.0,2.19,1.49,0.21
4808,2.92,2.25,11.17,47.87,3.36,2.91,4.55,3.35,0.37,2.05
4809,5.25,6.27,31.58,98.09,1.57,0.65,1.02,5.12,0.73,1.17
4810,4.68,6.06,24.37,34.31,4.96,3.75,0.38,4.61,2.63,0.0
4811,6.76,6.8,55.02,51.89,2.78,5.61,2.5,6.08,3.38,0.01
4812,7.79,4.87,65.03,64.27,2.11,4.34,2.28,0.0,3.34,1.62
4813,6.23,4.59,45.75,49.87,2.31,2.07,0.68,3.82,2.31,2.78
4814,7.69,5.65,37.19,49.57,4.76,2.0,0.67,1.23,2.61,0.71
4815,6.55,4.15,39.38,72.63,5.17,0.93,1.77,0.0,0.77,0.76
4816,9.8,3.99,39.3,40.53,3.66,2.72,1.98,3.04,0.0,0.0
4817,2.35,4.17,50.05,63.83,4.28,2.78,2.28,3.7,0.0,0.21
4818,1.04,3.31,45.22,85.57,4.72,1.83,1.18,7.38,2.93,1.25
4819,7.68,3.21,22.44,61.03,3.14,3.76,1.73,3.87,1.62,1.29
4820,10.31,0.0,45.96,30.95,1.36,2.62,0.95,0.07,0.0,0.49
4821,4.29,6.29,24.86,100.0,5.18,4.62,1.36,4.27,1.32,0.0
4822,6.31,1.77,55.33,59.75,4.2,1.15,0.78,1.25,0.0,0.36
4823,5.75,0.31,44.86,59.84,4.36,4.78,0.0,0.0,2.64,0.72
4824,7.1,7.09,34.59,83.7,4.32,1.51,2.46,4.0,0.49,0.0
4825,7.61,4.88,12.41,53.84,2.68,2.26,0.0,2.53,0.96,1.67
4826,5.91,3.86,55.79,34.74,4.09,2.43,1.26,0.0,0.64,0.52
4827,3.49,2.68,57.84,76.45,4.67,1.7,0.0,2.7,2.57,0.06
4828,6.65,4.93,55.72,58.52,2.89,1.74,3.15,0.4,1.95,0.74
4829,0.5,4.29,40.56,44.16,3.82,0.6,0.0,1.58,2.25,0.74
4830,4.06,3.46,35.09,64.77,2.68,1.13,1.33,3.74,3.59,0.74
4831,9.59,1.41,51.12,84.25,5.23,4.89,2.08,3.3,1.52,0.07
4832,4.12,4.15,67.13,62.28,3.66,3.13,2.39,2.16,3.7,0.32
4833,5.79,2.88,39.0,53.36,3.53,4.75,3.21,1.58,1.46,0.95
4834,5.75,1.79,62.2,67.89,6.8,5.06,3.99,1.12,3.23,0.0
4835,6.11,6.52,64.44,84.33,4.06,1.75,0.0,0.53,1.56,0.68
4836,7.73,1.59,60.23,75.53,1.42,1.23,0.0,0.24,0.0,0.26
4837,3.65,5.84,53.85,56.05,1.31,1.03,0.69,4.61,0.0,0.0
4838,0.5,6.44,57.43,42.08,4.17,0.49,1.15,1.84,0.78,0.0
4839,6.12,4.76,30.73,37.14,2.64,2.12,0.51,2.2,0.0,1.14
4840,5.68,5.78,49.64,42.08,5.17,1.73,2.18,3.09,1.07,0.0
4841,3.99,6.35,54.68,57.61,3.88,1.48,3.56,3.48,2.97,0.13
4842,2.66,2.47,64.9,28.32,2.37,2.6,1.81,4.65,0.79,0.42
4843,0.5,0.0,39.57,28.83,4.81,1.62,0.66,2.31,2.91,0.52
4844,4.03,2.13,45.46,20.8,4.93,1.28,1.61,3.75,0.95,2.07
4845,11.24,3.47,49.51,24.18,3.79,3.86,2.47,0.13,3.42,2.53
4846,6.36,3.08,42.97,62.06,4.57,2.34,2.1,1.75,2.7,1.63
4847,11.85,5.67,40.7,71.12,2.67,1.91,2.2,2.93,4.28,1.09
4848,5.23,2.91,46.94,40.58,5.83,3.94,2.76,0.11,3.28,0.9
4849,2.57,0.34,67.41,36.47,4.51,2.23,2.3,0.0,0.81,0.34
4850,7.79,2.13,40.6,64.58,3.9,2.27,0.47,2.13,3.44,0.85
4851,12.09,5.04,65.94,98.74,2.85,4.24,2.07,3.15,2.28,0.52
4852,6.58,6.19,68.42,37.89,1.01,1.44,0.7,3.48,1.9,0.88
4853,8.75,5.52,36.91,87.06,3.07,3.3,0.0,2.89,0.0,1.51
4854,5.55,2.42,60.43,42.2,2.54,3.87,0.95,4.04,2.96,1.44
4855,8.36,5.84,63.67,69.0,2.92,1.91,0.0,3.05,2.48,0.0
4856,0.5,1.99,30.34,66.13,6.35,4.51,1.81,1.37,0.0,0.0
4857,3.66,2.94,37.44,28.9,4.34,2.96,3.53,3.15,4.14,1.94
4858,5.5,3.28,27.55,65.32,3.22,3.81,0.0,0.83,3.18,0.24
4859,2.43,6.97,76.62,52.68,4.38,4.27,1.8,3.08,1.65,0.65
4860,7.57,4.14,43.18,56.3,5.55,2.24,0.0,0.51,4.8,0.0
4861,4.76,4.89,50.18,87.6,2.91,3.77,1.37,3.31,0.71,0.0
4862,3.45,4.07,48.42,60.5,7.54,0.39,1.26,1.77,1.65,0.0
4863,2.59,0.82,17.92,33.6,5.05,1.74,2.91,2.56,2.44,1.31
4864,8.27,4.83,43.02,53.5,2.84,1.82,2.82,1.59,1.55,0.44
4865,3.79,3.32,37.7,68.42,5.17,3.6,1.55,0.0,3.11,0.0
4866,9.31,10.49,43.22,44.6,4.61,3.74,3.04,3.91,1.11,0.18
4867,2.92,5.87,55.49,62.28,2.08,1.22,0.17,2.08,1.78,0.21
4868,12.56,6.77,52.01,48.2,4.0,0.66,3.66,1.61,0.0,0.0
4869,6.32,2.93,52.5,67.22,3.2,0.56,0.8,0.7,1.92,2.83
4870,3.87,3.41,60.47,71.08,2.86,2.93,0.0,0.0,1.03,0.46
4871,5.48,5.39,65.0,31.42,2.97,2.5,1.52,1.57,3.21,0.71
4872,8.4,3.99,16.07,41.08,4.01,2.26,1.97,3.79,0.0,0.0
4873,4.42,3.92,34.09,74.66,3.95,1.41,2.9,0.59,1.82,0.0
4874,5.03,1.61,37.85,66.14,3.18,0.0,1.74,1.8,3.8,1.17
4875,9.65,3.81,56.38,42.36,4.1,0.0,2.73,2.68,4.28,0.4
4876,6.65,2.86,28.7,42.09,5.07,1.33,0.72,1.34,2.19,1.13
4877,7.92,6.9,83.84,64.1,2.71,4.25,0.23,1.08,2.18,0.0
4878,4.29,0.0,17.33,39.72,2.61,2.94,1.1,1.24,3.5,2.27
4879,8.58,2.84,38.28,37.91,3.22,1.75,3.43,1.42,1.38,2.37
4880,2.16,3.42,61.91,62.96,2.47,2.29,1.76,0.28,3.15,0.0
4881,7.2,2.03,43.35,26.2,3.17,1.77,0.0,3.17,2.99,1.63
4882,5.9,5.44,54.28,51.72,5.1,0.78,0.0,3.85,2.07,1.34
4883,5.88,1.63,56.61,86.89,0.91,0.0,0.0,3.11,2.79,1.3
4884,5.68,3.13,55.86,44.22,4.37,3.53,0.81,1.9,0.0,1.68
4885,4.44,3.4,55.83,63.95,4.47,0.42,1.57,0.89,0.0,0.36
4886,6.31,6.3,47.15,71.43,3.39,1.41,3.85,3.61,3.21,1.96
4887,3.94,5.94,35.83,83.19,2.27,2.19,2.17,1.95,0.39,0.0
4888,10.48,7.18,49.56,42.87,3.48,2.34,1.25,2.05,3.0,0.0
4889,3.37,4.34,44.47,89.33,2.48,3.63,1.59,1.26,2.37,0.0
4890,2.02,3.97,45.32,100.0,3.4,4.72,3.82,1.82,0.02,0.0
4891,5.59,6.62,1.46,45.15,3.75,3.96,3.86,1.22,2.55,0.0
4892,5.59,6.24,63.36,95.72,3.5,2.06,3.45,2.35,2.49,0.92
4893,3.63,5.75,44.07,69.56,3.19,0.0,4.1,5.87,0.29,1.16
4894,9.76,8.35,75.72,100.0,1.36,0.0,0.0,1.44,2.85,0.21
4895,7.06,4.25,56.53,81.47,3.89,1.29,0.75,0.05,1.17,1.72
4896,1.74,0.0,63.38,34.35,5.87,3.6,1.49,3.12,2.35,0.0
4897,8.54,3.33,52.48,50.49,4.73,2.29,1.46,2.17,2.18,0.4
4898,1.03,3.11,46.73,58.22,5.34,3.14,2.74,2.21,1.83,0.6
4899,6.29,6.82,51.4,73.68,2.82,1.6,1.91,2.9,0.67,0.02
4900,6.32,6.11,28.4,24.22,3.74,1.84,3.41,0.25,1.22,1.11
4901,3.29,1.69,52.1,59.0,5.17,2.92,0.0,2.87,4.42,0.0
4902,6.07,4.59,35.63,80.56,4.65,0.45,1.33,2.79,1.17,1.5
4903,4.47,5.02,30.15,57.76,5.29,1.46,0.81,2.42,3.8,0.0
4904,5.74,2.69,27.76,42.08,4.15,0.8,2.07,2.62,2.75,1.73
4905,3.64,3.1,39.48,51.83,7.65,0.0,1.93,3.52,1.41,0.17
4906,9.76,4.57,36.47,37.28,4.57,2.48,2.58,0.87,2.72,1.23
4907,5.62,6.55,55.43,55.68,3.34,1.06,2.43,3.1,2.62,0.89
4908,6.96,7.57,42.45,77.87,2.32,0.0,0.0,2.82,3.3,2.86
4909,8.21,5.67,15.73,63.17,3.45,3.96,1.27,1.27,0.75,0.99
4910,6.54,0.56,64.0,79.52,5.75,1.66,2.12,3.04,0.94,0.2
4911,4.84,8.2,41.75,80.14,2.83,0.99,1.48,3.32,2.6,0.7
4912,4.63,4.56,68.18,47.03,3.96,1.62,0.0,2.35,0.39,0.0
4913,5.44,6.21,24.37,79.72,3.12,3.64,3.13,2.48,3.39,0.01
4914,7.87,0.86,25.14,50.29,4.33,3.1,1.45,3.2,1.87,1.58
4915,3.61,6.94,34.11,59.18,3.77,2.21,2.17,3.16,0.55,0.0
4916,7.73,2.66,29.94,30.64,1.3,0.74,1.86,2.16,0.0,1.98
4917,3.28,5.79,45.98,37.8,3.59,5.57,1.77,0.52,0.0,0.69
4918,8.33,6.31,26.27,65.75,3.6,2.12,1.47,0.0,0.82,2.33
4919,5.23,2.73,47.9,93.93,5.35,3.36,3.52,2.82,0.38,0.45
4920,5.42,0.67,67.04,66.99,2.96,3.22,1.03,2.19,0.21,0.16
4921,8.94,3.03,64.09,0.0,5.05,3.08,0.79,1.64,1.9,1.68
4922,6.58,4.37,37.96,59.64,5.48,1.93,0.0,0.35,1.83,0.0
4923,8.27,1.52,61.8,59.98,2.59,1.73,2.01,3.37,2.76,0.01
4924,5.3,4.08,60.35,82.39,3.11,2.76,1.05,1.97,0.93,0.0
4925,13.08,3.85,75.16,48.12,3.69,3.8,2.64,0.56,2.2,0.67
4926,11.31,7.07,44.1,42.63,1.7,2.19,0.0,2.74,1.92,2.32
4927,5.85,3.62,44.24,68.81,5.27,1.21,2.18,5.06,0.64,2.69
4928,6.91,3.96,47.48,100.0,3.02,2.35,0.0,3.31,3.07,1.91
4929,7.4,2.92,37.88,48.95,1.91,4.99,0.26,2.77,2.64,0.29
4930,0.78,4.26,56.05,72.15,3.57,1.56,0.6,1.96,2.4,0.0
4931,3.74,6.4,42.87,60.77,7.0,3.68,3.14,0.36,0.0,0.0
4932,2.93,5.42,50.33,65.91,3.39,3.37,2.27,2.51,2.26,0.28
4933,8.5,6.39,11.96,33.53,5.24,1.55,2.14,2.13,4.95,1.11
4934,2.03,4.04,42.86,55.49,7.79,1.54,2.45,0.6,2.19,1.49
4935,4.6,3.23,15.33,51.85,4.75,1.72,0.81,3.87,0.0,1.71
4936,4.88,5.1,82.02,66.09,4.85,1.23,3.06,2.79,4.42,0.0
4937,3.39,3.52,41.8,67.82,2.75,1.89,0.34,3.02,0.58,1.13
4938,7.55,3.25,37.0,67.47,5.42,0.62,1.47,1.72,0.81,0.0
4939,2.33,5.08,32.93,49.76,3.54,3.25,0.0,0.77,1.41,0.5
4940,5.5,4.22,42.05,60.75,3.25,2.25,2.01,0.0,5.15,1.02
4941,9.85,5.11,27.03,75.4,3.13,3.58,2.2,3.8,2.2,1.81
4942,3.2,5.74,45.88,31.55,3.78,1.72,1.23,2.34,3.1,0.0
4943,9.55,6.34,61.02,82.04,2.77,1.67,0.68,2.88,2.06,1.84
4944,3.91,6.92,49.46,73.19,4.47,3.22,1.78,1.56,2.35,1.64
4945,4.22,8.3,58.12,61.11,3.76,0.0,2.14,3.34,0.0,0.95
4946,3.81,4.84,31.67,84.58,5.55,0.12,2.79,2.49,3.94,0.73
4947,7.58,3.55,34.75,67.93,3.94,0.03,2.22,2.1,1.71,2.24
4948,7.7,3.16,34.63,36.56,6.18,3.94,0.71,0.0,1.9,1.79
4949,4.99,1.96,63.21,57.97,5.03,3.76,0.72,3.1,1.13,1.92
4950,4.91,6.07,36.75,86.39,3.11,0.2,3.69,1.89,0.85,0.4
4951,10.79,8.44,53.59,79.87,7.16,3.4,2.41,4.57,0.08,0.0
4952,5.51,2.76,56.92,53.44,1.36,2.62,1.71,1.9,0.78,0.0
4953,0.87,0.0,29.2,41.89,3.04,0.82,0.64,0.0,2.05,0.99
4954,7.77,8.91,53.01,52.81,2.2,2.6,1.09,3.99,2.1,0.62
4955,6.93,4.52,17.46,82.91,3.55,2.57,0.47,1.23,4.24,0.98
4956,9.34,3.58,50.46,70.07,3.6,3.62,0.0,1.1,1.77,0.0
4957,7.36,4.52,58.74,33.01,0.0,0.97,1.39,3.9,3.56,1.89
4958,8.3,4.82,8.99,64.58,5.85,0.4,0.76,1.72,1.08,1.34
4959,0.5,3.21,28.88,94.09,1.69,2.34,1.76,2.59,0.0,0.39
4960,1.14,4.16,57.3,24.45,2.96,3.62,1.32,2.28,2.25,2.06
4961,7.81,4.56,46.42,39.26,2.38,0.0,1.71,1.19,1.03,1.91
4962,6.93,6.2,38.5,44.72,5.27,2.09,1.8,3.07,1.54,0.02
4963,7.99,2.01,48.88,68.79,3.92,3.13,1.41,1.35,1.08,0.85
4964,7.22,7.1,54.65,44.55,3.98,0.0,3.18,3.2,2.8,0.0
4965,5.6,1.46,43.52,61.01,4.19,2.56,0.0,1.42,2.28,0.8
4966,9.92,6.79,18.39,21.08,4.9,0.13,1.54,1.03,1.62,0.93
4967,7.05,1.7,6.48,42.9,4.11,0.73,2.46,3.3,1.03,0.55
4968,2.68,7.11,37.25,87.98,5.61,0.99,2.98,1.63,2.92,0.16
4969,8.25,4.93,46.35,27.64,2.89,0.0,1.2,2.35,0.7,0.67
4970,11.19,3.98,49.37,66.95,3.36,3.17,2.71,0.0,0.0,1.44
4971,5.49,3.57,42.55,97.69,2.63,1.21,2.49,2.66,3.08,0.05
4972,9.24,4.44,26.9,23.01,4.15,2.95,1.87,1.33,2.0,1.69
4973,0.5,2.49,39.54,62.25,2.04,1.37,0.77,1.14,2.03,0.07
4974,6.18,5.84,16.52,48.81,4.16,0.75,1.92,2.76,2.43,0.22
4975,4.18,2.82,65.39,50.37,1.58,2.84,0.85,3.15,3.54,0.0
4976,8.92,5.73,47.92,81.62,2.46,1.13,0.84,3.04,1.5,0.0
4977,3.8,7.19,41.71,85.4,5.13,0.0,2.67,1.79,1.18,2.12
4978,5.82,2.64,60.65,85.45,2.54,2.52,1.87,2.83,3.97,1.9
4979,0.5,3.09,33.67,45.6,3.92,3.69,1.19,4.66,1.86,0.64
4980,5.65,3.63,32.25,59.08,5.16,0.18,0.72,2.64,0.73,0.06
4981,9.01,3.43,47.8,47.78,2.84,2.18,1.58,2.85,2.31,0.29
4982,4.06,2.03,53.87,60.33,4.32,0.38,1.33,2.6,1.19,1.97
4983,1.35,4.77,36.51,45.91,4.18,1.46,1.15,2.78,2.82,1.76
4984,8.2,5.25,44.69,32.82,4.41,2.56,1.83,4.56,1.52,1.81
4985,12.11,3.02,39.35,100.0,4.57,1.38,0.91,2.99,2.94,0.42
4986,8.46,3.9,66.44,46.11,5.25,5.14,0.71,3.01,1.53,0.58
4987,9.1,7.27,26.77,61.19,2.97,2.85,2.32,1.27,1.22,0.0
4988,8.47,0.0,60.69,51.45,4.01,0.07,0.0,0.0,1.82,1.54
4989,5.51,5.5,21.13,80.71,5.06,3.65,0.36,2.83,2.21,0.64
4990,2.77,5.62,48.85,38.25,3.76,4.53,1.46,1.23,0.08,1.98
4991,0.9,3.34,58.14,59.81,3.35,1.33,2.81,0.87,2.47,0.64
4992,7.61,2.28,43.01,80.1,2.69,0.93,0.49,5.66,2.22,2.84
4993,2.75,2.7,43.71,31.16,4.23,1.16,0.0,1.45,1.76,0.0
4994,0.5,2.46,46.83,65.96,4.12,3.39,1.1,3.09,4.16,0.21
4995,6.09,4.07,47.52,86.95,6.54,2.39,1.95,0.0,1.5,0.59
4996,2.07,3.19,40.47,61.15,1.63,4.32,1.33,4.68,2.07,1.86
4997,5.31,2.62,37.4,65.13,3.32,2.28,1.98,4.32,5.08,2.2
4998,11.9,4.19,23.69,46.51,0.69,0.44,0.83,0.0,2.34,0.95
4999,5.06,6.18,55.8,34.38,4.66,1.1,2.07,1.75,3.53,1.32
5000,0.5,3.44,75.96,30.03,3.14,2.58,0.0,0.0,0.45,0.0
5001,5.87,2.58,39.08,52.46,5.15,3.79,3.46,0.0,1.57,0.0
5002,5.49,6.96,35.63,81.36,2.78,1.98,3.41,2.59,2.1,0.14
5003,7.89,3.98,49.31,48.28,2.64,2.05,2.62,3.49,0.25,0.42
5004,4.41,0.87,32.99,56.77,4.38,2.0,2.12,0.0,1.48,0.27
5005,7.42,4.79,29.95,31.49,8.41,3.42,2.51,1.64,2.21,1.2
5006,8.37,6.29,48.52,55.03,3.21,0.0,1.95,3.19,0.0,2.46
5007,4.92,4.12,35.93,69.63,1.39,1.77,1.61,2.98,4.0,0.44
5008,14.31,3.13,55.79,14.48,5.18,1.4,1.32,1.46,0.05,2.3
5009,8.67,1.38,31.02,77.57,5.83,3.08,4.15,0.35,0.0,1.19
5010,6.23,1.86,59.51,60.71,2.61,3.15,0.65,0.5,1.12,0.78
5011,6.94,4.03,30.31,57.4,4.39,0.54,1.7,0.1,0.0,0.0
5012,3.41,5.87,35.12,100.0,4.04,1.67,3.39,3.38,4.59,0.0
5013,2.79,6.1,50.55,34.44,5.93,0.0,1.88,3.71,1.88,0.0
5014,7.36,2.8,34.58,41.53,6.8,0.66,2.95,2.24,2.28,1.28
5015,6.29,7.19,22.61,65.06,3.96,2.54,2.96,4.04,0.38,1.05
5016,6.75,4.46,35.67,23.4,1.29,0.36,0.29,0.52,1.71,1.41
5017,8.89,3.59,43.96,66.88,2.46,1.52,1.09,0.85,0.0,0.52
5018,4.09,5.02,36.63,79.95,3.14,2.6,1.55,0.94,1.69,0.41
5019,9.0,2.87,48.63,40.38,0.67,3.4,0.72,2.89,0.81,1.99
5020,1.56,3.62,41.72,22.18,3.67,0.0,0.05,2.69,0.67,0.0
5021,8.58,4.38,30.02,60.69,3.65,3.64,1.22,1.9,0.0,0.87
5022,2.46,3.81,60.59,10.7,3.17,1.65,0.19,3.36,2.39,0.92
5023,6.59,8.24,55.1,57.97,3.97,2.34,2.7,2.35,2.37,2.37
5024,8.32,7.06,49.89,29.16,2.67,2.8,1.43,0.4,1.81,0.99
5025,5.9,5.09,56.08,76.74,3.09,0.32,0.0,0.87,0.56,2.01
5026,5.3,6.06,52.44,59.74,3.16,3.36,1.29,2.24,1.41,2.33
5027,5.87,4.75,25.86,62.12,3.34,3.12,0.34,4.15,2.21,0.0
5028,4.94,4.99,15.96,78.34,4.73,0.0,0.0,4.36,2.96,0.0
5029,5.86,3.71,31.81,40.53,2.04,1.68,0.0,2.52,4.43,0.06
5030,3.67,5.75,76.74,55.93,3.34,4.07,0.52,6.19,3.03,0.62
5031,9.87,1.94,45.3,59.18,2.62,1.35,1.03,1.4,1.65,0.6
5032,6.61,2.4,43.5,45.32,5.82,3.41,1.07,1.3,0.05,0.43
5033,10.25,7.97,10.25,73.5,1.54,0.0,0.94,2.93,1.66,3.37
5034,6.69,7.26,54.38,52.85,3.15,2.27,0.61,2.07,3.81,2.37
5035,0.5,0.85,63.43,44.79,4.13,2.22,3.55,0.46,1.97,2.61
5036,9.58,5.27,43.03,88.14,3.98,2.86,0.71,0.0,0.0,0.55
5037,4.9,4.56,66.32,66.85,4.78,1.96,2.01,1.01,0.51,2.02
5038,7.95,2.92,73.9,26.17,3.48,2.15,0.49,2.27,2.06,1.24
5039,5.69,3.35,59.84,45.25,1.76,0.56,0.03,2.43,2.43,0.0
5040,4.36,4.19,30.15,85.0,4.11,3.01,0.48,2.6,1.26,1.46
5041,4.95,4.91,53.36,56.58,2.02,1.59,1.27,1.33,2.25,0.0
5042,8.34,1.18,34.63,63.55,4.58,0.13,1.84,1.16,2.27,0.0
5043,6.17,1.9,36.76,24.18,4.07,0.66,0.94,3.01,2.12,0.98
5044,3.54,1.39,47.04,87.73,3.04,3.11,0.66,2.0,4.13,0.45
5045,0.83,4.73,38.09,43.13,3.99,2.14,0.44,3.18,1.93,0.0
5046,3.43,4.87,43.42,72.85,3.88,0.78,2.8,2.83,1.21,0.48
5047,10.06,3.71,10.79,25.16,3.52,1.17,1.11,2.94,0.91,0.92
5048,9.15,5.01,34.93,70.39,3.29,1.89,1.17,0.0,3.91,0.85
5049,5.0,2.12,19.56,62.76,3.86,0.6,2.26,2.04,0.83,0.59
5050,10.43,5.52,38.83,44.11,5.32,2.52,0.78,0.65,1.88,1.57
5051,11.4,4.37,38.0,56.67,3.39,4.71,2.23,3.24,2.04,0.0
5052,7.41,8.98,37.34,32.34,4.07,2.52,2.27,3.85,2.11,1.75
5053,2.74,5.16,54.34,44.88,0.0,6.04,0.35,2.05,1.85,1.92
5054,6.52,4.17,30.31,85.5,3.74,1.41,0.13,3.04,0.99,0.0
5055,0.88,4.79,27.21,67.72,5.33,2.7,2.93,2.0,1.49,0.7
5056,0.91,3.77,54.71,74.85,5.66,0.86,0.81,0.0,3.82,0.97
5057,14.49,3.6,53.09,22.04,2.87,4.54,2.08,2.28,2.1,1.12
5058,8.53,2.03,34.66,52.26,5.02,0.98,2.83,1.5,1.56,1.01
5059,2.27,4.49,22.14,67.55,0.0,1.07,0.09,1.81,0.0,1.34
5060,3.42,4.96,54.15,61.97,5.22,2.22,1.74,4.98,2.27,0.83
5061,4.34,0.0,45.09,50.09,5.62,1.01,2.5,1.69,2.21,1.17
5062,5.79,4.43,16.06,57.66,7.29,4.09,2.5,0.95,0.81,0.0
5063,5.52,5.38,62.67,33.82,2.12,1.97,0.35,0.94,2.33,0.83
5064,6.53,5.36,48.19,64.13,4.67,3.77,1.07,1.66,3.71,0.26
5065,9.22,4.08,68.94,13.46,4.3,4.71,3.4,3.02,3.47,0.86
5066,3.76,5.22,50.92,24.93,4.18,0.11,0.2,3.82,0.0,2.55
5067,6.96,1.72,80.92,42.49,2.94,4.38,1.46,2.15,0.97,2.92
5068,5.02,4.32,77.55,57.18,6.37,2.4,2.45,2.04,3.92,1.02
5069,5.84,4.31,42.45,28.95,3.17,0.77,2.63,1.24,3.88,0.22
5070,3.58,7.73,68.26,62.89,3.14,1.67,2.57,4.45,1.09,0.98
5071,3.71,2.76,64.7,98.94,2.13,0.83,1.66,1.98,2.68,1.26
5072,5.96,5.4,29.51,71.82,2.54,0.0,0.0,0.92,1.53,1.14
5073,9.1,3.8,30.88,34.71,2.4,0.0,0.0,5.02,2.23,0.76
5074,6.27,4.92,24.08,90.61,5.93,2.04,2.18,3.43,2.34,0.12
5075,5.18,5.02,28.62,92.53,4.28,1.74,1.49,3.07,2.89,0.39
5076,5.25,4.4,55.26,63.1,3.37,1.54,1.81,0.52,0.51,0.93
5077,8.39,5.47,45.87,52.09,3.62,3.05,1.59,3.0,0.97,1.4
5078,4.32,1.01,29.92,32.72,5.89,0.58,2.67,3.04,2.31,0.0
5079,5.28,6.52,36.44,49.27,4.1,0.0,2.3,3.34,0.0,2.61
5080,11.71,4.3,5.86,67.73,4.17,1.61,3.69,1.63,0.52,0.17
5081,6.42,3.57,20.61,53.62,0.86,3.17,2.56,0.0,0.0,1.3
5082,5.14,3.34,74.97,43.66,4.32,2.64,1.91,2.8,2.17,0.57
5083,7.81,8.44,65.13,39.31,1.29,1.2,0.0,3.95,0.19,1.64
5084,3.89,3.46,44.03,41.94,5.05,2.09,1.16,4.05,2.96,0.41
5085,8.95,5.0,43.11,58.87,2.37,2.14,0.19,2.86,2.95,0.62
5086,6.61,4.44,48.35,48.39,3.86,3.67,2.27,0.83,5.19,1.14
5087,5.24,3.74,56.16,39.82,3.64,4.42,1.8,1.16,1.1,1.74
5088,9.54,5.91,43.03,57.32,1.14,1.14,0.0,3.35,0.47,1.69
5089,6.31,6.92,43.35,33.8,4.41,2.73,2.0,4.71,3.24,0.72
5090,2.7,3.32,37.33,85.19,3.15,2.48,2.3,1.07,2.52,1.09
5091,3.88,2.77,31.22,36.57,6.06,1.58,2.87,1.25,0.7,0.89
5092,7.05,6.08,38.25,81.71,2.79,3.02,1.5,4.25,0.96,0.13
5093,7.36,2.89,79.24,100.0,1.46,2.39,1.4,0.0,2.24,0.21
5094,0.57,5.56,39.64,72.29,1.15,2.85,0.0,2.78,2.32,0.0
5095,12.86,3.43,40.07,51.71,2.04,2.17,2.4,3.2,0.67,1.37
5096,2.46,4.37,30.78,42.88,4.12,0.79,1.07,3.4,1.55,1.01
5097,10.45,3.3,66.16,80.6,4.93,3.67,1.43,0.0,1.69,1.09
5098,4.49,1.25,48.65,92.66,2.09,4.5,2.43,1.57,3.95,0.0
5099,2.51,0.19,24.91,46.95,2.97,1.02,2.04,1.43,4.16,2.09
5100,3.1,4.78,64.09,67.93,3.57,1.64,0.36,1.61,2.74,0.03
5101,10.94,6.28,47.32,51.56,1.28,3.34,1.92,1.91,2.37,0.68
5102,10.56,6.09,44.45,64.41,1.03,0.0,1.51,0.58,3.37,0.66
5103,4.15,4.01,40.34,66.33,1.36,3.75,1.59,1.32,4.19,0.72
5104,6.73,0.71,26.43,10.71,3.25,4.28,0.0,0.0,2.71,0.01
5105,3.18,6.9,23.81,52.57,1.45,0.17,0.66,3.33,2.66,0.49
5106,8.98,1.94,57.19,40.04,4.82,2.68,1.89,3.44,4.21,1.07
5107,4.39,6.41,71.14,45.87,4.66,1.83,0.37,2.64,1.3,1.6
5108,5.84,5.25,36.72,66.22,6.98,2.49,1.12,1.72,3.5,0.0
5109,11.7,6.58,51.66,83.52,3.65,1.6,2.14,0.88,0.0,0.0
5110,5.24,4.46,34.85,50.96,4.24,0.0,1.64,3.53,2.04,1.01
5111,2.99,2.49,43.05,50.44,3.44,2.39,0.0,0.81,0.88,1.53
5112,4.31,4.0,63.91,79.92,5.4,2.31,1.08,0.84,2.4,0.0
5113,10.9,2.06,67.37,73.36,1.32,3.79,0.6,1.06,2.29,0.41
5114,9.51,5.85,58.99,71.82,4.13,0.48,0.88,0.93,1.35,0.72
5115,5.08,3.94,35.7,82.33,1.98,2.11,2.38,5.63,2.19,0.93
5116,4.5,2.29,55.21,58.8,4.78,2.07,2.35,2.29,1.62,1.48
5117,5.32,5.57,58.29,50.62,6.79,1.9,0.03,0.34,0.62,0.0
5118,8.52,2.17,51.25,5.76,1.5,4.43,0.0,0.75,1.98,2.19
5119,9.12,6.33,40.37,33.67,4.62,2.75,2.45,3.67,1.2,1.42
5120,5.15,1.7,80.72,83.42,5.53,2.76,2.47,0.45,2.86,0.0
5121,7.76,6.08,19.96,57.04,4.01,0.81,1.09,2.25,3.3,0.25
5122,8.64,0.68,40.27,52.04,3.19,0.56,2.28,1.83,3.95,1.34
5123,3.25,2.48,60.34,52.64,4.42,2.28,1.49,2.36,0.43,0.21
5124,7.43,5.53,28.3,0.0,2.65,1.03,0.0,1.5,2.93,2.54
5125,8.76,0.65,29.48,50.22,3.21,2.31,1.99,0.43,4.26,0.91
5126,5.76,4.82,13.16,45.24,3.23,4.17,2.58,1.01,0.45,0.14
5127,1.13,2.98,49.76,40.45,2.77,3.14,2.0,0.63,2.15,0.94
5128,3.0,2.16,35.04,65.33,5.62,3.75,2.77,0.0,1.79,0.38
5129,3.66,6.01,25.03,70.96,2.88,0.49,0.0,3.98,0.54,2.09
5130,7.37,0.53,57.33,53.99,5.67,2.59,1.27,5.57,2.93,2.24
5131,10.82,5.88,33.74,67.77,2.25,2.5,0.45,4.17,0.8,0.38
5132,8.78,1.46,54.71,20.42,2.7,2.96,0.35,0.0,0.12,0.45
5133,7.35,4.16,32.52,78.18,0.67,1.89,0.0,1.36,2.73,1.91
5134,4.39,6.04,36.41,55.81,3.9,1.51,0.0,3.36,0.8,0.0
5135,6.02,1.45,52.95,29.74,4.99,1.94,2.46,1.53,2.78,0.66
5136,6.61,0.57,67.65,60.87,0.0,0.88,0.0,1.97,1.58,1.72
5137,8.27,4.73,27.46,87.18,5.64,0.22,1.54,2.93,0.0,1.35
5138,8.91,3.03,52.98,54.66,6.85,3.16,2.24,4.08,1.21,0.0
5139,7.48,4.97,36.03,42.67,1.14,0.0,0.77,2.31,1.71,1.57
5140,10.63,5.78,13.17,79.47,3.8,0.0,1.64,1.66,0.0,0.0
5141,6.05,0.0,35.87,99.12,5.04,2.0,3.69,0.49,1.41,0.15
5142,8.02,2.19,45.57,25.17,2.65,1.51,1.23,5.66,1.93,2.06
5143,10.25,3.93,34.16,91.66,2.79,0.0,2.99,3.74,0.16,2.38
5144,4.83,1.91,70.39,8.8,1.93,1.14,2.53,2.23,0.0,0.08
5145,2.77,0.82,36.7,33.27,2.51,1.31,1.51,4.5,1.76,1.33
5146,3.06,5.49,55.28,53.43,3.83,0.0,2.56,4.06,1.57,1.24
5147,10.99,2.32,28.27,36.51,4.14,3.16,1.82,2.52,0.99,1.9
5148,9.37,4.69,62.53,25.51,0.44,0.0,2.05,0.0,4.32,1.32
5149,4.69,5.5,47.56,70.97,4.14,0.0,2.79,2.96,1.59,1.55
5150,5.0,4.72,48.85,38.75,4.39,2.14,0.97,5.64,0.0,0.0
5151,7.77,4.12,52.35,46.86,4.24,4.13,1.88,3.12,0.47,1.82
5152,8.01,4.81,65.76,91.04,3.6,0.52,2.54,2.19,0.28,0.48
5153,0.97,4.64,34.94,61.82,4.09,1.3,1.11,1.47,0.63,0.0
5154,2.15,7.12,51.29,72.93,2.42,2.58,2.31,0.5,1.48,0.96
5155,7.47,1.33,22.52,54.34,3.82,2.28,2.59,0.53,0.82,1.86
5156,12.2,4.32,40.14,50.28,2.28,0.82,0.94,1.78,5.6,1.63
5157,3.47,8.11,48.29,54.46,0.74,2.88,2.03,2.05,0.99,1.88
5158,11.72,4.33,32.74,0.0,4.11,0.57,3.07,1.62,0.64,0.6
5159,8.55,6.08,49.09,72.11,5.18,3.63,3.31,0.0,3.08,0.64
5160,5.84,3.21,38.88,61.75,3.43,3.85,1.77,3.02,1.56,1.92
5161,3.61,2.59,27.79,33.54,3.45,0.15,0.82,2.17,2.57,0.62
5162,9.88,4.46,70.32,75.16,4.79,0.0,3.9,0.0,2.98,1.72
5163,10.41,1.06,47.29,55.33,1.67,1.79,0.0,2.21,3.65,2.5
5164,0.5,7.74,9.53,54.42,2.17,1.77,0.6,2.74,5.26,0.63
5165,7.81,5.97,41.35,23.99,3.11,0.03,0.09,0.52,0.0,0.0
5166,5.92,3.95,43.9,38.25,2.4,2.83,0.47,2.64,1.59,0.54
5167,10.21,3.58,39.96,24.56,2.83,1.7,1.91,0.0,3.3,1.91
5168,11.94,3.72,22.02,29.88,4.35,1.35,0.26,2.54,0.88,1.24
5169,6.82,0.0,56.09,51.86,4.24,1.08,0.0,1.78,2.46,0.89
5170,5.62,0.0,73.37,43.47,0.0,3.39,1.44,0.0,2.77,1.12
5171,6.25,0.0,63.29,18.98,4.11,3.71,1.14,0.0,2.8,1.17
5172,4.63,5.37,58.0,19.64,3.55,0.03,1.39,1.37,1.96,0.0
5173,1.43,4.47,28.81,21.45,4.12,2.53,0.0,2.39,2.38,0.0
5174,7.88,7.12,39.14,20.75,5.84,1.97,1.07,1.58,3.47,2.46
5175,7.04,3.47,42.12,40.2,4.62,1.63,3.07,3.76,4.17,0.74
5176,5.79,2.98,40.6,78.59,5.36,1.32,2.28,6.87,0.0,1.26
5177,6.15,4.19,65.28,51.79,1.4,2.8,0.0,1.34,0.13,1.2
5178,3.24,1.03,36.31,53.17,4.07,0.88,1.43,0.58,3.37,2.81
5179,1.37,3.09,21.5,30.2,2.55,2.9,0.3,5.92,0.0,2.43
5180,7.01,0.0,56.27,45.01,2.22,1.4,0.14,0.06,2.75,1.23
5181,3.76,3.19,35.04,44.34,2.79,0.63,0.03,2.63,1.36,1.7
5182,2.6,0.07,64.64,62.28,1.52,2.36,1.29,6.25,0.92,0.51
5183,1.49,5.43,40.83,43.61,1.7,3.11,2.68,2.51,2.09,1.33
5184,4.53,4.83,34.08,25.7,1.98,1.07,0.67,1.67,1.06,0.52
5185,4.04,2.45,46.59,70.42,5.09,4.52,2.54,0.71,0.08,0.95
5186,0.5,5.04,38.78,71.7,1.87,2.63,1.08,3.03,4.17,0.21
5187,4.24,5.16,32.65,56.5,2.88,3.86,0.03,1.25,0.66,0.8
5188,7.68,3.39,56.57,56.03,1.89,0.0,0.83,0.08,2.75,1.37
5189,5.7,1.85,31.76,80.99,4.6,2.11,4.01,3.09,1.18,0.6
5190,3.74,6.04,34.03,38.16,3.36,1.32,0.01,2.99,2.31,0.0
5191,5.22,6.17,51.61,55.22,4.36,3.47,1.4,0.88,2.4,1.27
5192,3.09,5.37,42.88,60.98,3.43,1.68,0.0,1.63,1.54,0.0
5193,5.43,3.81,44.62,64.53,2.48,3.67,0.0,1.75,1.23,0.0
5194,7.3,1.92,44.17,66.82,1.02,4.03,1.48,2.68,1.76,2.43
5195,0.5,6.5,41.75,85.29,2.91,1.05,0.0,0.56,2.22,0.0
5196,10.44,5.97,39.26,75.12,1.94,1.23,2.99,2.83,1.65,1.82
5197,3.56,0.0,27.93,64.39,5.2,2.99,1.61,3.93,1.54,1.47
5198,9.49,3.23,53.74,49.78,5.6,0.39,0.8,1.71,0.96,0.75
5199,5.65,4.49,50.63,66.71,4.84,2.74,1.41,2.86,1.21,1.48
5200,6.14,2.55,34.23,48.21,6.31,3.74,4.32,0.62,3.23,1.62
5201,5.67,1.92,0.0,52.5,1.44,2.18,0.3,1.22,1.4,0.53
5202,5.67,4.21,67.45,46.56,2.37,0.33,2.44,2.72,2.73,0.47
5203,7.46,3.39,58.82,27.37,4.52,1.15,0.34,1.19,2.47,1.18
5204,7.84,5.85,54.15,53.9,3.84,2.26,1.5,1.54,0.68,0.77
5205,5.07,7.47,20.51,90.85,2.27,1.21,3.11,3.42,3.46,1.78
5206,5.79,2.68,42.1,35.79,2.46,3.47,2.68,2.29,3.29,0.26
5207,6.23,2.55,53.07,20.11,4.57,2.61,0.4,0.0,2.02,0.0
5208,4.46,7.57,43.65,16.91,5.16,4.91,0.0,0.16,0.27,0.0
5209,5.66,1.16,27.67,73.69,3.09,1.18,0.04,2.47,0.0,2.58
5210,5.49,6.4,36.1,68.84,3.27,2.38,2.02,2.31,2.83,2.5
5211,9.3,3.34,49.14,38.0,2.84,2.48,1.15,4.34,2.33,3.13
5212,13.77,3.92,31.99,62.02,2.52,2.64,3.05,2.46,0.46,1.48
5213,6.34,2.17,30.53,54.98,3.79,1.74,0.51,2.34,0.0,0.9
5214,9.14,2.85,51.12,43.35,1.88,0.3,0.76,0.35,0.27,1.67
5215,0.5,4.92,19.85,32.03,2.97,2.01,0.23,0.86,2.54,0.39
5216,2.39,1.65,71.78,69.11,4.81,1.68,2.38,1.88,4.01,0.0
5217,10.1,3.19,68.23,39.88,3.15,3.52,3.02,3.26,1.09,0.3
5218,4.36,3.75,65.05,58.3,6.85,2.56,3.83,1.47,4.01,0.47
5219,0.5,7.14,47.06,57.01,4.85,0.68,1.14,1.29,0.0,0.0
5220,6.09,5.71,28.78,79.84,4.75,0.77,0.0,0.0,2.93,0.0
5221,12.28,3.78,79.08,80.36,1.76,0.0,0.04,3.55,0.0,0.36
5222,2.75,3.97,58.18,86.61,0.42,0.0,2.11,2.87,1.69,0.0
5223,3.43,4.18,40.65,70.66,3.16,1.31,2.0,0.0,2.09,0.63
5224,5.01,3.09,47.91,45.68,4.49,5.54,3.69,1.67,0.99,1.39
5225,3.18,5.89,36.34,69.91,0.68,1.94,0.0,2.85,1.73,0.68
5226,6.95,4.25,56.06,51.83,3.49,1.85,1.7,1.58,2.36,0.95
5227,6.46,5.97,36.2,49.62,3.58,2.91,1.44,1.6,2.18,0.81
5228,4.84,6.67,65.27,62.42,1.87,2.01,3.2,2.1,3.4,2.65
5229,3.85,1.29,77.89,48.68,5.5,0.2,1.93,3.26,1.3,0.94
5230,5.26,2.28,10.57,55.96,3.51,0.6,1.56,0.0,2.87,2.56
5231,9.85,3.39,35.35,22.15,2.53,0.9,0.44,0.17,2.52,2.01
5232,7.06,3.78,31.59,56.0,1.93,1.81,1.0,4.47,0.0,1.03
5233,2.85,1.97,75.23,20.68,3.59,3.23,0.08,0.19,2.36,0.11
5234,4.89,2.93,24.73,66.18,2.73,1.66,0.0,2.09,3.62,1.99
5235,6.38,5.62,37.58,48.27,2.74,2.16,2.11,2.83,1.19,2.14
5236,5.8,5.04,32.04,53.66,1.76,2.5,1.98,3.28,1.92,1.63
5237,0.5,5.09,38.67,49.67,2.2,2.5,1.17,0.0,1.46,0.0
5238,6.99,0.06,38.21,54.95,3.25,1.84,0.83,2.57,1.94,0.75
5239,1.05,1.99,62.1,53.18,5.63,3.78,0.31,3.67,0.85,0.68
5240,6.38,3.85,52.53,53.89,5.45,3.17,4.14,3.53,1.17,0.73
5241,8.49,3.23,81.84,65.15,5.25,1.04,1.14,0.87,2.32,1.46
5242,7.41,4.64,60.44,18.16,4.76,4.53,0.89,1.4,2.7,0.13
5243,9.12,1.88,49.39,68.74,5.58,2.43,1.69,0.71,0.63,1.62
5244,1.76,5.78,68.89,73.66,2.36,2.26,0.61,2.96,0.6,0.0
5245,3.35,0.0,64.55,62.92,1.86,4.72,0.2,3.57,1.73,1.15
5246,5.14,5.9,31.83,68.44,1.62,1.91,2.15,4.08,4.01,3.29
5247,2.9,5.66,63.35,63.58,4.02,3.3,2.71,0.0,2.31,0.36
5248,7.22,5.53,59.1,54.79,2.14,1.47,0.15,2.63,0.05,0.0
5249,0.5,4.87,53.98,83.69,5.22,0.98,0.04,1.92,0.88,0.0
5250,6.41,4.51,28.47,24.05,3.59,2.35,2.38,3.77,0.5,0.64
5251,3.87,3.88,42.09,65.97,2.57,4.76,2.41,1.13,1.4,1.45
5252,1.85,4.09,55.99,29.6,5.38,1.6,1.69,2.03,2.25,0.0
5253,5.57,3.18,36.86,30.8,1.08,1.31,1.49,1.23,1.42,2.48
5254,5.08,2.48,36.5,31.53,2.0,0.65,0.77,2.95,5.79,1.39
5255,7.22,7.59,49.51,17.2,3.96,1.71,2.09,0.71,3.37,0.4
5256,5.04,3.31,26.37,54.06,3.75,0.0,0.0,1.96,0.0,1.44
5257,7.38,3.35,34.31,66.98,3.63,2.16,1.41,3.33,3.41,0.4
5258,11.15,5.87,38.46,56.38,3.76,2.67,3.99,0.77,3.46,0.73
5259,8.74,5.25,32.32,82.37,1.03,0.75,0.44,2.94,2.32,2.12
5260,1.99,4.31,45.16,54.0,3.86,1.72,2.77,1.06,1.91,0.0
5261,6.73,3.39,50.4,53.64,4.62,0.86,2.69,0.91,0.31,0.62
5262,6.01,2.02,64.85,100.0,3.79,3.59,1.57,0.04,3.35,0.81
5263,5.76,4.61,36.9,42.08,0.84,2.47,1.87,0.79,1.34,1.0
5264,0.5,3.12,29.08,39.09,2.01,0.0,0.94,2.16,0.0,1.07
5265,0.5,2.87,29.01,64.68,3.53,8.02,0.79,2.74,0.19,0.0
5266,7.71,5.2,35.43,50.27,2.36,2.31,0.59,1.36,0.35,0.0
5267,6.62,2.94,36.29,61.38,4.53,2.21,1.52,3.43,3.58,2.04
5268,0.5,5.84,78.77,50.14,2.95,1.12,2.96,2.21,2.23,0.5
5269,2.31,1.61,47.53,62.91,3.54,1.92,0.53,0.88,3.18,1.28
5270,7.99,3.56,50.82,80.26,2.32,3.65,1.55,1.3,0.0,0.0
5271,8.46,5.63,53.75,43.57,6.71,2.84,2.01,3.37,0.0,0.15
5272,2.27,6.11,43.51,69.47,4.27,0.01,2.83,5.04,3.71,0.41
5273,0.5,4.45,58.04,43.92,4.68,2.14,1.73,1.44,1.37,0.94
5274,7.92,6.94,45.3,19.31,2.01,0.29,0.98,0.0,0.03,0.35
5275,4.33,1.54,66.67,83.59,1.96,0.69,0.0,2.43,3.28,0.3
5276,8.0,4.82,34.94,60.77,4.76,1.19,2.24,0.47,0.32,0.12
5277,0.5,2.11,52.55,82.03,2.15,1.04,0.0,3.81,0.89,0.91
5278,0.66,1.33,42.29,20.39,4.9,1.24,2.12,2.03,2.52,0.09
5279,9.2,4.3,42.71,25.89,5.56,0.0,1.36,4.18,1.75,1.23
5280,4.47,5.4,6.0,27.63,3.47,0.9,2.72,3.49,2.01,0.82
5281,9.23,5.0,22.06,29.89,4.09,2.67,2.15,0.0,3.2,0.6
5282,6.93,4.97,9.11,81.35,4.01,2.84,4.49,1.41,0.52,0.1
5283,9.71,3.1,43.55,68.84,1.93,0.0,0.57,2.0,2.25,0.36
5284,7.91,6.62,62.71,77.89,1.13,2.67,0.92,2.61,0.21,0.57
5285,7.21,0.0,23.36,79.09,5.07,2.71,1.41,1.37,0.92,0.19
5286,4.52,3.86,76.49,73.33,0.9,3.26,0.0,0.4,1.72,1.03
5287,9.0,5.09,48.41,52.08,3.87,3.42,0.0,2.51,2.84,0.7
5288,3.19,10.33,52.23,22.81,4.65,0.0,1.19,0.37,0.34,0.0
5289,10.54,3.34,35.68,40.41,0.19,0.0,0.0,4.04,4.33,2.21
5290,2.76,3.29,53.12,38.41,3.66,1.7,3.06,3.83,0.0,1.43
5291,4.39,1.87,52.99,39.68,3.5,2.64,0.0,1.37,2.68,1.84
5292,9.09,2.94,26.23,88.03,1.43,0.0,1.43,0.0,0.45,2.01
5293,1.6,2.11,43.86,29.91,4.51,1.97,3.4,2.78,3.73,1.15
5294,6.5,2.96,11.14,61.02,4.97,0.0,3.28,0.74,1.46,1.59
5295,6.56,7.64,30.65,41.79,4.4,0.07,1.47,4.46,1.42,0.16
5296,3.24,3.72,24.96,16.69,4.46,0.0,2.1,2.95,1.44,1.2
5297,2.39,3.6,35.35,61.08,3.59,3.06,0.16,2.07,1.91,2.9
5298,5.09,7.49,39.13,49.6,5.23,4.26,0.0,0.5,1.37,0.0
5299,10.35,6.2,33.63,74.76,1.56,1.64,1.88,4.05,2.3,1.92
5300,2.67,5.61,21.35,28.24,3.43,0.0,1.39,3.81,2.98,1.78
5301,4.85,1.69,42.64,63.66,4.14,4.06,0.45,1.21,1.69,0.93
5302,4.83,5.31,31.38,28.35,6.0,2.6,3.47,1.28,2.85,0.0
5303,7.67,2.28,38.31,52.21,5.56,1.58,0.87,0.63,0.0,1.04
5304,6.14,4.89,55.44,34.79,5.34,2.92,3.59,0.0,0.0,0.01
5305,8.73,2.9,62.24,59.36,2.15,0.75,1.84,4.8,3.79,0.79
5306,1.99,3.68,39.91,43.58,1.12,4.68,0.34,3.48,1.73,0.68
5307,4.34,0.64,52.4,69.15,4.38,1.92,0.33,0.76,0.47,2.12
5308,8.42,6.65,18.76,50.79,0.39,4.26,0.06,1.75,0.28,1.56
5309,11.56,6.9,46.76,56.48,4.98,5.21,2.82,0.01,4.97,1.06
5310,10.76,4.91,55.87,35.56,0.73,2.75,0.0,1.21,0.64,0.37
5311,4.5,8.18,40.99,52.02,2.27,1.42,2.37,0.73,5.61,1.04
5312,4.19,5.55,39.83,99.47,4.32,0.0,0.13,3.83,0.88,0.0
5313,5.36,3.99,31.28,61.41,4.24,1.96,2.9,0.0,2.74,0.94
5314,8.2,5.04,31.56,26.45,3.99,3.53,1.97,3.72,1.52,0.32
5315,7.39,4.98,57.19,57.97,2.16,1.72,2.07,4.56,1.58,0.0
5316,5.85,3.05,36.59,42.91,2.95,1.73,2.31,3.46,2.09,0.47
5317,9.53,3.19,20.56,65.36,3.99,3.05,0.0,3.82,2.69,1.03
5318,6.52,4.39,52.47,0.0,6.25,2.86,2.18,1.37,0.0,0.24
5319,1.81,4.33,68.94,75.9,4.86,3.17,1.23,0.92,0.51,0.63
5320,11.43,5.84,11.24,45.42,4.51,2.48,1.72,0.34,4.14,0.7
5321,7.93,4.26,25.84,25.17,5.14,4.79,1.62,0.62,4.77,0.33
5322,6.85,5.68,46.95,54.0,3.06,1.41,1.07,1.46,2.47,0.95
5323,7.18,5.95,51.7,50.4,3.51,2.9,1.38,0.0,1.19,0.0
5324,7.18,3.03,51.98,74.44,2.02,2.09,0.0,0.26,2.59,1.84
5325,8.05,2.24,49.1,64.96,4.14,3.57,0.34,1.79,4.01,0.82
5326,8.39,5.89,31.08,25.83,5.28,1.69,3.22,1.47,1.81,1.35
5327,12.66,2.82,35.01,49.62,3.88,1.52,0.0,0.0,1.94,0.0
5328,9.28,2.35,57.88,63.97,3.53,2.7,1.17,4.55,2.76,2.38
5329,6.17,7.54,42.99,58.9,2.78,0.73,3.64,1.65,3.15,1.6
5330,7.84,3.23,40.26,29.27,3.85,4.98,2.81,1.55,2.9,0.0
5331,8.7,6.97,24.11,35.33,4.23,2.42,0.9,2.24,0.0,1.26
5332,11.55,4.03,11.58,62.27,5.19,2.63,3.18,2.56,1.06,0.41
5333,9.3,4.48,60.0,54.97,1.91,0.56,1.45,0.0,2.34,0.8
5334,7.14,3.56,53.75,57.02,1.15,1.54,1.71,1.23,0.45,1.03
5335,6.63,3.74,24.71,29.53,1.89,1.08,4.45,2.43,0.0,1.79
5336,5.24,7.11,68.0,39.52,4.62,2.19,2.51,0.28,2.19,0.0
5337,9.44,5.75,70.9,100.0,1.21,0.59,1.05,3.52,1.32,0.58
5338,4.43,5.14,17.66,65.78,3.7,3.97,1.57,0.97,1.33,0.11
5339,9.71,5.36,16.42,80.54,1.28,0.0,1.21,1.54,0.54,1.28
5340,7.36,4.47,56.44,71.74,1.55,1.04,1.68,2.31,1.31,1.84
5341,2.53,4.95,38.9,52.11,5.17,2.3,2.34,0.97,0.07,0.06
5342,9.2,4.31,38.67,48.47,2.3,4.86,1.14,2.24,1.82,0.0
5343,6.62,4.99,56.84,44.95,4.12,2.66,0.0,2.13,3.84,0.0
5344,3.06,2.72,59.58,62.15,1.73,3.41,0.0,3.62,0.0,0.74
5345,6.76,5.02,24.91,51.97,3.71,0.0,0.49,2.72,1.67,1.54
5346,8.25,2.9,48.82,68.04,2.1,3.97,1.78,3.19,1.93,0.35
5347,8.76,8.27,23.73,42.58,6.12,4.63,3.96,3.46,2.03,0.0
5348,5.75,3.41,59.85,50.99,3.98,2.21,3.7,1.39,3.39,0.15
5349,3.36,1.52,30.5,33.18,5.06,2.39,2.0,4.1,2.76,1.33
5350,7.21,8.0,29.96,51.52,4.39,1.42,1.84,0.39,1.09,0.0
5351,5.64,2.52,47.3,63.77,0.0,1.78,1.26,0.0,3.19,2.42
5352,7.45,4.09,81.09,78.37,4.18,2.71,3.7,2.63,2.64,0.18
5353,10.87,4.01,31.71,37.19,3.7,3.26,1.35,2.0,1.26,0.43
5354,1.57,5.21,41.09,74.69,6.06,2.12,1.97,4.18,1.89,1.2
5355,9.82,5.25,47.36,55.84,5.23,2.43,1.3,2.21,0.89,0.83
5356,6.8,4.06,74.6,65.1,5.81,5.2,0.8,0.82,1.12,1.28
5357,4.09,3.18,52.91,75.25,6.62,1.43,1.85,2.64,3.25,1.58
5358,4.56,2.16,68.74,59.43,2.56,2.96,2.05,3.29,3.17,0.82
5359,7.82,4.87,35.66,100.0,1.72,3.14,1.19,2.23,0.32,0.0
5360,5.91,1.38,39.22,72.46,4.18,2.65,2.43,2.25,1.98,1.41
5361,4.7,5.14,51.04,59.34,2.88,1.18,1.71,3.97,1.68,1.4
5362,0.5,3.43,37.2,76.05,4.05,2.67,1.45,4.28,0.84,0.0
5363,5.66,2.95,33.57,75.63,1.84,1.78,1.71,1.54,1.99,1.14
5364,6.29,2.06,29.49,77.87,1.95,5.06,0.34,2.21,1.91,1.28
5365,7.71,3.67,44.46,67.76,6.53,4.38,0.3,1.18,2.74,1.91
5366,2.65,4.86,51.3,91.8,3.42,0.45,2.12,4.44,1.29,1.15
5367,5.21,3.23,13.1,64.52,6.55,0.0,3.99,2.0,2.8,0.6
5368,4.94,2.02,40.83,52.1,1.67,1.16,0.13,1.34,2.34,1.72
5369,7.68,3.59,40.15,64.8,3.66,0.84,4.04,0.0,2.85,2.14
5370,8.67,3.49,48.32,46.8,3.57,0.99,0.0,1.32,2.38,0.07
5371,5.59,0.96,29.28,44.59,3.1,2.03,0.26,0.74,0.0,0.45
5372,2.93,5.95,66.01,81.36,2.18,3.04,1.24,5.09,5.46,0.12
5373,10.3,3.06,67.83,29.16,0.0,3.22,0.0,0.0,2.97,1.15
5374,12.23,6.93,22.24,58.44,0.0,2.37,4.18,0.64,2.03,1.57
5375,3.84,5.91,13.83,78.49,2.23,1.49,0.95,1.18,0.58,1.36
5376,6.16,2.04,40.81,61.63,4.02,2.47,2.83,2.27,2.06,0.92
5377,3.98,7.77,13.15,34.77,3.39,0.0,3.91,1.84,0.0,0.0
5378,2.38,3.59,54.16,71.84,4.56,2.93,3.13,3.28,0.51,1.94
5379,3.03,7.11,40.57,38.66,2.87,0.0,2.59,0.93,0.94,0.39
5380,8.02,1.97,49.38,73.05,5.26,4.52,1.0,0.0,0.0,0.0
5381,7.31,0.0,52.46,65.31,3.48,1.14,1.05,0.79,1.22,1.03
5382,6.42,3.02,53.13,46.48,5.86,2.23,3.45,2.27,0.0,0.57
5383,3.87,5.55,26.42,66.28,1.88,2.02,1.09,0.61,1.98,0.0
5384,9.43,5.46,21.9,79.55,4.39,2.01,2.63,3.4,0.16,0.0
5385,8.08,1.85,34.29,64.33,4.53,3.11,2.55,0.0,0.04,1.32
5386,3.5,0.0,54.33,70.59,4.34,0.81,0.0,0.77,2.05,0.0
5387,4.69,6.98,31.29,16.0,4.87,3.06,4.94,0.88,0.29,0.05
5388,10.84,0.0,41.79,70.3,4.81,0.51,1.15,1.16,0.71,0.57
5389,9.0,2.45,32.09,48.25,2.89,5.28,2.32,0.33,0.0,0.86
5390,11.37,1.12,60.76,29.9,3.57,1.42,2.35,1.39,0.99,0.66
5391,5.86,2.04,29.66,62.5,4.24,3.9,2.86,0.0,0.67,0.97
5392,5.34,3.54,63.73,54.8,4.65,4.51,0.0,0.27,2.74,1.2
5393,2.79,2.26,57.3,33.0,2.75,1.18,3.01,4.06,3.13,0.73
5394,12.17,5.2,49.12,22.26,4.25,1.08,3.21,1.83,0.0,1.41
5395,4.53,2.87,43.15,69.18,5.16,3.78,2.22,0.63,2.16,0.36
5396,4.46,5.52,75.21,54.26,3.44,0.0,1.65,1.15,0.29,0.43
5397,5.53,2.66,1.84,65.95,1.71,1.91,2.91,0.42,2.49,2.68
5398,2.28,7.15,28.53,57.33,0.67,1.99,2.45,4.22,0.0,0.0
5399,5.44,3.12,69.68,49.51,2.45,3.19,2.06,2.03,4.49,0.35
5400,2.79,3.01,50.11,68.99,4.15,5.27,3.33,0.02,0.91,0.47
5401,5.9,7.28,43.46,31.67,2.5,0.67,1.81,3.63,0.59,0.13
5402,4.37,1.9,59.47,13.06,3.42,2.05,0.69,0.0,2.65,1.18
5403,4.26,7.19,40.21,63.59,1.8,0.0,0.52,0.0,3.93,2.56
5404,7.7,0.0,46.79,52.28,1.91,3.96,0.0,1.83,0.0,0.2
5405,5.65,1.52,30.37,56.48,4.16,0.01,1.56,0.0,3.78,1.08
5406,8.14,7.1,63.48,50.82,5.14,4.21,0.85,0.77,3.77,0.0
5407,2.2,1.85,48.85,17.19,4.94,1.97,0.0,1.08,2.53,1.71
5408,1.84,4.07,64.29,56.46,5.87,3.71,1.33,2.08,0.49,0.0
5409,2.75,0.0,56.46,53.29,3.15,0.92,0.84,2.82,3.05,1.92
5410,5.33,3.83,43.02,70.85,5.8,2.7,4.68,2.13,2.03,0.68
5411,5.17,4.58,55.48,50.51,2.11,1.17,0.69,1.51,0.0,0.55
5412,10.89,3.99,42.38,92.78,2.66,2.7,1.17,0.0,1.54,0.72
5413,5.08,5.08,24.08,57.08,1.23,2.26,2.43,3.82,2.7,1.64
5414,4.27,4.64,34.37,47.66,4.52,3.28,1.57,2.52,0.56,0.0
5415,3.77,4.82,49.8,54.09,3.57,0.86,2.18,2.89,1.4,0.6
5416,0.5,4.29,35.14,64.42,3.83,0.96,2.56,2.63,1.4,0.52
5417,2.85,1.59,64.47,51.59,7.96,0.63,1.06,0.99,1.99,0.72
5418,0.5,7.57,36.49,42.9,3.77,0.07,2.05,2.78,2.89,0.56
5419,4.89,2.85,30.58,81.56,6.28,2.45,2.43,1.1,0.53,0.54
5420,9.02,2.34,34.13,34.44,4.76,1.43,6.18,2.14,0.0,0.38
5421,6.6,1.47,34.6,69.12,4.22,3.96,0.65,1.24,1.79,1.12
5422,9.01,4.04,41.22,57.82,4.91,1.05,0.61,3.86,0.82,1.29
5423,2.81,3.85,31.11,73.84,3.34,2.38,2.42,0.43,3.45,0.0
5424,4.96,5.45,50.4,37.67,4.87,4.28,2.06,0.0,0.0,0.44
5425,7.48,4.86,40.01,50.37,3.65,0.73,2.83,2.22,2.2,1.12
5426,7.11,4.4,58.72,43.93,2.95,1.95,2.29,2.94,2.84,0.55
5427,7.91,5.23,28.47,42.08,5.25,2.57,0.07,1.86,5.87,0.06
5428,1.86,3.64,40.6,70.25,1.33,0.39,0.79,1.07,1.45,0.72
5429,4.28,4.56,48.03,53.86,5.17,0.0,0.0,0.0,0.45,0.87
5430,6.14,3.28,60.64,53.58,4.72,2.79,2.28,2.39,0.79,0.0
5431,2.26,2.61,78.8,88.29,6.46,0.0,1.48,3.87,1.5,0.76
5432,5.24,4.39,29.69,59.91,5.47,2.43,2.27,0.3,3.93,0.56
5433,2.98,3.17,52.7,65.35,3.37,3.23,0.49,4.67,0.0,1.09
5434,6.52,5.98,36.37,41.12,3.87,4.51,2.91,1.9,0.65,0.0
5435,7.59,4.14,50.69,36.05,5.16,2.08,3.54,0.87,0.1,0.16
5436,6.2,3.34,27.82,100.0,1.83,0.91,2.76,3.67,4.44,2.48
5437,6.41,3.01,31.0,14.46,4.75,0.0,0.0,2.77,0.0,0.96
5438,10.28,6.08,50.3,60.69,3.04,2.72,1.79,4.49,1.99,0.63
5439,3.52,1.19,50.44,7.37,3.87,2.25,1.45,1.82,0.0,0.03
5440,6.95,2.66,56.87,45.45,4.78,2.06,1.63,3.31,0.68,1.11
5441,7.76,0.89,54.02,61.04,4.13,0.28,1.21,3.86,3.48,0.77
5442,1.59,0.95,54.79,50.32,5.51,1.33,2.41,1.8,0.39,1.15
5443,5.88,7.57,63.15,57.53,3.24,1.05,0.99,3.01,0.0,0.0
5444,2.93,3.42,24.86,49.19,1.99,4.71,0.0,0.64,2.37,2.1
5445,8.19,6.2,30.18,56.45,2.77,0.94,0.44,1.33,2.13,1.07
5446,9.29,1.39,56.57,43.49,2.08,2.0,0.63,2.19,3.29,0.0
5447,3.35,5.55,39.83,87.22,3.66,1.41,2.7,2.36,4.18,0.0
5448,5.39,2.95,49.35,59.0,3.44,3.99,1.45,1.81,0.0,0.78
5449,6.04,3.51,58.8,56.05,3.71,1.8,0.29,2.68,2.38,0.0
5450,5.99,5.47,61.02,98.03,2.37,0.0,1.89,0.64,0.53,0.7
5451,9.59,7.03,63.9,45.13,4.28,2.08,0.36,0.44,3.99,1.18
5452,0.5,0.79,36.01,65.19,6.4,1.86,0.0,5.2,1.97,0.0
5453,9.11,3.33,47.39,83.09,3.63,2.45,1.44,2.94,0.0,0.0
5454,7.55,6.19,28.37,62.74,2.22,1.79,2.21,4.03,2.02,0.0
5455,5.71,5.44,55.49,16.05,3.06,0.14,1.04,1.5,3.53,1.31
5456,2.43,4.65,51.57,26.52,6.72,0.83,3.23,2.41,2.85,0.44
5457,2.26,6.06,24.22,91.2,2.47,4.23,0.84,4.9,1.3,0.0
5458,2.33,2.67,64.33,69.71,3.36,2.23,0.92,2.94,0.58,0.66
5459,10.91,2.9,59.99,53.62,2.82,2.21,1.96,3.06,2.32,0.0
5460,3.58,0.51,51.39,65.1,3.8,2.79,1.45,2.63,3.81,2.04
5461,13.1,6.73,32.41,64.63,2.98,1.79,3.38,0.51,0.0,0.44
5462,6.72,2.88,57.5,62.85,4.23,1.56,2.17,0.01,2.49,0.56
5463,7.41,2.82,82.39,46.59,1.7,4.07,1.08,0.0,3.34,0.0
5464,4.94,5.53,45.63,52.89,4.95,1.41,2.11,3.86,4.04,0.78
5465,5.77,6.57,61.97,80.11,4.41,1.87,0.16,1.97,2.68,0.94
5466,4.3,4.55,26.57,83.39,3.79,1.17,1.98,0.31,3.76,0.0
5467,6.01,4.55,48.15,92.94,4.61,1.42,1.48,0.3,2.39,0.94
5468,9.09,2.79,48.4,42.51,2.82,3.11,2.07,4.9,0.13,2.09
5469,11.04,6.14,16.13,57.72,3.33,1.73,0.06,3.69,3.79,1.32
5470,3.59,6.52,34.51,47.53,5.24,0.73,0.55,0.98,2.05,0.38
5471,3.2,6.41,35.24,53.29,5.13,4.7,3.95,2.84,2.01,0.0
5472,8.8,2.77,29.28,100.0,5.75,1.84,2.13,1.35,0.77,2.36
5473,8.25,6.6,24.41,78.43,4.13,1.42,1.84,2.03,3.64,0.67
5474,7.41,2.99,30.81,60.0,4.79,5.54,1.35,1.27,3.29,0.5
5475,2.19,9.52,37.61,45.55,4.54,0.71,2.43,3.03,0.59,1.89
5476,9.85,4.69,63.99,69.55,2.31,0.99,3.2,1.64,0.69,0.33
5477,5.43,7.6,22.41,77.09,4.56,2.08,2.4,1.48,1.96,2.07
5478,6.18,3.58,52.25,44.97,4.37,1.47,1.18,3.66,0.78,1.22
5479,4.72,5.57,47.03,50.97,4.51,1.12,0.11,0.0,2.01,1.19
5480,7.11,6.22,43.38,22.23,2.44,0.13,0.86,2.83,1.23,1.48
5481,5.49,6.12,30.41,58.42,3.85,1.72,0.92,0.34,1.84,0.76
5482,8.76,2.33,12.64,77.34,6.21,0.23,2.97,2.18,0.0,0.28
5483,8.11,6.5,49.12,71.22,3.99,2.05,0.53,0.0,3.51,0.0
5484,7.45,1.57,30.31,48.02,3.74,0.92,1.2,0.68,4.11,0.26
5485,6.13,1.84,57.77,47.41,2.5,3.31,1.49,0.18,2.43,2.93
5486,0.98,4.09,38.29,55.34,4.57,0.0,0.51,3.09,0.89,3.19
5487,4.84,1.82,51.63,23.5,3.8,2.16,1.03,1.41,2.07,1.11
5488,4.93,3.41,32.92,59.66,1.83,0.55,0.0,0.83,0.31,0.0
5489,6.83,4.17,19.6,31.37,2.18,0.27,0.02,2.06,1.67,1.56
5490,9.02,5.57,59.34,68.47,2.49,0.65,2.29,2.36,1.44,0.36
5491,9.7,5.09,64.16,29.92,3.41,3.21,3.21,0.0,1.74,1.59
5492,8.12,1.88,28.67,25.65,4.48,1.91,2.51,0.74,0.41,1.95
5493,2.08,1.64,42.95,60.76,4.49,1.94,2.28,3.1,0.59,0.0
5494,9.42,6.66,37.54,31.0,2.47,3.59,2.12,0.0,2.45,0.61
5495,13.23,9.13,51.73,54.94,5.22,5.11,2.95,0.0,0.15,0.0
5496,5.0,0.74,34.38,65.54,1.68,2.83,0.24,2.03,1.56,1.94
5497,11.13,6.43,35.01,73.83,3.15,2.16,3.04,4.1,2.56,1.29
5498,0.55,3.21,37.2,65.46,3.73,3.58,2.22,1.83,0.25,1.04
5499,7.38,3.52,51.66,42.35,4.96,1.95,0.81,1.98,2.9,0.97
5500,6.09,2.92,59.75,57.14,1.76,1.8,0.11,3.89,0.35,0.0
5501,3.42,6.33,55.45,62.21,1.51,3.25,0.96,1.59,2.39,0.11
5502,5.94,6.22,50.07,51.64,3.32,1.94,0.01,0.95,2.06,1.24
5503,7.23,4.54,81.26,84.78,6.16,2.45,2.76,2.06,2.84,0.0
5504,8.09,5.05,62.7,64.72,3.42,0.0,0.0,2.22,0.38,0.06
5505,4.47,7.34,29.47,55.18,7.45,0.0,0.69,2.49,3.19,0.0
5506,4.36,2.63,62.26,65.85,4.72,3.61,3.78,4.16,2.12,2.19
5507,8.41,4.06,25.82,58.53,4.39,1.14,1.17,0.0,2.33,0.0
5508,0.79,6.44,61.7,39.2,7.42,2.36,2.3,3.07,0.0,0.0
5509,7.2,1.62,31.58,51.96,4.22,3.3,0.0,2.49,0.94,0.62
5510,3.83,3.61,35.9,95.61,4.44,0.83,3.52,0.1,0.9,1.94
5511,9.85,6.23,43.28,65.64,1.45,3.06,0.0,2.04,0.45,0.0
5512,11.22,3.36,37.67,69.11,1.08,3.07,4.79,4.23,2.02,1.96
5513,4.55,0.39,72.79,44.05,3.17,1.95,2.74,2.84,0.37,1.37
5514,6.5,6.17,17.64,44.64,3.4,0.76,1.07,4.09,0.44,2.29
5515,7.38,4.47,31.59,62.81,2.47,1.74,0.77,2.35,0.0,2.57
5516,10.7,3.25,74.18,27.51,4.39,2.41,1.31,1.56,2.55,1.57
5517,8.27,3.82,43.98,42.66,3.65,3.04,1.25,3.17,3.52,0.0
5518,6.86,4.44,38.93,100.0,2.85,2.17,1.15,3.67,2.16,1.49
5519,0.58,1.69,52.95,56.46,1.55,2.19,3.41,1.33,3.2,1.14
5520,6.78,2.5,41.69,49.34,2.4,4.51,1.89,1.07,3.22,1.08
5521,7.4,5.98,36.11,49.03,1.47,1.3,2.18,0.0,2.74,0.99
5522,7.68,4.3,68.77,31.46,6.66,1.02,2.31,0.8,0.0,0.68
5523,9.05,7.2,49.48,78.86,3.95,0.46,2.46,3.39,1.61,0.0
5524,6.8,1.76,20.89,27.72,2.23,0.94,0.64,1.83,2.33,1.43
5525,2.9,2.71,68.75,59.34,2.29,0.91,2.47,2.19,0.55,0.57
5526,7.56,7.54,4.41,83.11,6.87,0.87,1.13,0.63,1.53,1.5
5527,5.07,6.27,48.99,64.34,2.98,0.29,1.03,1.35,1.76,0.67
5528,6.98,3.17,45.03,67.1,4.96,2.86,1.33,3.97,2.7,0.6
5529,9.6,5.11,38.74,67.92,6.46,0.66,1.78,3.56,2.02,0.03
5530,1.79,4.4,56.7,29.42,4.03,1.0,0.86,1.22,2.02,0.51
5531,7.32,4.04,50.36,52.84,3.39,3.18,1.78,3.59,0.0,0.96
5532,0.5,2.08,62.18,51.42,4.11,2.68,3.72,1.29,3.94,2.08
5533,7.69,1.54,69.96,70.62,2.92,2.65,2.58,3.33,3.03,1.45
5534,8.25,1.37,38.85,50.12,4.13,4.77,1.29,1.67,0.94,1.72
5535,3.31,5.29,41.29,49.29,3.79,0.11,1.29,3.62,4.55,1.08
5536,7.43,3.39,37.0,48.76,3.03,1.64,2.36,0.83,2.96,0.8
5537,6.5,4.35,25.91,68.07,2.0,0.8,1.44,0.55,0.14,0.91
5538,7.07,4.03,15.56,66.31,5.95,0.0,0.98,2.3,1.75,0.0
5539,8.26,3.43,53.93,46.53,4.0,4.41,1.82,0.76,3.4,1.3
5540,3.95,2.86,33.92,53.51,2.55,1.4,0.03,0.63,3.38,1.35
5541,5.03,2.96,51.68,73.92,3.34,0.25,1.33,3.52,2.19,2.6
5542,4.89,3.3,50.25,70.6,2.18,0.86,2.39,0.6,0.0,0.0
5543,5.66,6.82,61.29,45.14,6.65,2.77,1.77,1.78,1.35,1.81
5544,2.69,3.39,35.12,62.7,4.02,0.74,1.15,1.72,3.35,1.76
5545,0.97,0.93,38.04,69.25,1.32,0.0,0.63,2.91,1.91,0.89
5546,6.76,2.11,24.58,52.27,2.46,0.0,0.18,1.24,0.0,0.71
5547,1.84,3.32,15.49,70.54,3.08,1.92,3.14,2.36,0.99,1.94
5548,9.64,5.63,60.16,78.06,2.62,1.61,3.23,4.45,0.26,0.0
5549,0.5,2.6,48.89,30.59,7.35,2.49,3.35,1.86,0.81,0.48
5550,4.08,0.75,48.85,65.66,2.21,2.99,1.39,2.6,2.35,1.69
5551,4.47,3.9,36.12,61.71,1.47,1.24,1.66,0.23,1.57,0.0
5552,5.85,2.96,45.74,45.29,4.95,2.39,1.91,1.71,2.97,0.2
5553,7.1,6.27,66.91,53.4,4.86,2.05,0.0,2.47,1.59,0.88
5554,7.74,8.69,43.84,84.55,3.64,0.0,0.68,2.07,3.08,1.15
5555,0.67,4.41,46.24,56.23,3.61,0.57,0.25,1.14,1.51,1.09
5556,3.12,2.26,48.99,43.02,2.7,2.03,0.5,3.79,0.0,0.15
5557,6.39,1.78,54.76,42.55,1.37,2.75,1.16,4.23,1.44,0.36
5558,6.37,4.22,58.42,75.32,0.99,0.0,1.06,0.52,2.97,1.62
5559,6.78,5.74,51.05,63.6,1.26,0.54,1.32,2.06,1.65,1.73
5560,6.35,4.95,40.97,56.32,4.55,4.1,0.0,3.1,1.54,0.01
5561,10.26,5.31,50.89,66.03,3.6,1.88,2.8,1.34,1.6,1.0
5562,0.88,8.81,35.58,52.06,2.75,2.43,0.84,4.66,1.91,1.02
5563,10.85,2.64,81.22,50.97,3.88,8.04,0.93,2.0,1.27,0.0
5564,6.11,4.08,65.32,43.9,1.45,2.41,0.8,3.22,0.52,0.0
5565,8.47,5.81,59.28,70.69,2.3,0.58,2.92,4.23,1.42,1.2
5566,8.78,6.09,42.79,66.42,1.39,2.22,0.64,3.8,2.17,2.45
5567,0.5,0.81,41.48,66.63,4.51,2.95,1.51,3.57,2.28,0.54
5568,3.73,4.91,58.7,83.93,6.0,1.36,0.78,1.48,0.31,0.0
5569,4.27,3.65,40.02,49.51,2.78,1.03,2.34,0.0,4.6,2.14
5570,9.69,4.32,40.16,54.59,4.61,2.16,0.0,1.27,1.3,0.65
5571,5.97,3.45,70.72,57.79,1.84,2.74,0.66,2.3,4.52,1.82
5572,6.77,6.42,29.76,23.3,0.78,1.76,0.13,1.15,2.64,0.89
5573,7.13,2.45,72.32,47.26,2.44,0.84,0.73,1.37,2.29,0.05
5574,12.65,3.49,64.8,43.67,3.1,4.91,2.35,1.28,3.19,1.35
5575,10.08,2.78,53.14,36.65,3.41,2.32,1.98,3.13,1.22,1.45
5576,5.17,4.31,28.71,68.88,2.28,1.09,0.0,0.81,3.92,0.37
5577,6.98,4.76,35.21,27.07,3.87,3.43,1.29,1.89,2.66,0.57
5578,2.83,3.73,56.45,93.15,2.33,0.68,0.41,3.94,4.4,0.83
5579,7.33,4.71,47.53,68.03,5.1,1.7,2.02,3.54,0.92,0.1
5580,2.57,7.46,51.01,56.65,2.72,0.73,1.32,4.79,2.33,0.28
5581,10.53,0.49,25.91,61.83,5.15,1.69,2.83,4.63,4.54,0.36
5582,10.22,5.4,40.95,65.95,3.69,0.0,0.0,3.35,1.74,0.66
5583,0.96,4.89,39.56,67.38,4.5,3.63,0.56,0.0,4.01,0.0
5584,8.55,2.64,54.2,53.3,2.34,3.94,0.0,3.04,0.94,1.07
5585,4.05,3.47,40.58,51.12,4.4,0.47,0.0,3.69,0.0,1.16
5586,8.42,0.71,40.61,56.01,2.12,1.63,0.71,2.88,0.0,0.0
5587,6.77,3.34,46.52,57.1,2.91,1.25,0.31,3.31,3.28,0.1
5588,1.29,4.91,34.31,51.65,3.86,0.96,0.76,3.15,0.0,0.51
5589,6.18,1.32,50.95,48.46,4.12,3.15,3.44,0.0,1.09,0.65
5590,10.26,4.88,39.0,72.53,3.01,3.51,1.97,3.16,1.51,0.0
5591,7.8,4.25,42.98,70.37,4.65,1.13,0.38,3.92,1.85,0.0
5592,3.43,3.62,25.7,54.97,3.32,1.95,0.42,0.0,0.0,0.64
5593,5.29,4.96,35.62,58.6,5.63,1.77,0.9,0.0,0.21,1.99
5594,0.54,1.54,24.13,8.08,1.06,2.23,0.79,0.0,0.9,1.74
5595,8.1,0.99,17.32,45.94,7.1,5.3,0.72,2.22,2.41,0.0
5596,0.5,2.44,41.89,6.28,1.29,1.16,0.63,1.22,1.57,2.38
5597,3.1,0.0,37.47,64.18,6.4,5.81,0.0,2.2,0.18,0.0
5598,1.78,1.99,54.67,71.88,4.45,1.05,0.0,2.62,2.6,0.48
5599,4.02,1.53,41.19,66.9,3.79,0.26,3.71,1.44,0.6,2.07
5600,8.26,2.09,51.01,39.53,2.25,0.73,3.42,2.32,2.03,1.09
5601,5.38,7.06,29.86,53.4,3.93,2.2,1.33,3.76,0.0,0.0
5602,7.65,5.18,49.99,73.83,0.3,1.2,0.63,1.0,4.14,1.56
5603,6.69,1.62,55.41,63.94,5.38,1.34,1.29,2.12,2.53,1.83
5604,6.5,3.33,67.25,97.9,2.73,0.0,0.0,2.04,2.7,0.0
5605,9.51,1.93,34.5,43.47,1.03,2.55,2.4,2.28,1.5,0.15
5606,4.33,6.54,54.29,58.6,4.25,0.45,0.0,1.84,2.94,1.26
5607,2.22,3.06,32.69,85.91,2.26,0.22,0.4,3.8,1.53,2.21
5608,4.3,0.95,49.83,73.87,1.38,0.0,0.55,2.03,2.57,0.64
5609,3.32,5.71,56.61,21.21,3.24,1.73,0.0,0.95,2.72,0.0
5610,3.95,1.8,22.52,51.4,4.54,5.06,2.32,1.95,3.71,0.64
5611,5.56,3.93,45.64,42.56,2.25,0.0,2.06,2.73,1.56,0.0
5612,6.22,3.17,26.05,74.63,2.78,4.51,3.29,2.43,0.14,1.52
5613,3.42,3.69,38.34,17.68,3.11,3.71,1.31,1.67,2.45,1.8
5614,0.5,0.0,63.69,61.27,1.85,3.5,2.48,3.26,2.49,0.0
5615,1.75,1.24,39.19,51.28,2.4,3.24,0.89,6.09,4.6,0.52
5616,7.73,3.65,57.66,51.33,0.17,2.34,0.43,0.63,1.81,1.87
5617,8.42,4.37,56.58,17.27,4.62,2.43,2.25,0.0,1.49,2.02
5618,9.5,0.69,41.59,47.2,3.82,3.43,2.29,1.95,1.13,0.0
5619,7.17,4.14,57.21,48.08,2.84,3.45,1.6,2.61,5.57,0.8
5620,5.54,3.71,53.02,44.21,4.47,0.0,0.77,0.0,1.76,1.54
5621,6.56,0.3,42.53,91.3,4.46,0.69,1.92,0.0,2.45,1.21
5622,5.54,2.81,37.84,13.43,4.65,3.93,3.09,2.53,0.34,0.9
5623,6.93,5.54,45.26,35.8,0.39,0.44,0.0,1.71,0.47,0.75
5624,4.1,6.25,47.48,59.75,3.7,0.37,2.67,3.18,3.1,0.08
5625,9.24,1.05,49.27,67.19,4.32,1.42,0.0,1.5,1.17,2.41
5626,3.79,3.99,34.19,80.37,3.89,2.53,1.36,0.72,0.29,0.78
5627,8.98,2.71,45.75,47.4,2.72,2.88,0.0,0.0,2.39,2.67
5628,4.69,3.0,21.9,64.82,5.51,1.58,3.48,1.98,1.37,2.15
5629,6.22,6.35,50.82,17.77,3.03,3.66,3.16,2.64,3.51,1.1
5630,9.36,0.0,37.38,86.52,4.81,3.21,1.55,0.0,1.48,0.0
5631,5.37,6.16,54.07,57.13,4.16,1.4,0.81,0.0,0.97,2.83
5632,5.87,3.07,32.36,94.69,1.54,0.46,0.6,1.16,4.67,0.45
5633,6.21,5.87,23.24,65.02,6.82,0.29,0.73,2.79,1.86,1.71
5634,5.52,5.65,57.52,55.22,2.63,1.43,2.25,3.17,1.2,0.0
5635,4.13,7.16,48.68,79.14,3.53,2.41,0.0,0.55,2.62,0.29
5636,4.39,2.39,69.46,48.18,1.57,2.2,1.72,3.12,1.61,0.0
5637,5.97,1.05,50.31,60.61,3.97,3.33,0.0,0.15,1.62,1.72
5638,11.04,4.69,30.03,26.79,4.71,2.64,1.38,3.3,1.91,0.94
5639,8.1,5.77,45.4,69.91,1.54,2.84,1.65,2.41,0.24,0.12
5640,6.69,4.68,41.7,15.54,3.81,2.61,0.0,1.6,0.0,0.0
5641,6.69,4.61,14.57,48.62,6.36,2.72,3.81,3.21,0.89,0.35
5642,6.14,3.85,55.32,71.0,3.21,4.11,0.0,3.04,0.0,0.68
5643,9.17,2.51,9.45,45.15,2.17,1.56,2.73,2.14,2.52,3.28
5644,11.9,3.89,38.0,27.07,3.28,0.5,2.06,0.0,0.71,0.47
5645,10.54,2.66,26.18,47.64,0.0,2.26,0.0,1.67,3.06,0.93
5646,1.14,3.32,78.18,84.25,5.47,2.43,2.06,0.0,1.31,1.79
5647,5.8,0.64,36.21,84.67,2.5,2.63,1.65,3.3,2.29,1.58
5648,5.76,5.45,36.66,42.55,4.33,2.04,1.83,1.96,1.25,0.0
5649,8.92,2.96,50.89,87.47,1.54,1.6,1.25,2.07,4.37,0.99
5650,3.23,5.73,50.74,54.57,2.28,0.0,2.76,2.3,1.83,1.19
5651,7.78,4.63,51.8,76.64,1.69,2.94,1.96,2.07,1.46,0.83
5652,4.22,0.0,43.18,38.7,3.95,1.96,4.3,1.59,2.3,0.63
5653,7.01,5.55,61.05,62.17,3.63,2.54,1.41,1.41,1.22,0.79
5654,3.5,1.74,29.08,78.64,4.53,0.86,2.82,3.17,2.8,0.47
5655,4.83,5.46,45.74,40.14,3.07,1.42,0.29,0.6,0.44,1.89
5656,7.45,3.64,37.85,52.4,4.22,3.99,0.73,1.29,3.59,1.42
5657,2.33,6.67,51.66,62.0,3.52,4.44,0.0,1.53,4.19,0.11
5658,13.4,3.1,25.32,82.99,2.02,2.12,1.16,3.03,2.22,1.55
5659,0.5,5.42,37.48,72.38,3.28,1.04,0.91,1.73,2.16,0.12
5660,3.58,5.14,34.95,58.67,2.22,3.8,0.93,1.47,2.01,0.73
5661,10.69,3.06,64.69,69.86,3.55,4.75,3.12,3.92,1.68,0.0
5662,9.4,3.27,39.15,78.0,3.57,6.48,0.76,0.0,1.98,0.97
5663,5.92,2.31,46.27,30.2,3.53,1.82,1.02,2.24,0.69,2.23
5664,7.2,6.3,55.55,38.59,2.37,0.0,2.8,2.66,2.31,2.59
5665,3.05,5.13,36.44,55.82,6.87,3.39,3.92,0.91,2.02,1.35
5666,8.06,5.78,19.02,41.62,2.55,1.68,1.05,1.26,0.55,0.0
5667,5.12,4.46,33.49,76.51,4.35,1.12,1.69,3.18,2.55,0.0
5668,1.11,2.51,31.14,57.32,1.38,1.73,1.67,1.33,1.07,0.07
5669,8.04,2.91,36.73,50.32,3.95,0.0,0.0,2.28,3.37,0.68
5670,14.46,2.01,39.65,51.75,0.04,0.0,0.0,2.65,3.33,3.33
5671,9.79,4.23,40.18,36.08,1.81,1.2,1.38,2.51,2.33,2.01
5672,13.36,1.08,39.44,50.96,2.54,4.55,3.03,0.0,1.53,2.22
5673,3.91,4.5,29.4,85.69,2.37,2.85,1.73,0.28,2.78,1.41
5674,0.5,2.41,10.05,37.98,2.4,4.06,2.12,3.28,1.21,2.53
5675,3.53,3.26,27.54,48.44,2.9,3.28,1.95,3.51,1.03,0.46
5676,12.65,7.59,30.54,70.75,4.27,0.96,1.83,1.14,2.96,0.07
5677,1.15,0.4,46.03,65.3,2.93,2.79,3.66,2.4,2.95,2.32
5678,4.8,6.58,57.49,70.06,2.36,3.41,0.42,1.37,3.51,0.04
5679,9.74,2.48,46.99,37.73,3.76,0.68,1.13,0.57,1.08,2.72
5680,10.46,3.86,25.26,87.23,3.07,3.04,0.55,3.42,4.77,1.0
5681,9.05,5.34,47.19,68.51,7.77,1.75,2.25,2.31,1.39,0.0
5682,3.06,4.31,81.47,73.7,4.07,1.83,0.0,4.35,1.32,1.44
5683,10.42,3.81,42.72,59.46,3.12,0.71,1.58,0.0,0.59,0.0
5684,5.14,5.33,26.73,58.53,7.06,2.2,1.71,1.04,0.0,0.76
5685,4.93,2.9,23.78,81.61,2.57,2.13,2.96,1.99,0.61,0.0
5686,10.69,6.03,38.67,61.96,4.88,0.0,2.72,0.72,1.81,0.88
5687,5.06,5.78,43.15,67.04,1.09,1.27,0.41,1.59,1.59,1.64
5688,8.25,4.03,26.25,46.12,1.79,0.0,1.89,0.37,0.03,0.5
5689,7.68,4.06,43.76,49.5,3.58,0.0,1.1,0.88,0.0,0.27
5690,8.05,5.69,42.71,29.81,4.37,4.9,1.88,1.48,0.54,0.0
5691,7.78,2.19,75.04,43.52,1.79,0.63,0.85,1.56,0.01,0.04
5692,5.83,3.22,55.01,66.8,5.31,1.62,2.48,4.27,3.11,0.2
5693,4.3,5.13,66.73,58.36,3.71,0.0,0.0,1.81,2.36,0.33
5694,0.5,3.63,39.79,92.54,4.03,2.69,1.12,2.2,4.04,0.3
5695,11.83,10.43,56.62,55.17,4.51,1.32,2.21,0.0,1.51,0.68
5696,10.23,1.42,42.68,40.62,0.85,1.46,2.16,0.21,1.55,1.07
5697,5.27,0.86,51.7,58.24,5.64,0.26,0.0,2.32,3.09,2.2
5698,4.47,6.11,39.82,40.69,4.05,1.96,0.44,0.75,0.0,0.04
5699,4.11,6.36,38.37,98.83,1.08,2.98,1.73,2.0,2.1,0.67
5700,4.46,6.65,45.2,43.87,4.87,0.0,1.99,1.97,1.53,0.0
5701,7.44,4.54,44.66,78.09,3.41,2.4,0.0,0.56,4.16,0.88
5702,3.87,4.45,80.7,54.97,0.62,1.4,2.56,1.47,0.02,1.35
5703,3.68,7.06,47.89,29.43,2.96,0.81,2.7,0.0,3.97,2.5
5704,12.58,6.48,38.61,45.44,4.91,0.43,2.08,3.92,1.93,0.31
5705,6.83,3.39,36.68,41.39,4.77,2.38,0.46,0.0,2.06,0.0
5706,8.57,1.1,42.41,11.11,2.1,1.56,0.0,1.26,0.97,0.63
5707,6.15,7.52,24.55,91.88,3.07,0.75,0.13,2.22,2.13,0.0
5708,8.95,2.9,50.66,35.08,1.57,3.65,0.2,0.92,1.1,1.43
5709,3.79,4.05,89.74,60.41,4.42,3.99,1.81,4.42,4.86,2.09
5710,7.99,4.82,41.54,44.41,3.75,3.86,2.88,3.31,1.94,1.33
5711,7.02,2.2,44.08,57.61,1.32,1.93,0.3,1.16,3.51,0.0
5712,8.33,3.93,34.46,44.73,5.0,2.03,0.52,4.77,0.38,0.0
5713,3.25,3.64,34.05,17.91,3.51,1.48,2.27,4.17,0.0,0.71
5714,8.49,0.91,28.79,46.8,2.2,0.0,1.12,0.0,2.72,1.03
5715,12.36,6.92,66.38,76.03,6.25,0.0,0.77,2.75,0.0,1.28
5716,5.59,2.19,54.27,81.02,1.35,1.05,2.12,1.65,1.51,1.11
5717,5.56,1.96,26.49,85.68,6.87,0.02,4.5,1.01,2.27,1.38
5718,4.09,0.84,53.38,12.63,3.24,1.38,1.52,0.84,3.91,1.51
5719,9.75,8.04,42.57,68.54,5.14,1.84,2.11,4.76,1.67,0.0
5720,0.5,7.68,45.6,66.92,2.96,2.27,1.54,4.63,2.33,0.99
5721,4.03,6.87,50.26,57.54,0.0,2.34,0.0,3.45,2.08,0.09
5722,7.62,5.32,39.38,48.0,1.55,0.02,0.22,1.9,3.13,0.55
5723,4.93,3.39,64.15,69.82,5.02,3.59,2.84,0.0,1.81,0.8
5724,7.45,3.03,64.58,37.0,4.09,1.57,2.28,1.61,1.22,0.88
5725,2.25,4.73,63.72,48.2,0.9,3.22,0.9,2.96,0.0,0.0
5726,7.7,7.05,46.53,26.59,4.4,3.45,2.49,1.2,0.71,0.0
5727,3.45,3.86,54.85,38.83,1.1,1.1,2.37,1.82,1.64,1.87
5728,4.31,2.75,61.12,87.49,4.87,2.75,3.0,1.79,0.0,0.0
5729,9.29,7.13,17.68,70.9,1.29,1.85,0.77,2.93,1.24,0.6
5730,8.69,4.75,68.47,50.2,2.68,1.47,0.26,0.55,1.63,0.4
5731,8.2,4.54,22.95,62.27,2.59,0.0,1.58,0.24,1.07,1.15
5732,16.85,5.66,31.23,33.28,4.37,0.86,0.88,0.41,1.22,0.0
5733,6.21,2.41,33.12,29.11,4.67,3.34,1.23,1.58,2.15,1.54
5734,8.51,2.45,53.99,56.16,2.07,3.66,0.21,1.46,1.61,0.13
5735,7.44,8.69,37.39,79.2,5.04,0.37,3.11,0.37,2.48,1.17
5736,10.34,6.7,29.4,26.43,3.18,4.13,1.79,1.62,0.0,2.75
5737,7.15,1.61,22.99,100.0,1.65,1.71,2.34,2.95,0.86,1.02
5738,3.14,2.94,22.41,58.05,4.19,0.0,0.17,0.76,2.96,0.07
5739,3.31,4.75,59.42,69.87,6.13,3.62,1.63,2.88,1.21,0.0
5740,9.84,1.0,37.29,72.38,5.03,0.97,2.61,2.18,4.14,1.29
5741,2.75,2.88,82.68,82.86,3.44,3.03,0.11,0.0,2.73,1.17
5742,0.95,4.72,22.82,59.67,3.37,2.75,2.38,0.91,1.21,0.51
5743,10.48,1.75,47.1,57.05,3.38,2.06,0.23,0.96,2.32,1.22
5744,4.45,3.67,48.57,64.97,2.67,1.79,0.05,2.3,2.79,0.86
5745,4.84,2.19,25.53,77.98,2.16,0.0,2.09,2.19,4.56,0.99
5746,5.72,5.58,72.96,59.16,6.64,3.31,2.48,0.54,1.65,0.07
5747,1.99,6.66,53.23,66.14,1.65,4.3,2.15,3.56,0.4,0.0
5748,3.57,4.15,73.59,60.64,0.93,0.71,0.0,0.0,2.93,1.78
5749,9.07,0.0,60.88,45.57,3.46,3.44,3.06,0.63,1.28,0.72
5750,3.86,1.93,50.77,84.05,1.47,2.39,1.85,3.65,0.0,0.0
5751,9.45,4.02,42.69,67.81,2.59,1.24,1.74,1.52,1.59,1.39
5752,7.59,0.04,81.4,28.89,5.19,3.19,1.16,1.59,3.18,0.0
5753,10.62,0.72,59.06,49.25,1.61,0.98,2.34,2.14,0.96,1.67
5754,5.86,2.71,47.4,52.48,5.19,1.39,1.28,0.0,3.05,0.26
5755,9.95,3.52,51.63,39.9,0.96,3.87,0.0,3.32,1.89,0.4
5756,7.93,7.99,61.77,78.86,3.57,1.5,1.52,1.69,5.41,1.62
5757,4.42,0.0,16.19,30.0,2.93,4.07,0.2,2.32,1.84,2.46
5758,5.56,3.03,48.9,71.82,3.05,1.28,1.4,0.0,2.2,0.18
5759,4.61,4.77,19.99,58.26,4.72,3.19,1.06,4.68,1.91,0.99
5760,5.99,3.15,67.99,32.07,5.24,0.32,2.64,1.0,2.66,0.2
5761,12.9,8.78,70.75,41.27,4.85,1.48,0.91,1.35,0.18,1.28
5762,6.63,4.11,30.08,34.12,0.19,0.26,2.54,2.12,2.06,2.22
5763,9.23,3.5,33.59,92.6,3.85,2.15,2.35,0.0,4.01,1.04
5764,8.54,4.39,41.3,31.4,6.83,2.39,3.12,0.94,3.74,1.15
5765,0.5,2.18,54.51,56.4,3.96,1.33,0.07,2.34,3.23,1.5
5766,5.86,3.13,23.99,37.58,3.37,2.99,2.33,0.42,0.0,0.05
5767,3.21,1.62,36.07,42.09,3.52,0.0,0.24,0.0,3.06,1.13
5768,10.36,4.82,56.33,49.16,2.4,0.45,2.2,1.98,0.3,0.0
5769,12.31,4.14,50.94,45.05,3.91,0.17,1.24,1.68,2.39,0.0
5770,7.89,2.33,46.68,69.07,2.9,0.82,2.8,3.99,3.29,1.2
5771,3.69,5.65,41.36,36.41,1.39,2.07,0.0,3.45,0.71,1.09
5772,4.38,4.44,67.88,12.26,4.95,2.68,1.87,1.51,0.0,0.84
5773,0.84,2.36,50.0,31.89,3.5,0.23,0.5,1.55,1.87,1.53
5774,5.79,5.56,47.55,70.24,3.65,2.07,3.09,2.52,2.81,0.96
5775,7.49,4.07,66.36,55.54,3.59,3.53,0.93,1.97,2.38,0.23
5776,2.67,5.58,45.19,33.55,1.2,3.39,0.0,4.64,1.52,0.29
5777,4.86,2.37,45.64,42.45,2.71,0.0,0.16,2.77,1.81,0.46
5778,6.67,0.0,46.14,39.06,3.12,2.07,1.2,0.92,1.83,1.54
5779,5.81,5.91,43.52,64.13,2.3,1.84,1.11,1.96,0.57,1.29
5780,7.14,3.66,42.05,46.38,1.04,1.45,0.68,2.28,3.44,0.0
5781,4.8,4.09,8.98,61.0,3.03,0.0,1.23,4.27,2.2,0.71
5782,8.47,3.0,55.26,68.35,2.74,1.44,2.02,1.52,0.63,0.44
5783,8.89,3.3,41.56,20.59,1.65,3.3,1.95,0.64,1.36,3.43
5784,1.69,2.17,63.26,62.87,1.54,2.23,1.29,4.13,1.84,2.53
5785,8.55,5.41,20.61,74.63,4.26,0.84,1.03,1.61,3.88,0.17
5786,2.83,2.96,42.76,93.78,4.65,3.52,2.65,0.72,2.26,0.72
5787,9.9,2.69,47.39,71.92,3.65,0.0,1.99,0.0,2.7,0.95
5788,4.96,5.73,31.83,27.23,1.59,4.19,0.0,1.69,1.49,0.66
5789,7.51,7.38,29.81,83.43,1.74,3.34,2.96,3.13,0.88,0.81
5790,6.06,3.98,29.86,84.28,3.3,0.13,1.41,1.13,0.0,1.6
5791,6.71,3.04,53.41,40.71,3.45,3.01,1.19,1.1,1.99,1.33
5792,4.94,0.31,61.17,69.53,5.23,2.7,2.55,0.0,2.57,0.59
5793,6.64,4.84,44.02,38.72,2.42,0.0,0.26,1.36,0.0,1.0
5794,7.15,6.43,34.98,80.89,4.26,2.53,3.18,2.27,2.61,0.67
5795,3.66,6.47,36.05,70.05,3.83,0.9,0.0,4.76,0.0,0.39
5796,9.63,7.89,46.34,54.14,2.47,2.59,1.8,1.36,1.96,0.98
5797,3.48,5.85,59.81,31.13,4.44,2.95,2.29,2.24,1.57,0.22
5798,6.34,3.73,37.9,45.35,3.06,0.0,0.63,0.0,0.89,1.16
5799,4.73,5.0,37.97,48.4,5.23,1.83,1.7,3.26,1.39,0.12
5800,7.72,3.43,14.27,45.41,0.12,0.31,1.29,1.42,0.0,0.98
5801,2.61,2.63,54.05,87.61,4.36,1.0,0.55,0.0,2.85,0.06
5802,4.46,4.0,44.06,62.73,4.52,0.34,1.87,2.7,0.84,1.52
5803,4.64,3.26,34.51,44.89,1.98,2.68,2.22,1.66,0.16,0.48
5804,10.28,4.37,30.66,85.41,5.03,0.85,0.98,1.87,2.1,0.14
5805,8.23,6.33,48.31,66.3,2.44,1.71,1.2,4.48,2.77,0.65
5806,8.59,5.49,34.32,67.0,6.1,0.35,2.04,1.78,0.88,1.66
5807,7.83,2.14,33.64,59.57,2.89,4.99,0.39,1.41,0.95,1.16
5808,12.96,1.89,55.31,47.98,4.68,1.22,1.21,0.0,1.55,0.54
5809,3.94,3.2,50.79,57.03,5.0,1.21,0.9,2.65,0.67,1.41
5810,2.41,4.53,42.22,34.62,3.74,2.68,0.0,0.35,1.58,1.23
5811,7.94,4.83,53.19,56.53,3.1,1.08,1.63,2.29,0.89,0.77
5812,2.31,4.26,39.65,51.89,3.99,0.0,2.98,3.83,2.87,1.44
5813,3.43,1.22,29.57,59.21,6.53,2.63,3.4,1.37,0.97,0.05
5814,7.79,5.43,22.54,35.44,3.76,2.78,2.23,1.72,0.0,1.22
5815,8.58,7.35,33.82,47.83,2.36,0.29,1.57,2.63,0.15,2.97
5816,3.42,5.62,43.18,43.91,4.74,1.96,4.64,2.28,1.92,0.55
5817,8.25,7.15,43.7,33.85,4.38,1.9,1.46,4.04,1.17,1.46
5818,7.08,6.4,54.91,69.39,4.07,2.93,1.31,3.4,0.73,0.0
5819,6.01,1.77,45.04,37.24,3.16,2.08,2.9,1.21,1.52,1.16
5820,2.1,5.3,48.42,84.08,3.26,2.18,1.71,3.36,4.5,1.23
5821,7.95,6.65,53.63,54.14,3.97,1.91,3.11,2.73,0.72,0.41
5822,3.77,2.74,54.74,72.33,3.5,1.81,3.96,1.1,1.66,0.0
5823,7.07,7.05,29.17,37.5,4.62,3.51,3.71,3.49,0.33,0.12
5824,3.1,2.09,21.67,70.33,2.47,1.97,0.1,1.91,4.44,1.14
5825,5.09,1.82,26.97,51.46,0.59,4.12,1.15,3.19,4.28,0.11
5826,5.01,2.34,18.6,60.66,2.65,2.98,2.71,1.81,2.81,0.65
5827,2.75,6.48,62.63,74.7,1.98,0.33,1.34,2.31,3.69,1.24
5828,8.74,2.47,40.76,11.79,5.42,2.98,2.94,0.39,1.78,2.15
5829,5.14,3.97,33.37,63.31,1.93,0.0,1.39,2.41,2.37,0.0
5830,6.93,4.99,36.45,83.84,1.54,0.0,0.0,3.13,1.73,2.01
5831,5.73,2.49,51.25,45.98,4.67,1.19,2.67,3.04,1.61,0.0
5832,9.16,2.89,51.58,50.84,3.66,1.81,0.97,0.56,2.22,1.59
5833,3.89,6.44,33.23,51.16,4.43,1.46,1.95,2.31,0.38,0.0
5834,4.92,2.81,54.24,48.45,4.35,3.89,2.34,3.1,1.39,0.0
5835,3.39,6.1,42.23,79.44,3.97,3.44,4.51,3.19,5.07,0.0
5836,3.4,6.0,33.54,74.35,4.6,1.53,2.32,3.69,0.46,0.54
5837,6.56,2.2,56.03,39.89,4.51,0.12,1.39,2.72,0.89,2.12
5838,4.68,6.69,42.4,97.67,1.67,1.1,1.42,3.44,4.48,0.98
5839,7.79,2.82,51.78,73.07,2.9,1.16,1.39,0.0,0.97,1.2
5840,9.66,4.11,29.45,61.47,5.35,0.82,2.18,0.76,2.4,1.39
5841,1.37,8.04,43.24,55.45,0.3,5.32,0.92,1.13,3.03,0.72
5842,5.18,6.61,63.31,51.91,4.7,0.23,2.42,4.06,1.22,1.61
5843,6.59,4.3,28.86,52.85,5.3,3.3,2.65,0.3,3.12,1.72
5844,1.7,3.17,38.28,51.14,3.03,1.28,3.91,4.58,2.14,1.15
5845,8.07,4.65,72.79,1.64,2.15,1.21,1.6,2.34,3.32,1.16
5846,6.22,5.84,20.83,65.57,4.65,2.89,3.22,0.0,3.78,0.98
5847,12.73,4.89,49.32,16.95,3.8,2.26,3.88,1.4,1.62,1.44
5848,1.86,0.0,67.75,76.31,5.13,1.22,3.06,3.85,1.85,1.04
5849,7.62,3.51,47.36,40.52,3.07,3.34,1.92,3.68,0.0,0.0
5850,0.5,1.49,55.9,79.45,4.45,2.11,2.06,0.14,3.99,0.39
5851,7.37,8.3,56.46,79.19,6.28,0.74,1.58,4.76,3.06,0.55
5852,1.31,4.72,45.91,26.9,4.97,2.45,1.95,3.11,0.0,0.23
5853,4.51,3.89,57.61,43.64,3.86,0.0,3.35,0.97,0.72,1.69
5854,3.05,0.0,46.22,40.04,5.39,0.22,1.37,1.41,3.64,0.3
5855,0.5,3.84,52.4,66.66,5.21,2.93,0.09,1.64,0.0,1.63
5856,5.31,4.29,35.42,55.17,1.82,0.0,2.12,0.0,2.42,1.13
5857,7.12,2.82,3.93,59.31,7.84,2.53,3.35,2.86,3.54,0.0
5858,3.91,0.0,36.88,56.56,3.26,0.0,2.94,0.89,2.27,1.25
5859,6.26,3.9,67.27,42.11,2.33,3.78,0.1,1.3,3.79,0.0
5860,6.66,0.7,53.99,52.42,1.35,0.65,2.41,2.79,1.1,0.9
5861,1.98,5.4,47.4,46.81,4.22,1.27,1.99,3.12,2.76,1.74
5862,9.67,2.98,30.85,30.22,3.18,1.49,1.62,1.97,3.46,2.29
5863,5.87,5.27,12.48,58.34,2.98,0.85,2.34,0.43,1.56,1.03
5864,2.71,6.38,37.02,33.86,4.43,1.45,0.86,1.74,0.61,1.54
5865,9.56,3.92,45.08,29.99,1.76,3.35,1.19,0.0,2.83,1.54
5866,8.93,5.28,50.12,51.3,2.9,3.04,1.49,0.93,3.14,1.22
5867,5.73,6.41,55.27,44.57,2.8,1.03,1.37,2.0,1.99,0.0
5868,7.59,1.21,24.91,83.79,2.15,1.72,2.82,1.15,3.72,0.0
5869,0.5,4.75,76.7,16.36,1.84,2.54,0.9,2.78,1.79,1.82
5870,8.62,2.55,25.67,60.86,2.19,2.3,1.01,0.91,2.55,1.31
5871,3.43,3.68,55.73,78.28,5.5,2.46,1.62,3.27,1.47,0.21
5872,2.05,4.7,5.47,32.21,4.1,3.52,0.12,2.65,0.0,1.25
5873,1.06,4.25,40.66,80.27,2.82,3.07,1.7,2.31,1.78,0.95
5874,6.31,5.88,51.18,62.1,6.89,1.94,0.23,2.14,1.65,0.0
5875,8.57,3.44,35.88,62.19,3.35,2.82,1.8,2.88,0.11,0.96
5876,5.81,3.06,22.13,37.21,4.62,3.73,2.75,2.24,1.61,0.66
5877,7.46,3.75,51.2,100.0,4.83,4.12,3.09,2.28,3.1,0.0
5878,4.87,3.3,27.35,100.0,4.15,3.78,0.62,0.0,0.0,0.72
5879,8.32,0.51,34.79,72.55,1.22,2.11,2.74,2.65,0.66,1.1
5880,6.6,5.5,25.59,64.5,2.83,2.0,0.32,2.19,3.37,1.54
5881,5.11,5.27,50.62,60.21,4.91,3.14,3.91,1.89,4.53,0.01
5882,7.98,1.95,51.82,39.69,5.24,1.84,1.77,2.92,1.16,0.85
5883,1.68,4.2,43.52,51.31,1.15,2.09,0.66,0.57,0.79,0.03
5884,9.66,8.41,49.57,57.72,2.84,2.72,2.66,0.9,3.87,0.77
5885,5.5,3.94,40.55,35.67,3.47,0.81,0.13,4.11,1.53,1.14
5886,1.52,3.38,40.75,100.0,1.07,2.92,0.0,2.27,0.93,0.0
5887,6.29,1.31,56.06,62.23,4.17,2.67,0.66,0.0,1.2,1.87
5888,10.46,1.82,62.61,26.69,1.05,2.14,1.12,0.0,1.98,2.13
5889,6.32,4.94,48.17,39.95,2.82,1.61,1.02,2.72,3.54,0.6
5890,5.26,4.07,23.76,35.48,3.63,1.05,0.0,0.93,1.95,3.78
5891,5.89,3.03,47.68,53.13,4.12,1.05,0.88,0.0,0.58,0.0
5892,3.95,3.91,50.56,46.62,4.96,0.02,3.21,0.32,1.87,0.76
5893,3.51,2.0,38.53,48.69,6.09,0.73,1.59,0.67,0.23,1.03
5894,4.78,2.6,53.31,11.47,0.67,5.31,1.68,3.24,0.94,1.21
5895,7.24,8.02,64.15,25.13,2.78,2.62,2.59,2.1,0.8,0.18
5896,12.23,7.21,41.65,70.41,4.93,0.56,2.17,0.49,0.5,0.71
5897,5.68,0.4,36.85,81.18,0.51,0.0,2.44,1.4,1.93,0.0
5898,0.5,1.88,23.36,55.49,4.06,1.24,1.93,3.38,0.89,0.38
5899,6.24,4.24,47.91,47.81,2.09,4.43,3.27,1.99,0.0,1.02
5900,9.68,3.57,38.86,31.65,5.38,2.27,1.9,1.61,1.29,1.62
5901,4.7,3.36,39.58,43.82,4.41,2.97,0.0,2.72,0.0,0.12
5902,0.92,5.47,26.47,74.31,3.02,3.17,0.0,4.43,1.32,0.0
5903,4.03,4.49,45.33,45.21,2.28,1.39,0.5,2.33,0.21,0.71
5904,8.76,2.01,54.27,59.65,2.55,1.19,0.29,2.59,2.64,0.3
5905,5.21,0.0,49.61,43.32,3.86,0.26,1.04,0.0,3.71,1.09
5906,0.5,3.72,39.68,46.95,3.48,0.83,0.39,2.7,0.42,0.87
5907,11.02,6.33,55.07,81.75,1.38,1.4,1.85,1.68,2.2,1.06
5908,5.81,5.26,48.9,28.82,3.58,0.0,3.45,2.24,3.85,1.03
5909,6.16,4.33,51.87,56.48,3.13,2.01,2.72,0.15,1.66,0.22
5910,4.5,3.17,48.82,36.15,3.1,2.23,0.81,0.0,2.36,0.78
5911,1.32,3.88,28.99,65.29,4.19,2.71,0.32,2.21,0.15,1.45
5912,6.52,0.0,36.38,47.72,2.68,1.23,2.79,0.03,0.94,1.1
5913,2.94,6.96,25.12,47.18,4.12,0.57,1.01,0.26,1.12,0.27
5914,7.85,4.46,39.65,50.35,4.94,0.9,0.82,4.02,0.0,0.63
5915,2.27,2.41,66.24,44.05,3.34,2.08,2.28,0.79,5.24,0.37
5916,3.89,4.86,19.8,43.44,5.62,3.57,1.53,1.59,3.92,1.83
5917,6.17,4.37,51.57,57.45,2.8,0.0,2.36,4.23,1.11,1.35
5918,4.84,3.01,43.4,52.39,2.83,1.8,1.06,1.51,1.0,1.66
5919,7.01,2.39,50.27,57.75,6.61,2.05,2.3,4.44,1.32,0.39
5920,2.6,4.41,57.99,69.14,5.05,3.27,0.12,1.43,1.46,0.27
5921,4.64,5.3,38.9,27.78,2.73,0.27,0.0,0.66,2.83,1.7
5922,9.76,1.04,70.33,62.27,2.01,1.28,1.84,0.58,3.09,0.56
5923,2.51,3.3,44.54,51.33,1.22,0.67,0.09,2.72,2.22,0.31
5924,3.19,6.17,43.67,70.85,4.36,2.18,1.74,2.33,3.16,1.43
5925,3.48,0.0,61.1,61.25,4.02,0.89,3.04,1.46,1.62,0.84
5926,4.29,4.61,56.06,81.12,0.58,2.8,0.72,2.86,0.0,0.0
5927,3.45,2.6,44.75,59.9,5.94,0.29,0.62,0.0,1.57,0.29
5928,7.78,5.74,42.99,64.33,2.68,4.93,2.23,2.02,0.48,1.35
5929,0.5,4.0,56.03,82.89,1.23,4.02,1.07,4.46,1.38,0.41
5930,1.56,3.83,35.85,65.3,3.93,4.75,2.32,2.15,0.89,0.0
5931,6.62,3.82,56.29,65.85,0.0,1.93,1.86,2.03,1.38,0.41
5932,4.46,1.67,50.58,64.4,2.06,4.12,3.09,2.41,0.49,1.62
5933,6.1,4.45,37.42,68.55,3.92,0.0,2.94,1.35,1.26,2.09
5934,6.75,0.0,21.23,100.0,3.92,2.78,2.34,0.0,0.0,0.13
5935,6.28,2.65,51.84,40.74,2.11,3.05,0.96,5.41,1.31,0.95
5936,7.17,4.44,43.99,61.46,4.06,2.32,1.62,5.58,3.63,0.85
5937,5.9,5.64,25.02,46.97,4.53,1.6,2.59,2.59,1.55,0.0
5938,8.77,3.56,57.45,50.02,1.94,7.41,1.02,0.32,3.58,0.12
5939,6.08,3.03,10.37,71.22,1.19,1.5,1.68,2.65,0.0,1.36
5940,9.93,2.67,56.68,77.72,5.58,1.91,1.27,0.96,1.55,0.59
5941,6.98,4.59,34.83,46.3,3.09,3.26,2.94,2.2,0.1,0.39
5942,3.17,2.38,33.64,39.13,3.97,1.24,1.74,1.71,0.66,1.05
5943,3.77,7.59,51.54,44.42,1.31,3.23,3.73,2.26,1.37,0.18
5944,1.64,2.4,53.43,43.17,3.06,1.96,0.69,3.85,3.21,0.41
5945,5.15,6.94,45.73,32.26,3.51,3.8,1.88,2.35,3.72,0.0
5946,7.13,5.94,15.92,27.65,3.9,1.99,0.5,1.19,3.03,1.55
5947,9.3,2.97,45.9,45.04,4.91,1.96,4.05,4.07,1.56,0.01
5948,6.42,5.65,26.93,46.02,2.55,0.0,0.47,3.52,3.14,0.9
5949,7.5,7.52,48.46,100.0,5.66,2.65,4.66,1.68,0.3,0.39
5950,5.29,4.38,36.23,19.6,4.85,4.97,1.91,1.0,0.08,0.88
5951,5.25,4.14,56.39,43.68,4.51,2.9,0.67,4.04,2.31,0.0
5952,3.0,2.22,31.73,57.81,1.45,2.95,1.5,1.98,0.0,1.31
5953,1.8,1.49,46.39,72.63,3.28,1.23,2.23,1.62,0.74,1.28
5954,4.47,3.24,58.99,43.75,4.34,0.19,1.36,0.58,2.26,0.58
5955,3.39,3.62,92.45,40.57,2.59,1.41,0.0,2.04,1.22,1.71
5956,5.12,3.74,37.89,35.44,2.64,1.93,0.0,0.0,3.29,1.27
5957,9.99,2.57,44.23,67.87,1.35,0.0,0.75,2.27,1.44,0.73
5958,11.86,4.04,58.22,70.16,6.55,0.1,0.0,2.85,1.33,0.88
5959,6.51,3.46,57.52,74.99,0.93,4.85,0.57,1.89,0.61,0.77
5960,5.42,7.21,8.94,70.33,2.57,1.26,1.47,0.83,4.34,2.27
5961,6.49,5.72,33.43,28.44,5.67,3.51,0.22,1.7,0.0,0.0
5962,6.31,7.62,35.89,47.98,1.5,2.78,1.97,2.38,2.27,1.7
5963,8.89,7.59,46.37,88.64,1.22,1.83,1.52,3.34,2.09,0.75
5964,2.82,5.56,11.51,60.18,1.62,0.03,1.2,2.85,0.0,1.06
5965,7.61,4.95,13.02,69.36,1.3,2.23,1.17,0.74,4.95,0.84
5966,5.5,5.14,28.29,74.11,2.17,4.11,3.75,2.24,2.16,2.08
5967,8.75,5.97,57.51,68.68,1.46,1.34,1.05,2.48,1.68,1.12
5968,7.94,6.11,31.93,90.88,2.65,1.5,0.44,4.36,1.51,0.0
5969,4.13,6.63,54.76,74.75,3.87,0.0,1.34,3.14,3.07,0.78
5970,5.32,6.79,55.15,54.96,2.22,1.07,0.0,1.8,0.94,0.14
5971,6.59,7.76,44.71,81.43,4.86,0.2,1.22,3.97,0.85,1.19
5972,11.61,9.28,49.48,49.12,2.57,0.0,1.81,5.72,0.71,1.32
5973,3.3,1.79,18.05,21.15,4.73,1.28,3.4,2.87,2.87,0.75
5974,3.51,4.33,54.79,68.06,4.08,0.26,1.37,3.09,3.15,0.0
5975,0.5,1.87,44.27,68.15,4.59,0.8,0.0,1.35,3.28,1.71
5976,2.08,4.92,35.65,52.75,3.86,0.0,1.36,2.05,0.0,0.0
5977,5.66,4.02,45.13,65.26,2.33,3.23,1.38,0.77,0.94,0.94
5978,5.66,2.67,57.49,33.97,1.24,0.98,0.0,2.39,0.32,0.55
5979,2.77,6.14,25.51,65.16,4.28,2.7,2.15,2.19,2.14,0.0
5980,4.59,2.71,5.63,25.64,6.23,2.97,2.89,2.62,1.3,1.52
5981,4.25,1.72,45.43,46.07,5.91,2.93,0.42,3.55,0.0,0.0
5982,6.0,3.72,43.01,53.3,1.88,2.2,1.1,0.46,1.52,1.83
5983,5.65,2.81,64.52,58.85,2.24,0.0,0.16,2.98,0.38,0.12
5984,5.1,3.68,86.2,51.84,5.44,2.71,0.26,2.09,3.35,0.45
5985,5.96,6.83,33.67,100.0,3.8,0.0,1.07,5.42,2.08,2.06
5986,9.24,8.59,37.41,49.85,2.39,0.0,1.91,2.27,0.0,1.21
5987,5.82,3.26,31.4,17.43,3.21,1.69,0.0,4.03,1.84,1.09
5988,4.08,6.38,54.48,65.16,6.28,0.62,2.75,3.95,0.82,0.49
5989,9.18,2.8,30.59,31.98,5.46,3.53,2.22,1.29,0.0,1.07
5990,7.83,2.75,43.73,51.9,3.65,4.71,0.67,2.3,0.0,0.0
5991,6.68,6.54,48.18,59.06,2.68,2.36,1.32,2.13,0.0,0.01
5992,7.49,3.62,36.32,46.74,3.15,1.39,0.55,3.02,1.69,1.6
5993,8.96,3.91,30.57,58.28,5.18,1.76,0.57,2.96,0.0,2.27
5994,1.16,3.92,39.81,69.45,3.13,2.88,1.13,4.53,3.56,0.39
5995,5.44,0.61,44.89,46.39,3.15,0.27,0.0,0.0,3.4,0.0
5996,9.6,5.3,38.04,27.5,3.17,2.71,2.04,1.58,3.89,0.84
5997,6.93,5.26,35.74,76.45,3.03,0.0,1.33,3.75,2.47,0.56
5998,7.8,1.81,48.07,46.39,2.02,1.41,0.0,2.84,0.2,1.52
5999,6.53,2.07,28.09,47.73,3.74,2.16,2.14,2.05,2.93,2.25
6000,6.28,5.98,56.37,58.93,2.96,1.72,1.81,1.55,4.08,0.0
6001,7.2,0.0,25.45,43.02,1.95,3.79,0.06,2.74,0.0,2.81
6002,3.77,0.04,76.81,62.98,3.7,0.97,2.54,2.25,1.41,0.77
6003,2.75,3.68,58.19,23.46,3.5,1.63,2.37,1.04,1.42,1.62
6004,6.12,1.74,50.18,74.33,0.77,0.32,1.84,3.59,1.1,0.55
6005,3.11,6.07,57.37,38.72,5.95,0.89,0.62,0.0,1.81,0.55
6006,3.86,6.88,66.1,56.64,2.31,3.06,0.97,3.8,3.0,0.0
6007,2.57,6.22,28.89,55.55,3.03,1.39,0.39,3.54,4.71,1.09
6008,3.78,4.92,30.8,56.67,5.7,0.83,0.0,4.17,0.0,1.01
6009,9.75,5.67,37.8,1.42,1.53,5.32,1.04,1.57,2.66,0.75
6010,9.53,3.88,26.95,28.03,3.35,2.66,1.37,1.2,1.93,2.81
6011,0.5,6.79,41.98,100.0,2.78,1.0,1.1,1.72,0.22,0.91
6012,12.22,1.52,52.04,61.4,3.53,3.93,2.02,1.18,2.7,0.83
6013,2.44,3.71,51.34,69.41,5.81,0.99,0.92,0.38,3.36,1.69
6014,8.01,1.05,43.92,42.43,3.32,4.42,1.67,2.77,2.81,1.39
6015,9.07,4.67,51.69,27.56,4.68,2.13,1.84,1.18,0.68,0.0
6016,4.43,2.93,44.23,22.4,3.17,4.5,1.11,2.57,1.06,0.77
6017,8.8,2.9,52.58,89.06,4.52,2.0,2.71,0.0,0.52,0.43
6018,4.28,3.71,54.19,66.65,3.4,3.07,1.19,3.79,0.88,0.79
6019,5.92,1.81,47.11,39.38,1.7,1.41,0.35,2.59,3.44,0.86
6020,9.66,3.95,22.92,88.58,2.04,3.98,1.18,0.0,1.21,0.0
6021,7.3,3.23,32.34,31.88,2.68,0.0,0.68,5.16,2.53,1.88
6022,6.51,3.88,33.91,59.33,6.11,0.52,3.43,0.16,1.98,1.27
6023,10.32,4.61,23.5,50.33,4.94,2.31,1.29,2.17,2.43,1.73
6024,7.2,6.71,69.09,44.43,4.69,2.37,0.98,2.75,2.94,0.0
6025,6.94,2.95,33.61,27.77,1.82,1.13,1.34,0.46,2.2,0.12
6026,7.09,1.0,49.4,51.72,2.2,1.56,1.29,0.32,1.85,0.97
6027,7.83,4.28,45.63,44.2,5.4,4.88,3.9,4.14,0.0,0.42
6028,8.74,3.88,62.86,39.85,2.84,1.51,0.85,1.52,1.27,1.49
6029,9.33,5.26,50.66,47.29,3.71,1.72,1.21,2.16,1.34,1.03
6030,8.04,5.97,27.15,59.4,1.88,3.26,1.3,0.0,0.89,2.18
6031,7.18,0.0,45.29,45.25,2.95,0.91,0.0,1.0,2.21,1.56
6032,7.56,5.83,51.13,28.78,6.5,1.2,2.42,2.69,0.75,1.54
6033,7.36,5.2,25.9,48.82,2.36,0.14,3.91,4.24,0.87,0.63
6034,8.48,3.3,54.18,44.7,5.44,0.0,1.36,4.0,2.77,1.37
6035,2.92,3.56,47.51,54.24,1.38,1.86,1.88,0.0,2.04,1.37
6036,3.67,0.0,22.21,28.01,2.63,2.05,0.41,3.49,0.47,1.18
6037,6.5,3.07,55.37,23.98,4.04,1.52,0.96,1.05,1.67,0.37
6038,3.12,4.48,44.87,73.0,5.3,0.5,0.81,2.96,0.0,0.0
6039,5.25,3.14,29.18,49.38,2.07,0.0,2.71,2.29,1.99,1.42
6040,6.53,3.82,45.13,0.0,4.65,1.88,1.86,1.4,2.66,1.2
6041,8.41,3.57,33.75,54.02,1.07,4.03,0.8,3.46,0.0,1.31
6042,1.42,2.74,27.82,65.55,2.37,2.19,0.0,4.03,1.11,1.04
6043,6.02,4.1,35.4,79.0,3.2,0.0,0.0,1.63,0.0,0.88
6044,8.41,3.4,51.27,56.48,1.53,0.89,0.59,1.51,1.62,0.58
6045,3.33,7.39,40.45,49.81,4.63,2.25,0.49,3.19,2.89,0.07
6046,4.48,6.4,45.08,72.06,3.05,2.85,0.05,0.63,2.19,0.85
6047,8.74,4.17,30.46,46.84,4.66,2.0,1.58,3.79,2.57,0.34
6048,2.01,3.42,61.8,60.48,2.16,0.0,1.31,2.36,0.72,0.0
6049,6.43,3.65,7.77,100.0,3.49,3.51,3.4,2.53,0.0,0.51
6050,5.76,4.4,35.12,80.07,5.53,0.0,0.58,5.12,4.15,3.23
6051,5.19,3.48,67.7,91.26,4.39,0.17,2.68,5.03,1.0,0.78
6052,5.17,5.78,74.76,71.55,2.59,4.2,1.4,2.69,3.99,0.0
6053,2.49,4.19,37.48,57.82,4.02,0.83,2.83,2.85,1.49,0.75
6054,4.54,1.82,45.15,5.56,3.48,1.56,0.6,1.25,0.0,1.61
6055,8.89,1.67,28.28,50.61,2.47,1.84,1.85,3.12,1.77,0.5
6056,8.91,3.87,49.45,59.83,5.29,1.61,2.97,2.14,1.82,1.59
6057,1.02,5.21,38.87,79.14,3.2,4.89,2.86,2.43,4.0,0.58
6058,12.48,2.74,45.71,62.92,5.03,2.16,0.68,1.83,2.15,0.32
6059,7.78,4.42,32.01,97.95,3.76,0.43,2.0,2.65,3.19,0.57
6060,5.79,5.45,39.09,78.5,4.04,0.0,0.84,2.53,0.36,1.93
6061,1.92,9.97,53.85,58.85,4.09,3.93,1.7,3.86,0.67,2.04
6062,7.64,3.05,19.91,60.62,6.18,0.0,1.38,0.0,3.52,0.84
6063,8.03,2.25,35.8,100.0,2.9,3.91,1.63,0.02,2.01,0.36
6064,5.48,3.63,58.58,63.67,4.62,0.94,1.95,0.67,3.16,2.4
6065,4.5,3.39,46.94,68.11,7.66,3.42,2.13,1.97,3.18,0.0
6066,7.4,4.24,59.25,60.74,1.7,4.12,0.15,2.5,0.52,1.69
6067,1.94,1.98,48.71,30.69,2.35,0.0,2.76,2.33,2.94,1.74
6068,4.5,6.38,40.44,33.48,5.96,3.79,1.57,1.61,2.16,0.63
6069,0.58,4.38,37.36,90.78,3.01,3.01,3.12,1.64,0.92,0.49
6070,5.46,5.95,44.21,48.53,6.05,4.66,2.29,3.09,0.72,0.0
6071,7.0,4.67,42.4,52.44,1.46,4.91,0.0,3.38,1.01,1.34
6072,2.0,1.09,41.87,46.4,2.84,1.33,3.18,3.12,4.81,0.0
6073,5.07,5.68,49.31,56.66,2.88,1.71,1.52,2.08,1.74,2.75
6074,9.4,7.22,16.97,41.86,5.77,1.15,3.18,3.24,1.06,1.01
6075,4.93,6.73,38.38,45.06,4.93,0.74,1.8,2.83,1.42,0.62
6076,6.47,6.83,67.22,53.31,3.0,1.72,0.49,2.51,0.08,0.0
6077,5.78,2.76,58.86,62.29,2.91,1.96,1.87,1.16,5.29,0.32
6078,6.07,7.38,35.33,67.38,2.78,0.0,0.68,3.71,1.56,0.12
6079,7.89,3.67,41.91,26.87,0.72,1.77,0.0,0.92,0.29,2.12
6080,5.94,2.37,48.64,79.23,2.01,0.0,1.22,1.87,3.6,0.14
6081,1.59,2.39,16.72,24.4,3.93,3.05,2.01,3.87,3.48,0.77
6082,2.5,4.03,7.49,47.68,3.51,2.54,0.28,3.48,0.0,2.26
6083,8.72,0.95,50.85,17.6,3.21,4.38,0.37,1.69,1.86,0.5
6084,6.36,4.6,35.05,50.66,4.94,2.51,2.84,0.34,4.42,1.3
6085,9.93,3.04,52.65,34.12,4.42,3.64,1.55,3.06,2.64,0.0
6086,6.41,3.78,59.27,69.03,2.98,3.15,0.69,3.86,3.35,0.0
6087,9.31,5.0,35.18,52.75,1.66,3.83,0.0,2.0,3.5,1.1
6088,0.5,4.17,49.69,100.0,4.85,0.25,0.83,3.4,1.32,1.3
6089,2.94,2.15,56.99,46.42,2.77,0.11,0.0,3.04,4.65,1.39
6090,4.77,3.9,55.44,27.41,6.54,2.57,2.74,0.0,2.74,1.86
6091,5.5,6.67,43.85,97.99,2.18,1.64,2.07,3.51,3.41,0.78
6092,6.65,2.95,54.65,84.88,1.72,2.61,0.0,0.39,2.78,0.44
6093,4.92,3.75,21.54,19.11,4.56,1.42,1.1,0.0,1.95,0.62
6094,2.49,3.32,32.66,62.3,5.59,1.28,3.04,0.87,4.9,1.24
6095,9.57,1.59,26.51,49.92,3.21,2.72,2.16,2.24,2.76,1.05
6096,7.45,1.96,37.2,74.87,6.2,4.1,4.27,2.16,3.62,1.77
6097,7.94,4.57,15.15,13.38,5.03,1.88,3.05,1.14,2.25,0.76
6098,0.5,9.25,47.85,49.94,3.22,0.0,1.48,7.13,0.11,0.0
6099,0.5,4.19,73.12,75.86,3.87,0.73,2.26,0.0,2.53,0.83
6100,3.0,2.12,41.67,80.25,3.11,5.31,0.18,3.58,0.31,0.6
6101,2.58,4.65,30.02,77.3,0.88,0.05,0.0,0.76,0.23,1.9
6102,9.36,4.52,46.72,44.55,4.74,1.19,0.91,1.86,0.85,0.12
6103,2.74,4.47,36.83,67.0,2.51,2.73,3.15,2.05,4.13,1.81
6104,9.2,5.75,25.62,46.49,2.97,1.91,0.0,3.64,1.23,1.67
6105,3.49,1.94,89.84,88.06,4.01,1.15,0.0,2.64,4.13,1.21
6106,10.24,3.42,54.06,33.43,3.78,1.96,1.48,2.86,1.99,1.92
6107,9.17,3.2,77.39,51.25,2.8,3.72,1.09,0.0,1.77,0.08
6108,2.79,0.62,39.27,74.43,4.1,2.4,2.4,1.86,0.79,0.87
6109,10.69,3.43,34.56,47.43,5.64,2.69,3.25,3.52,1.69,2.87
6110,8.18,4.31,47.97,64.38,2.16,2.97,1.86,0.0,1.22,1.74
6111,6.74,6.38,40.39,85.13,2.35,2.84,1.21,2.74,1.15,0.0
6112,8.68,4.72,56.05,54.16,1.58,1.03,0.91,0.32,0.73,1.77
6113,8.84,3.32,44.37,48.63,2.71,3.17,4.22,2.95,0.68,1.73
6114,6.91,3.56,56.95,23.54,2.32,2.07,0.71,0.16,0.0,2.07
6115,2.74,4.31,69.13,22.44,3.22,3.28,1.74,4.28,0.0,1.02
6116,0.5,4.06,49.88,56.59,2.84,0.84,1.55,5.36,2.2,0.0
6117,8.25,6.51,41.41,53.36,0.73,1.19,0.29,2.86,3.9,1.81
6118,7.99,5.36,28.02,55.04,3.98,1.15,3.08,1.67,1.34,2.94
6119,8.3,6.38,40.46,64.81,3.69,1.37,0.27,1.24,0.7,0.25
6120,3.24,4.55,42.63,53.8,5.33,3.0,1.07,0.0,4.07,0.41
6121,7.14,6.76,63.31,61.11,2.64,0.64,3.09,3.57,2.32,2.28
6122,1.54,0.0,45.79,54.97,4.31,0.44,1.98,1.95,4.38,0.94
6123,4.12,2.52,52.84,43.19,0.79,1.16,0.77,1.11,2.72,0.75
6124,8.27,2.91,39.45,69.86,3.41,0.18,1.4,1.78,1.57,0.88
6125,0.5,1.4,39.5,0.0,3.54,0.06,2.45,2.67,1.26,0.55
6126,10.62,3.5,49.59,92.46,3.55,1.36,1.92,2.87,3.54,0.53
6127,2.77,3.09,49.5,9.0,5.94,3.7,1.27,0.24,1.01,0.9
6128,5.39,0.7,71.34,36.39,1.57,1.12,0.72,3.18,2.85,1.7
6129,10.19,5.9,50.71,55.14,3.8,2.07,2.63,0.36,3.12,0.0
6130,4.18,4.35,64.08,27.31,5.74,3.55,0.42,1.27,2.04,0.09
6131,3.0,0.0,48.38,13.42,6.25,1.58,1.76,2.04,3.18,1.23
6132,6.56,2.58,63.03,61.79,5.2,2.12,0.26,3.61,1.54,1.28
6133,1.89,3.99,20.92,63.63,5.48,2.14,1.09,0.75,1.25,0.72
6134,4.15,2.81,52.62,41.07,1.78,0.0,0.86,3.29,1.91,1.03
6135,8.85,4.66,39.51,58.29,5.02,4.12,2.01,0.0,2.4,0.37
6136,7.78,0.64,43.41,18.26,3.83,5.28,0.8,2.2,1.26,1.72
6137,13.57,5.07,41.86,76.82,4.36,2.55,1.6,0.55,4.79,0.33
6138,11.25,1.64,63.07,38.77,3.67,1.49,0.95,0.29,5.63,2.22
6139,7.85,3.99,25.81,49.45,5.03,2.15,3.54,0.9,2.59,0.8
6140,7.41,5.34,55.99,47.5,4.1,0.0,0.0,3.08,0.5,0.0
6141,9.48,5.19,31.95,31.71,4.02,0.53,0.75,0.53,0.0,0.8
6142,12.84,7.15,69.14,24.38,1.16,1.62,0.0,1.35,0.0,1.18
6143,4.53,3.03,31.9,84.7,4.55,1.08,1.76,1.96,4.39,2.02
6144,3.88,2.13,25.97,74.46,1.81,3.31,0.91,4.24,0.0,0.65
6145,4.27,2.83,55.6,32.59,4.23,0.63,0.43,1.58,0.55,1.13
6146,3.89,4.16,49.4,59.67,3.72,0.98,1.22,0.08,1.77,0.47
6147,1.15,5.55,43.59,69.28,4.43,2.55,1.87,3.94,2.85,0.0
6148,1.25,3.53,40.55,77.14,4.05,4.67,0.4,2.0,2.64,0.0
6149,1.77,7.42,69.7,81.72,2.47,1.95,1.21,3.47,0.76,0.0
6150,9.48,1.24,44.6,58.26,4.15,2.76,0.0,1.34,3.92,1.3
6151,4.8,1.23,54.94,85.47,2.54,0.8,0.0,3.75,0.11,0.34
6152,6.92,1.93,52.87,72.54,1.13,1.37,0.0,3.72,0.56,0.0
6153,1.46,7.95,40.47,70.38,2.41,0.47,4.07,5.27,2.32,0.0
6154,6.81,0.96,66.81,89.2,1.55,1.75,0.0,0.41,1.75,1.41
6155,7.15,0.0,46.22,69.1,5.63,2.01,0.94,0.0,0.52,0.18
6156,8.67,4.42,37.69,55.63,3.95,1.33,1.02,3.04,0.9,0.66
6157,1.49,5.37,65.82,45.71,3.78,4.36,1.06,1.5,0.7,0.0
6158,6.99,2.09,47.84,68.53,5.5,2.06,1.26,2.43,1.97,0.0
6159,3.69,4.1,54.96,83.21,0.0,2.9,1.03,1.06,5.18,2.74
6160,3.71,3.96,44.06,77.68,4.71,3.53,1.42,4.44,1.68,0.0
6161,9.22,3.55,71.41,69.66,4.88,5.91,1.14,1.39,1.77,0.8
6162,5.65,2.7,61.45,35.54,4.29,2.67,0.0,1.06,1.84,0.35
6163,4.06,4.06,56.68,62.76,1.12,1.24,1.44,4.37,0.0,0.46
6164,3.93,8.17,33.29,41.1,3.42,0.0,0.0,2.43,3.85,0.87
6165,3.14,5.46,49.94,67.94,4.82,0.84,0.66,3.79,0.31,0.0
6166,5.83,0.0,29.81,34.81,3.92,3.05,1.76,0.35,3.43,1.27
6167,8.34,5.67,46.8,35.11,3.13,0.75,1.27,2.97,0.0,0.0
6168,7.42,3.82,24.56,58.03,3.46,2.91,2.54,1.01,1.4,0.12
6169,12.18,4.78,35.37,15.47,3.08,0.06,1.65,1.22,1.89,1.52
6170,10.95,4.14,23.76,5.26,3.92,0.0,0.94,0.0,1.86,2.31
6171,7.65,1.63,42.1,74.25,1.74,1.58,0.73,0.0,3.09,1.26
6172,2.59,2.58,53.23,56.02,4.77,0.0,0.51,0.57,3.01,1.82
6173,6.99,2.97,49.52,73.03,1.64,0.32,1.28,0.12,4.06,0.81
6174,10.26,7.46,36.74,47.26,3.29,3.61,1.47,1.72,2.56,1.49
6175,7.52,4.68,61.84,66.79,4.3,4.18,2.49,2.0,0.92,0.0
6176,4.43,3.96,51.57,60.81,2.91,3.07,2.84,3.19,3.3,0.18
6177,1.14,6.27,27.08,79.96,3.05,1.73,0.45,0.99,1.6,0.43
6178,8.53,4.53,58.02,55.19,3.09,0.0,0.0,1.93,0.0,1.6
6179,4.53,0.0,28.44,33.73,3.01,1.42,0.96,2.93,1.54,1.55
6180,11.49,4.32,58.35,75.07,1.99,2.25,0.0,2.53,3.67,2.02
6181,8.89,4.54,25.03,47.21,5.32,1.99,4.69,0.24,2.69,0.59
6182,2.36,3.6,44.27,42.69,3.74,1.5,1.3,1.46,0.54,0.61
6183,8.79,6.95,48.76,39.56,4.64,1.43,1.52,4.19,3.99,0.78
6184,7.3,5.66,43.13,30.23,7.02,2.58,0.84,0.93,2.31,2.23
6185,10.07,4.06,47.69,85.77,3.88,2.25,0.0,0.89,1.93,0.84
6186,10.32,7.22,63.23,77.07,2.96,1.04,1.44,1.18,1.48,0.0
6187,5.32,5.94,55.21,52.09,3.71,2.04,1.8,0.01,1.72,0.28
6188,12.6,4.19,44.61,49.0,3.79,2.48,3.32,0.95,2.73,1.16
6189,9.43,5.38,63.49,98.85,2.79,0.79,0.44,2.29,3.8,0.17
6190,2.29,2.54,66.17,61.81,6.71,5.94,0.18,2.15,2.85,0.0
6191,4.04,5.5,61.15,21.96,4.67,1.47,0.33,2.9,1.3,0.0
6192,8.52,3.05,30.19,39.49,4.15,2.43,1.15,0.0,0.0,0.3
6193,6.07,4.03,64.99,37.2,2.63,1.84,2.82,0.89,3.04,1.43
6194,7.21,0.0,64.84,82.18,1.92,1.18,0.74,0.95,1.5,2.55
6195,3.36,1.55,53.17,78.01,4.44,3.3,3.07,2.68,0.37,1.85
6196,6.3,4.63,37.53,87.99,4.61,2.14,2.58,0.8,1.69,1.62
6197,0.5,4.31,53.9,65.13,3.21,0.96,0.0,1.89,1.12,0.0
6198,4.87,0.86,38.15,68.49,6.53,1.45,3.95,5.35,1.26,0.49
6199,8.7,5.43,21.58,59.37,2.81,0.0,1.22,3.1,0.83,1.1
6200,3.24,3.5,47.52,38.75,4.17,1.25,0.0,0.83,3.19,0.84
6201,1.51,1.57,53.73,45.85,3.58,3.49,0.84,3.37,0.67,0.0
6202,11.24,4.03,48.82,54.55,3.25,1.34,1.63,2.61,3.79,0.33
6203,7.32,5.32,61.55,80.49,3.53,2.29,2.12,3.02,0.0,0.24
6204,9.27,5.12,73.41,70.36,2.48,2.18,1.31,0.0,1.83,0.0
6205,5.29,3.82,38.38,40.96,2.58,2.39,3.26,3.18,2.81,1.15
6206,9.2,5.77,21.39,22.81,3.1,1.45,0.0,1.98,1.64,0.87
6207,4.14,2.93,44.29,80.28,3.33,1.06,0.43,2.29,2.88,0.0
6208,9.02,4.89,46.89,30.44,2.92,0.05,2.07,2.6,3.1,3.01
6209,4.2,3.28,54.16,32.8,3.1,3.36,1.02,0.89,2.57,1.28
6210,8.79,3.48,54.48,62.39,1.19,0.87,1.77,1.74,2.9,0.61
6211,9.78,5.04,47.98,44.08,3.73,3.96,0.89,1.34,3.83,0.6
6212,5.43,1.81,43.61,71.66,2.57,1.0,0.0,0.59,0.28,0.5
6213,6.64,7.08,52.39,55.09,4.56,5.59,1.6,2.79,0.0,1.0
6214,11.39,8.04,20.09,47.95,2.93,0.0,1.78,0.0,5.41,1.52
6215,7.97,6.59,57.37,66.18,3.03,0.0,2.74,4.01,3.59,0.0
6216,3.47,0.91,50.25,64.86,2.11,1.6,2.16,0.88,4.02,0.0
6217,2.63,5.92,14.37,73.5,2.94,0.0,1.69,4.41,1.62,0.59
6218,6.08,2.32,49.43,59.07,1.37,3.13,0.64,1.38,0.58,1.02
6219,5.31,2.83,13.73,62.54,0.0,4.63,2.26,0.12,0.0,2.94
6220,4.22,1.76,9.02,60.28,2.29,3.56,2.09,2.23,3.71,0.33
6221,10.07,5.37,30.1,43.88,4.64,0.22,1.82,1.27,3.68,0.92
6222,7.3,5.45,60.44,44.38,4.19,0.99,2.93,2.72,1.17,0.81
6223,5.7,4.54,45.37,90.02,2.32,3.86,1.43,1.46,4.5,0.96
6224,2.53,2.65,47.35,59.96,2.83,2.57,0.62,1.25,3.18,0.33
6225,5.65,6.63,51.58,61.1,3.91,0.52,2.85,2.31,1.25,0.0
6226,7.04,2.18,28.39,54.74,1.36,1.57,0.0,2.99,0.29,1.56
6227,7.01,7.91,57.99,17.93,3.72,0.0,0.86,1.54,4.24,1.42
6228,5.56,0.23,46.84,39.47,3.21,1.08,0.23,0.0,1.18,1.13
6229,8.54,4.03,23.21,23.61,4.05,1.72,2.25,3.47,2.11,0.71
6230,9.97,3.04,39.73,58.64,2.54,2.99,1.28,3.52,0.48,0.32
6231,10.05,3.45,30.47,86.46,3.18,0.0,0.67,2.6,3.32,0.0
6232,6.87,1.58,30.87,85.3,3.1,3.45,2.33,4.3,0.01,0.0
6233,6.88,0.59,48.73,88.12,3.56,4.22,0.48,3.51,2.24,0.14
6234,11.79,6.84,51.66,79.56,3.83,0.76,0.61,0.0,2.96,0.0
6235,3.85,1.88,63.18,29.18,4.13,0.3,1.77,0.0,4.21,1.27
6236,5.04,6.64,50.26,53.83,3.52,0.85,2.77,1.42,0.13,0.0
6237,3.37,1.69,47.12,20.41,4.84,0.0,1.42,2.14,1.57,2.68
6238,7.15,3.72,84.03,72.8,6.69,3.67,1.02,1.15,1.54,0.12
6239,2.92,4.84,45.12,63.96,5.15,1.88,0.59,3.47,3.05,0.0
6240,6.39,1.73,16.41,82.7,5.25,4.34,3.32,0.0,0.6,0.69
6241,5.26,1.47,39.99,41.96,6.12,3.98,3.33,0.72,2.94,0.39
6242,4.88,2.51,47.88,25.6,3.14,3.52,2.66,4.28,2.06,1.54
6243,6.08,4.75,54.79,49.81,3.29,2.96,2.75,4.79,0.86,0.0
6244,5.83,0.89,57.48,43.02,4.65,2.14,1.52,0.82,0.93,1.8
6245,5.83,1.25,77.9,20.14,4.33,3.11,1.17,0.83,3.59,1.89
6246,0.5,9.84,27.08,29.79,6.13,2.56,3.57,2.92,0.1,0.0
6247,6.29,3.25,33.43,7.8,0.74,0.0,1.41,0.0,1.95,0.49
6248,6.93,4.89,37.93,57.36,6.58,3.83,1.23,0.0,2.25,0.98
6249,8.08,4.83,57.51,47.86,2.59,0.6,3.45,0.0,2.33,1.07
6250,3.21,2.79,39.58,31.46,3.53,3.94,3.61,4.82,1.95,0.04
6251,6.47,0.73,67.06,73.76,5.93,4.58,2.3,2.48,1.79,2.23
6252,5.64,5.56,40.19,36.69,5.82,2.69,1.41,0.0,1.62,0.0
6253,10.98,1.64,34.17,33.9,2.37,1.2,0.0,3.72,2.99,1.15
6254,8.05,4.55,54.24,33.02,1.79,0.0,0.0,1.17,1.33,0.0
6255,5.04,5.07,52.08,17.14,3.22,0.87,1.81,0.0,0.55,0.48
6256,9.34,5.99,48.76,56.42,6.28,2.13,1.43,0.89,1.09,0.73
6257,5.79,4.03,27.52,52.19,5.72,2.91,3.29,0.0,1.37,0.0
6258,1.13,0.98,26.36,40.69,5.01,0.81,0.0,1.56,1.07,1.01
6259,0.5,2.56,40.04,42.01,7.14,2.97,2.92,2.89,3.29,1.81
6260,4.11,2.54,60.52,24.33,2.97,4.28,5.69,1.39,0.42,0.44
6261,0.5,0.3,50.96,33.43,2.85,5.04,2.01,1.9,2.75,0.0
6262,8.71,3.67,41.07,40.26,3.48,1.51,1.35,2.76,0.61,0.44
6263,4.31,5.92,29.55,46.31,4.12,0.83,1.27,1.83,1.32,0.74
6264,2.32,6.17,58.09,62.82,3.68,0.92,0.39,0.68,0.0,0.0
6265,5.86,5.45,50.49,68.95,4.4,2.42,3.61,2.26,2.14,0.0
6266,6.46,3.8,35.08,70.99,3.46,3.28,1.38,0.83,4.06,0.0
6267,2.94,2.61,59.11,34.85,4.18,2.42,1.53,2.68,1.79,0.0
6268,1.83,3.4,50.83,24.69,4.72,3.43,0.04,1.1,3.49,0.53
6269,0.66,6.3,67.73,80.3,2.98,1.19,1.36,2.03,1.76,0.32
6270,7.91,6.9,39.47,42.15,3.5,4.4,1.21,2.89,0.71,1.25
6271,13.11,5.48,43.34,45.87,3.09,5.96,0.0,3.16,1.45,1.01
6272,5.3,9.29,57.86,67.7,4.71,0.84,0.75,3.05,2.89,0.0
6273,5.1,2.46,54.25,60.77,4.64,3.42,0.0,2.44,0.3,0.0
6274,9.05,2.35,25.63,35.11,1.92,2.79,0.9,1.31,0.0,1.92
6275,10.16,3.01,26.97,19.41,4.45,2.27,2.13,0.0,1.26,0.4
6276,7.14,5.8,46.3,37.02,2.13,2.04,2.67,2.86,0.0,0.0
6277,7.09,0.42,63.0,33.4,4.85,3.92,1.25,2.84,0.29,1.49
6278,11.58,8.1,44.1,60.24,2.78,3.27,0.19,0.47,3.92,0.0
6279,0.5,1.73,53.5,54.41,4.33,4.71,1.63,0.35,1.03,0.0
6280,5.5,5.89,10.4,58.22,0.64,1.04,1.61,0.0,1.94,1.77
6281,6.87,0.74,70.16,39.1,3.96,6.08,0.0,0.0,1.26,0.56
6282,3.56,3.09,34.51,70.59,3.33,0.0,0.0,2.63,0.5,0.45
6283,9.6,5.64,64.35,82.4,3.58,0.33,1.48,2.1,0.0,1.4
6284,8.04,4.95,40.7,92.06,3.59,0.0,0.9,0.8,1.38,0.15
6285,5.03,0.84,52.15,78.33,3.33,2.22,0.0,2.2,3.0,0.38
6286,3.31,3.98,40.78,37.68,1.43,3.82,0.0,3.62,0.47,0.0
6287,5.86,4.26,53.97,60.86,2.4,0.68,1.37,1.42,1.55,0.18
6288,0.5,5.08,69.58,51.14,4.69,0.81,2.83,2.91,1.34,1.74
6289,6.75,5.17,58.34,73.33,2.36,2.75,0.35,2.07,1.77,0.46
6290,7.64,4.44,67.91,72.63,2.33,0.01,0.0,1.63,1.28,0.47
6291,8.78,3.78,49.92,30.02,2.18,3.08,0.99,1.21,1.61,1.19
6292,0.5,1.08,31.33,85.46,6.63,2.96,2.36,1.21,3.94,0.82
6293,3.22,4.8,22.31,57.24,4.22,1.42,2.85,1.94,1.73,1.02
6294,0.5,2.71,31.61,92.16,4.07,0.7,0.0,1.86,0.33,0.0
6295,2.04,1.99,42.06,56.85,2.65,1.59,0.32,2.57,1.77,1.53
6296,6.66,0.0,41.03,29.21,4.29,2.56,0.95,3.77,3.68,2.5
6297,0.5,2.12,19.92,22.67,5.9,2.01,0.82,2.6,2.59,0.31
6298,6.1,4.52,55.15,89.17,3.69,5.34,1.72,2.54,0.38,0.0
6299,2.79,3.4,60.36,89.35,4.14,2.85,0.38,0.0,5.31,0.62
6300,5.66,2.4,47.36,35.77,5.01,4.49,2.7,3.45,2.32,2.48
6301,5.79,5.28,56.88,100.0,4.25,1.51,2.13,2.02,2.36,1.81
6302,7.54,4.18,61.75,76.58,0.99,0.27,0.0,1.91,0.84,0.12
6303,4.13,5.27,58.96,86.67,1.42,3.95,1.7,1.43,3.47,0.44
6304,9.14,3.95,16.17,56.29,4.37,2.03,1.79,0.93,0.68,0.0
6305,7.42,2.06,21.57,71.77,3.86,3.68,2.03,1.43,1.43,2.54
6306,11.54,2.43,31.91,84.08,3.94,5.82,0.69,0.64,3.29,0.32
6307,6.03,6.74,60.22,86.48,2.48,2.41,2.5,2.62,2.02,0.4
6308,4.43,3.51,44.47,48.2,4.1,4.94,2.44,1.02,1.99,0.35
6309,4.75,4.8,51.55,67.01,4.34,2.42,1.16,1.74,3.55,0.0
6310,9.39,4.91,28.08,45.58,3.51,3.23,2.04,0.0,0.21,1.34
6311,2.66,2.3,31.6,48.17,2.82,2.76,0.99,2.79,1.86,0.21
6312,5.03,3.51,38.64,49.13,1.47,3.59,0.01,2.12,1.16,1.53
6313,5.88,6.31,29.54,54.58,4.81,2.44,0.77,2.71,2.41,2.59
6314,4.11,6.05,60.29,42.63,4.06,3.41,1.55,4.03,3.26,1.16
6315,4.91,2.85,56.72,63.89,3.76,2.73,2.4,0.0,0.88,0.41
6316,8.17,4.38,46.9,55.24,4.53,1.64,2.31,0.64,0.05,1.56
6317,8.16,4.88,32.5,25.24,2.54,1.45,0.0,1.15,0.94,1.49
6318,11.57,4.37,68.94,48.33,2.65,3.05,1.06,3.02,0.0,0.75
6319,11.94,5.52,26.87,23.91,3.06,1.17,3.07,0.0,0.34,1.56
6320,9.89,6.07,43.59,62.55,2.44,0.48,0.06,4.14,2.97,1.07
6321,2.32,0.29,9.5,83.94,4.74,4.68,1.83,0.18,1.3,0.0
6322,0.82,1.81,11.29,60.98,2.89,0.0,1.3,4.04,1.61,0.53
6323,4.42,1.28,38.04,44.44,2.06,2.0,2.33,3.08,1.13,0.0
6324,7.62,3.29,50.24,51.27,3.25,0.0,0.92,3.49,1.87,2.75
6325,3.07,5.14,35.87,71.22,3.25,2.13,0.64,0.0,0.0,1.62
6326,3.24,1.8,55.85,44.89,2.6,4.0,0.46,3.35,3.82,2.19
6327,9.77,3.84,48.44,69.13,4.53,3.74,1.29,2.98,2.86,1.0
6328,1.36,1.53,52.75,55.62,6.29,1.48,2.34,0.85,2.55,0.65
6329,3.82,4.88,31.09,49.11,2.39,4.89,2.21,3.64,3.39,0.79
6330,3.2,1.57,48.63,61.95,4.05,4.48,0.0,3.56,2.58,0.91
6331,5.87,8.04,63.92,77.79,3.91,0.25,2.88,1.49,1.79,0.58
6332,5.68,1.2,50.81,40.66,1.18,0.24,0.0,1.58,1.86,1.47
6333,7.47,6.67,46.25,51.25,5.61,3.23,2.93,3.99,2.82,0.28
6334,12.81,1.13,44.93,47.75,2.41,1.47,0.77,1.36,2.95,1.41
6335,0.95,5.92,37.7,63.29,3.25,2.14,0.0,1.93,2.3,0.0
6336,5.72,2.54,51.43,70.83,4.03,3.83,3.5,1.7,0.59,1.03
6337,6.34,4.2,74.26,55.03,4.09,1.93,3.55,2.73,2.74,2.41
6338,5.83,5.81,47.9,41.84,1.15,0.0,0.59,1.93,3.51,1.08
6339,0.5,2.24,38.08,90.33,3.48,0.0,1.16,1.09,2.74,0.0
6340,3.87,3.89,24.46,57.19,5.15,1.43,0.51,2.22,0.0,0.57
6341,9.16,3.71,20.43,59.17,4.36,3.22,1.72,0.84,1.52,1.3
6342,0.55,2.7,31.3,19.29,2.68,1.23,0.51,0.66,2.56,1.44
6343,4.65,0.33,49.56,74.17,4.69,3.35,2.76,3.22,3.22,0.64
6344,11.25,5.19,63.62,69.97,1.16,1.01,0.86,1.1,2.83,1.4
6345,2.13,4.76,47.71,27.96,2.77,4.09,0.0,1.59,0.0,0.51
6346,8.9,5.26,54.27,43.09,4.04,1.49,1.72,1.0,1.9,0.0
6347,4.0,6.11,51.21,15.47,2.61,0.0,0.96,2.06,0.0,1.6
6348,5.23,0.0,37.83,60.59,4.13,4.05,1.94,2.58,1.45,1.23
6349,6.56,5.96,45.85,34.22,3.23,0.72,0.0,0.33,0.42,2.29
6350,6.3,5.86,57.09,40.84,5.68,1.3,1.19,2.84,2.19,0.0
6351,7.43,3.1,30.85,56.77,2.54,2.65,1.66,5.02,1.1,1.68
6352,10.58,4.43,64.73,48.7,5.09,2.23,1.33,2.43,1.74,0.0
6353,7.15,3.43,59.14,43.14,6.96,1.49,4.28,1.15,2.19,0.96
6354,6.85,6.37,43.62,40.72,2.19,1.91,0.35,0.95,1.73,1.48
6355,4.78,3.47,1.02,65.61,5.33,0.0,0.94,3.46,3.24,1.38
6356,2.11,4.48,40.27,59.93,5.36,2.95,3.36,1.45,2.2,0.37
6357,5.23,8.65,21.24,35.76,3.64,4.57,2.82,2.9,0.01,0.0
6358,10.49,4.46,17.3,60.56,4.54,1.94,3.28,2.94,1.11,0.0
6359,7.99,1.91,57.78,40.5,4.42,1.82,1.46,2.69,1.94,2.03
6360,4.81,6.02,64.75,85.48,4.73,1.23,2.33,3.46,1.05,1.68
6361,5.78,2.75,52.63,78.26,2.8,1.77,2.1,1.38,2.6,1.45
6362,8.52,2.31,41.78,42.65,4.12,5.02,0.64,1.78,0.0,1.05
6363,2.47,5.45,54.01,64.28,5.7,0.0,1.79,3.97,2.22,1.64
6364,5.92,9.22,33.17,66.9,3.12,2.33,0.63,1.45,1.78,0.3
6365,5.89,6.75,37.15,83.58,7.17,0.0,1.94,1.88,0.0,0.76
6366,6.41,4.12,47.7,52.01,2.73,2.77,1.66,3.4,2.39,0.0
6367,8.4,3.2,60.22,23.9,2.78,4.54,1.92,2.23,0.02,2.96
6368,6.21,6.25,52.99,57.88,4.31,0.45,1.05,0.55,2.45,0.0
6369,0.5,3.7,39.77,95.92,5.14,0.74,0.0,2.47,0.75,0.0
6370,3.12,4.49,54.28,29.34,0.63,2.46,0.9,0.0,3.34,0.69
6371,8.24,4.53,60.28,22.14,4.8,0.11,0.7,3.21,2.62,1.48
6372,1.92,3.67,51.99,96.37,5.97,2.83,1.57,0.65,0.8,0.0
6373,6.39,6.73,64.49,85.93,5.97,1.88,1.45,3.07,2.24,0.6
6374,0.5,3.26,42.11,39.58,4.32,1.25,0.34,1.56,2.83,1.18
6375,6.78,4.87,34.88,64.47,2.93,0.0,2.9,2.29,2.98,1.06
6376,8.68,1.16,45.71,74.55,2.38,5.29,2.14,4.68,0.53,0.96
6377,7.75,3.25,26.87,29.3,3.07,1.27,0.86,3.07,1.23,1.2
6378,10.36,8.76,60.45,75.21,6.23,1.37,2.98,0.76,2.55,0.0
6379,7.69,6.88,61.57,64.27,4.32,4.28,0.69,3.31,2.77,0.0
6380,3.46,3.06,35.04,66.71,3.52,0.98,0.0,1.55,0.43,1.7
6381,4.38,5.61,61.09,10.98,3.69,3.56,1.44,3.37,0.0,0.28
6382,3.03,2.06,37.84,35.51,2.21,3.47,0.23,4.85,0.72,0.94
6383,3.36,2.83,52.44,85.92,3.75,2.83,0.62,0.31,0.88,0.97
6384,5.17,2.64,38.98,53.99,2.9,0.54,1.3,2.99,2.23,1.15
6385,4.75,2.28,55.38,48.52,4.59,1.47,1.5,1.51,2.4,0.0
6386,3.38,4.59,28.4,78.43,4.99,2.96,2.49,2.74,1.58,0.38
6387,7.29,4.39,46.85,83.2,3.19,3.38,0.0,3.56,0.63,0.21
6388,6.2,3.9,50.32,69.97,3.16,2.8,1.74,3.81,1.17,0.73
6389,5.48,2.16,56.46,77.36,3.79,0.43,0.0,1.88,1.15,0.55
6390,2.05,5.04,52.57,80.41,2.34,1.75,1.75,3.55,3.21,0.0
6391,3.26,7.03,23.5,37.41,5.94,1.66,0.09,4.51,1.09,1.36
6392,4.3,3.57,80.52,90.19,2.89,2.22,2.28,1.1,2.75,0.0
6393,6.79,2.86,75.74,67.45,5.94,2.68,3.05,3.72,3.23,0.0
6394,9.63,5.51,21.38,71.15,3.41,2.36,4.34,1.59,1.01,1.31
6395,9.59,2.81,47.66,60.74,3.74,3.77,1.47,0.99,4.11,0.4
6396,7.08,2.14,52.83,32.83,4.03,1.33,0.0,1.56,0.0,0.45
6397,9.4,5.47,38.49,81.69,5.07,0.78,2.99,1.05,1.57,0.64
6398,4.55,0.6,50.12,65.33,2.5,3.99,1.28,2.83,0.42,1.51
6399,10.21,2.21,45.74,82.37,4.92,0.0,0.5,0.65,3.67,0.7
6400,6.58,5.72,36.78,74.1,2.01,3.25,1.64,3.04,2.51,1.48
6401,4.85,3.72,30.42,71.54,2.62,3.35,0.0,1.61,0.82,1.4
6402,4.18,8.9,45.27,63.56,4.1,1.53,3.89,5.71,1.53,0.8
6403,2.72,7.24,40.6,45.21,1.89,0.0,0.74,2.72,0.0,0.31
6404,6.83,2.74,52.62,29.14,4.18,0.57,2.49,3.12,1.81,1.55
6405,1.91,4.69,51.38,65.39,3.19,4.74,2.74,1.93,1.68,1.28
6406,7.76,4.22,58.52,80.3,1.79,0.0,0.25,3.34,2.51,1.78
6407,7.84,4.08,43.64,51.16,5.86,2.0,1.33,1.08,2.5,0.0
6408,4.17,2.44,44.77,51.18,5.47,2.58,0.22,3.42,1.73,1.82
6409,6.0,7.08,27.03,45.39,4.71,5.41,1.11,4.07,0.66,0.51
6410,1.95,5.63,25.32,49.95,3.25,0.73,1.05,3.53,0.68,0.28
6411,13.11,0.0,54.21,23.4,3.42,3.17,1.2,0.66,2.27,2.02
6412,8.95,7.53,63.3,95.59,3.64,0.47,0.0,2.82,0.32,0.9
6413,8.77,4.24,50.03,31.13,4.69,1.87,1.77,0.0,0.0,0.49
6414,7.79,2.81,52.94,81.44,3.59,2.24,0.81,0.32,0.0,1.4
6415,11.07,5.18,38.91,31.44,3.05,0.67,0.6,2.2,1.75,0.0
6416,4.74,4.52,64.62,71.78,5.67,2.37,1.88,6.67,0.11,0.0
6417,6.66,3.16,56.81,61.17,3.71,1.74,0.43,1.98,4.19,0.7
6418,0.5,1.34,38.33,41.22,3.12,1.11,3.08,3.76,2.46,1.02
6419,12.84,5.43,42.32,64.85,2.54,1.25,3.89,1.19,3.27,1.94
6420,0.5,5.18,31.39,60.99,5.17,1.63,2.0,4.1,6.18,1.59
6421,8.09,4.73,41.3,83.09,5.77,4.66,3.45,2.78,1.14,0.0
6422,5.32,2.89,59.35,40.16,3.15,3.47,1.34,2.67,3.56,0.0
6423,5.31,6.68,95.36,43.11,2.89,0.0,1.99,3.76,4.16,1.81
6424,15.59,4.18,33.19,68.41,1.46,2.53,0.41,0.01,1.01,0.74
6425,8.55,0.39,44.43,46.95,4.48,2.59,2.07,1.33,3.6,0.57
6426,8.42,1.12,75.49,43.94,4.38,3.41,0.61,0.12,0.0,1.42
6427,5.41,1.78,64.89,89.52,6.13,3.6,4.55,0.59,3.55,0.47
6428,5.0,4.75,40.8,84.08,4.54,0.0,1.83,2.2,2.85,0.0
6429,1.2,0.0,41.26,74.15,2.3,4.71,0.54,2.28,0.68,0.18
6430,6.16,4.17,57.21,47.32,4.74,0.0,1.25,2.43,3.13,1.75
6431,11.09,2.26,44.69,45.37,3.54,1.03,2.19,0.0,2.09,1.2
6432,3.59,3.83,50.19,64.33,4.27,1.4,1.53,3.1,0.78,0.74
6433,5.25,4.82,43.59,74.1,4.62,2.38,2.09,2.01,0.81,0.0
6434,8.19,6.17,29.36,62.23,3.97,3.24,1.36,3.77,0.0,0.45
6435,9.72,3.54,51.58,61.25,4.48,1.5,2.55,1.54,1.87,0.38
6436,5.51,5.13,23.87,45.58,1.67,1.85,1.5,3.0,1.86,0.47
6437,5.03,5.61,34.43,94.65,3.98,0.0,3.17,2.41,2.35,0.0
6438,10.47,2.21,42.31,54.26,4.21,3.84,1.5,3.63,2.18,2.69
6439,10.15,3.21,65.35,42.16,4.62,0.16,1.7,2.3,2.26,0.59
6440,7.47,5.74,18.3,0.0,2.54,3.02,1.7,3.06,1.07,1.91
6441,3.84,8.0,37.56,51.56,6.64,3.5,1.59,1.76,1.37,0.0
6442,7.21,6.06,51.77,66.79,2.2,0.0,1.79,2.53,2.96,1.88
6443,13.4,1.73,16.69,82.64,2.08,1.38,4.57,2.85,1.61,2.09
6444,4.75,6.34,74.04,54.98,3.11,0.55,1.07,3.19,0.0,0.06
6445,4.83,4.54,51.78,37.32,4.79,1.6,0.78,1.0,0.0,0.52
6446,0.5,3.28,60.79,20.05,3.59,0.0,3.11,3.59,1.01,1.09
6447,3.19,3.23,55.07,40.06,4.48,1.96,1.37,0.0,3.43,0.17
6448,7.85,6.4,48.48,25.4,2.3,0.82,0.28,3.52,2.4,0.32
6449,6.77,6.49,47.97,50.94,3.39,1.17,2.78,3.87,2.68,0.0
6450,7.81,8.14,61.28,81.76,5.16,0.0,0.92,1.94,0.0,0.0
6451,4.78,6.73,33.05,60.92,1.22,2.93,2.08,6.12,3.17,1.92
6452,3.19,4.02,44.26,62.28,4.32,5.44,1.66,1.7,1.49,1.61
6453,1.86,4.08,53.74,64.22,4.73,4.11,2.24,5.77,0.78,0.0
6454,9.9,2.27,57.93,31.54,4.64,4.06,2.99,3.74,2.74,0.61
6455,10.05,3.27,46.38,76.58,2.46,0.0,2.65,1.35,2.85,0.0
6456,2.12,1.14,59.28,45.74,4.45,1.3,1.09,2.5,2.35,0.54
6457,9.42,2.78,61.84,67.29,4.41,3.92,0.76,1.27,1.63,0.45
6458,5.42,8.86,30.54,65.44,5.13,0.42,0.87,1.84,3.88,1.43
6459,4.53,5.1,33.95,30.98,3.89,3.24,3.03,2.18,3.06,0.86
6460,4.1,2.75,60.38,28.85,3.3,4.2,2.71,0.0,1.63,0.39
6461,9.15,1.79,44.65,70.14,5.38,2.47,2.37,0.04,0.96,0.51
6462,7.44,5.91,36.67,74.55,0.72,0.0,0.91,3.8,1.76,3.62
6463,8.15,1.65,40.32,55.12,1.18,3.57,0.87,3.42,1.87,0.17
6464,4.8,2.66,23.98,55.49,4.71,3.06,4.47,3.12,0.21,0.61
6465,12.94,0.0,33.54,36.83,3.79,4.55,0.94,0.0,5.12,0.78
6466,11.06,6.66,53.24,30.65,6.28,3.86,0.79,0.0,0.58,0.0
6467,10.65,2.79,19.22,24.95,1.39,4.0,0.34,0.0,0.0,0.47
6468,4.86,3.17,45.56,82.7,3.48,2.28,2.63,2.19,3.33,1.58
6469,6.84,3.08,55.58,66.24,1.96,0.0,0.0,0.08,3.45,2.26
6470,6.05,0.33,52.17,75.44,3.04,1.54,0.1,0.0,0.0,0.78
6471,7.68,0.0,80.74,50.37,4.29,2.57,1.16,1.99,1.58,0.96
6472,9.72,3.55,53.34,57.52,0.22,1.87,0.0,0.82,3.11,0.0
6473,5.06,2.24,41.58,29.56,2.16,3.57,0.72,2.04,0.94,1.88
6474,2.26,2.25,33.85,58.47,2.21,0.07,0.55,4.13,4.05,1.76
6475,11.96,4.25,45.91,87.4,4.26,0.97,2.47,1.1,0.01,0.75
6476,11.28,4.83,37.77,24.52,3.75,2.75,1.7,3.62,1.62,1.09
6477,11.48,5.37,43.27,58.82,2.77,0.28,2.39,1.27,0.41,0.56
6478,1.01,3.2,56.44,34.01,4.21,0.33,2.95,0.0,4.63,0.0
6479,6.31,3.41,29.99,76.66,2.8,1.12,3.67,3.41,0.0,0.18
6480,2.83,3.05,32.36,49.44,4.05,2.7,1.89,4.54,1.45,1.24
6481,7.58,5.21,31.08,29.29,4.01,3.95,3.61,4.03,0.0,0.42
6482,0.5,2.3,46.05,66.8,3.65,0.0,1.26,2.62,0.15,0.0
6483,6.31,3.21,55.02,73.22,2.69,2.57,1.46,1.83,2.72,0.35
6484,8.29,0.0,25.06,56.0,1.85,3.56,2.76,0.71,2.89,2.46
6485,10.98,2.9,37.52,66.24,3.29,2.99,2.08,2.38,2.72,0.89
6486,2.68,10.12,73.22,57.14,1.81,1.2,0.73,5.96,0.64,0.0
6487,5.04,4.45,29.24,51.63,2.67,1.02,1.05,0.81,1.93,0.0
6488,5.42,4.96,57.48,62.15,2.42,1.22,1.78,3.15,0.0,0.96
6489,6.97,8.19,44.48,21.75,2.72,2.82,0.61,2.67,2.64,1.21
6490,10.15,4.13,35.52,50.41,4.04,2.92,2.25,2.27,0.2,0.83
6491,4.26,6.34,49.97,48.95,3.13,2.45,0.74,2.28,0.0,0.0
6492,5.12,0.0,52.92,70.24,0.56,1.52,0.37,1.44,0.0,0.92
6493,8.36,4.08,59.98,50.86,3.56,0.0,1.83,0.0,2.98,0.55
6494,6.12,1.29,35.21,53.04,5.27,2.62,2.56,1.79,2.8,0.0
6495,9.05,7.25,40.43,53.82,0.04,2.36,0.29,3.31,0.61,0.63
6496,8.81,4.71,32.7,64.39,6.43,3.42,0.94,1.48,1.6,0.79
6497,5.33,5.99,30.97,25.45,3.68,3.07,3.12,0.93,1.83,1.25
6498,2.27,3.92,46.67,51.95,3.52,0.0,0.77,2.61,2.1,1.82
6499,7.03,6.57,38.65,40.41,5.42,2.44,0.47,2.04,2.69,0.81
6500,1.83,4.75,44.54,44.64,0.0,0.57,1.83,3.17,2.08,2.01
6501,7.7,3.11,53.14,72.7,2.78,2.96,0.0,3.1,3.33,1.04
6502,9.51,3.57,58.06,71.02,4.43,0.0,2.16,0.17,4.36,2.23
6503,7.11,7.71,43.44,58.83,3.24,4.42,3.44,1.36,2.13,0.0
6504,9.97,3.56,50.99,33.31,2.41,3.34,0.0,1.02,0.0,0.72
6505,10.82,5.33,34.18,96.68,1.01,0.66,2.9,3.34,2.68,0.87
6506,10.69,2.76,50.73,60.71,2.54,2.83,0.0,1.81,1.49,0.42
6507,3.15,2.72,26.05,34.79,2.4,0.97,1.87,2.93,0.87,0.27
6508,7.39,4.33,27.53,64.26,2.19,1.52,1.63,0.74,2.84,2.14
6509,4.92,4.59,21.65,46.88,3.65,0.35,1.82,1.99,0.0,1.44
6510,0.94,0.1,74.37,47.79,1.75,4.87,2.1,0.0,1.84,1.19
6511,1.0,7.84,53.36,38.03,1.81,1.08,0.75,3.62,3.09,1.2
6512,8.1,5.37,45.2,49.25,3.79,2.42,2.54,2.33,1.7,0.74
6513,5.09,3.65,33.94,65.81,4.44,0.99,1.64,1.5,4.26,0.75
6514,1.89,2.37,75.95,53.15,3.41,1.63,0.04,0.0,0.5,0.0
6515,6.34,1.91,40.66,52.38,4.8,1.88,0.53,1.3,0.07,2.86
6516,2.95,0.44,43.51,54.16,4.72,3.88,3.9,4.61,2.61,0.0
6517,10.19,5.84,42.28,93.47,4.79,3.83,1.36,0.0,0.26,0.0
6518,5.76,5.72,47.12,74.73,2.33,2.65,1.94,1.93,0.63,1.15
6519,11.52,1.19,51.11,46.9,4.99,2.93,0.0,3.93,1.73,0.86
6520,3.51,2.08,49.38,98.0,1.79,3.44,3.06,0.49,3.47,1.34
6521,10.24,2.78,45.65,47.41,4.26,3.74,3.26,2.05,4.84,0.0
6522,5.31,2.55,51.55,41.83,5.7,1.25,1.13,1.05,2.49,2.14
6523,3.5,3.11,59.12,64.11,1.8,0.77,0.59,0.0,0.0,0.86
6524,3.02,5.46,45.03,64.08,0.71,2.72,2.25,2.08,1.33,0.0
6525,2.89,2.69,34.51,15.64,4.7,2.9,3.58,3.67,2.43,0.8
6526,0.5,2.33,31.94,77.66,6.12,0.54,0.86,2.1,3.39,0.21
6527,5.22,5.12,43.38,76.0,2.53,1.19,0.9,2.71,2.2,0.88
6528,7.84,3.04,62.31,54.09,4.85,0.81,0.0,0.0,1.19,1.03
6529,1.14,2.21,26.9,54.4,1.26,4.0,0.62,1.56,3.51,1.35
6530,0.88,5.45,36.53,46.87,6.67,1.02,0.72,0.35,0.82,0.42
6531,5.9,5.84,68.47,82.97,3.4,0.57,2.03,4.76,2.33,1.14
6532,5.19,4.87,49.93,59.03,6.42,2.11,4.93,2.61,1.33,0.79
6533,9.79,3.65,17.02,37.77,2.6,3.65,1.5,0.17,0.9,0.0
6534,4.61,5.11,45.4,14.56,3.12,3.21,0.94,3.24,1.9,0.57
6535,5.56,4.89,31.9,58.48,1.84,0.0,2.43,1.39,3.39,1.52
6536,12.67,2.57,38.31,19.37,3.27,5.45,2.44,0.83,1.95,2.03
6537,0.5,2.33,60.41,62.27,5.53,3.5,1.76,2.02,1.62,0.56
6538,5.48,4.2,58.31,75.82,1.21,0.42,0.79,1.25,0.0,0.67
6539,6.33,4.55,10.56,84.33,2.79,1.84,0.18,2.67,0.0,0.58
6540,8.4,4.07,45.05,78.25,3.26,3.19,1.47,4.2,1.87,0.0
6541,11.47,4.11,61.36,34.09,6.64,2.14,0.0,0.0,2.65,0.0
6542,6.25,4.57,54.98,69.42,5.0,0.0,0.88,2.46,0.42,0.49
6543,6.02,3.78,61.67,66.36,3.18,3.45,1.69,1.7,2.73,0.26
6544,9.71,5.9,37.33,52.77,3.3,3.32,1.77,2.25,0.5,1.24
6545,1.8,4.87,57.89,43.11,6.09,2.82,1.11,1.8,3.08,0.28
6546,4.06,3.95,48.96,30.89,4.3,1.01,2.08,0.0,1.28,2.13
6547,8.27,5.6,20.11,70.5,5.63,4.27,2.71,3.71,1.9,1.87
6548,0.5,4.92,67.55,56.7,0.64,4.04,2.18,3.31,0.59,0.42
6549,11.86,7.27,55.72,36.33,2.22,2.8,0.8,1.77,1.35,0.14
6550,8.58,3.96,36.75,34.49,5.15,4.48,1.04,1.87,3.31,0.69
6551,9.59,0.92,29.1,35.92,2.73,1.94,0.0,2.15,1.44,2.24
6552,3.65,5.25,48.81,53.22,3.09,1.25,0.56,4.76,3.54,0.0
6553,0.5,6.42,54.01,87.62,3.12,0.94,2.54,3.18,2.19,1.79
6554,4.8,4.61,44.85,75.85,5.51,0.0,3.26,3.17,0.76,0.64
6555,3.73,2.84,73.66,27.84,3.3,2.42,1.2,0.57,1.04,1.51
6556,7.09,0.25,43.39,67.19,7.2,2.51,2.77,1.99,1.9,1.15
6557,1.21,5.87,35.48,57.04,0.67,0.0,0.36,2.94,1.99,0.02
6558,9.81,0.0,34.75,73.66,3.26,3.19,0.0,2.52,0.49,0.78
6559,2.43,1.64,34.83,37.68,6.37,0.54,2.05,3.12,2.58,0.34
6560,5.71,0.73,63.71,44.97,3.18,0.49,0.0,1.95,1.33,0.86
6561,9.62,2.06,18.33,67.51,0.0,1.11,0.38,0.72,1.37,3.02
6562,3.88,7.38,58.83,77.33,2.96,2.58,0.89,1.39,2.5,0.0
6563,3.53,3.53,33.83,22.31,2.0,4.84,1.35,1.2,2.15,1.13
6564,1.12,6.54,30.58,66.04,2.68,4.36,1.62,2.39,0.57,0.8
6565,0.5,2.88,43.38,86.02,3.81,0.26,0.46,2.89,2.97,0.0
6566,5.57,4.44,37.84,58.85,3.23,1.41,1.13,2.47,2.03,0.85
6567,8.97,4.41,37.99,61.9,4.82,3.08,1.88,3.85,2.64,0.27
6568,8.02,6.06,55.26,67.44,3.17,0.85,0.27,2.45,3.52,0.98
6569,8.73,3.04,22.71,72.52,4.45,4.44,1.36,2.91,0.77,0.0
6570,4.87,6.42,43.01,51.29,2.18,2.48,0.26,2.91,3.5,0.76
6571,10.27,8.4,50.05,15.88,5.17,2.45,0.0,1.93,0.78,1.13
6572,8.17,2.61,74.55,43.97,2.78,1.55,0.72,0.27,1.74,1.75
6573,10.85,1.13,19.8,49.7,0.0,1.62,2.63,0.77,1.88,2.18
6574,0.5,1.95,18.91,73.52,5.95,1.94,2.92,4.85,3.12,0.0
6575,10.98,4.46,40.62,68.79,3.37,0.0,0.69,1.59,1.1,1.3
6576,3.48,7.2,45.23,56.22,2.02,1.89,0.72,0.98,0.98,0.37
6577,5.59,5.02,39.99,64.52,2.75,3.08,2.92,3.27,2.34,1.02
6578,3.58,4.15,42.15,52.87,2.71,2.13,0.32,3.09,0.0,1.73
6579,6.55,3.63,32.11,88.96,5.68,0.0,2.08,4.71,0.0,0.0
6580,3.71,4.82,65.55,66.05,1.98,6.94,0.0,0.0,4.64,0.76
6581,8.55,0.0,13.06,42.82,3.7,1.45,1.93,1.23,2.97,1.58
6582,5.09,5.04,55.49,38.9,4.28,3.59,1.87,4.14,2.12,0.42
6583,8.63,3.69,31.86,83.43,2.47,2.44,1.59,0.36,2.03,2.17
6584,8.03,0.0,56.25,78.95,2.1,0.0,2.69,2.77,1.84,1.32
6585,8.81,4.89,36.68,84.92,3.14,0.0,1.89,4.07,0.38,1.87
6586,9.18,0.0,15.0,56.43,5.38,2.99,1.99,0.44,3.14,1.04
6587,7.7,5.3,49.54,44.22,2.88,3.7,1.33,2.23,1.85,1.62
6588,6.53,2.82,36.71,45.01,4.05,3.12,0.0,1.67,2.82,0.66
6589,9.51,3.24,51.43,66.93,2.09,3.07,1.8,3.13,1.84,2.47
6590,9.13,4.56,57.34,58.73,2.78,0.43,2.48,4.08,1.03,0.26
6591,2.31,5.24,28.43,39.16,7.27,2.65,2.18,3.75,2.01,0.47
6592,5.79,1.8,48.25,78.93,6.39,1.67,1.61,1.57,4.0,0.33
6593,2.47,1.94,46.98,42.44,3.33,0.42,1.36,1.77,1.54,0.13
6594,3.5,5.4,73.0,73.14,4.65,2.12,0.66,5.71,1.41,0.32
6595,4.08,7.43,22.9,100.0,3.82,0.71,1.1,4.15,0.0,0.91
6596,11.14,4.39,44.77,53.5,0.75,2.32,1.56,2.66,0.0,0.73
6597,3.6,4.05,47.76,71.42,3.0,3.86,1.1,2.16,1.42,3.15
6598,11.39,4.58,25.33,32.38,3.79,3.66,0.0,0.0,0.67,0.82
6599,11.49,0.73,52.2,93.19,2.89,2.52,1.33,0.0,4.68,2.92
6600,8.03,3.03,72.79,19.19,2.06,0.52,1.36,2.53,1.0,0.0
6601,7.52,0.0,19.92,25.59,4.99,2.64,1.79,0.28,0.37,1.97
6602,7.05,2.52,45.0,66.19,4.93,4.48,0.0,1.63,0.26,0.35
6603,4.64,3.0,70.26,60.6,4.19,3.34,2.79,1.69,2.6,0.0
6604,6.16,4.06,42.11,29.05,2.64,1.88,0.27,2.72,3.39,0.24
6605,3.66,5.46,69.95,54.77,3.21,0.17,1.41,2.14,2.17,0.66
6606,6.62,6.68,51.54,49.05,3.18,0.08,2.83,1.27,3.32,2.59
6607,9.66,3.12,47.56,39.9,3.79,1.65,0.35,0.29,4.03,0.19
6608,2.94,5.82,53.55,56.2,4.03,3.87,2.65,1.22,2.53,0.0
6609,7.57,4.77,38.14,30.84,1.05,2.47,1.94,0.91,3.22,1.19
6610,0.5,2.41,51.57,46.08,2.41,1.33,2.55,2.33,2.83,2.58
6611,3.4,5.37,14.34,74.3,3.88,0.0,1.77,3.05,0.0,0.59
6612,1.87,3.52,55.75,100.0,2.43,0.0,2.61,2.03,0.5,1.67
6613,2.0,4.09,33.71,61.16,2.72,0.16,1.21,3.63,1.5,0.0
6614,6.18,3.82,34.45,44.53,4.29,2.47,0.03,0.84,0.58,1.39
6615,7.2,6.64,60.26,9.1,4.74,4.5,3.57,5.44,0.95,2.31
6616,9.76,3.84,40.98,61.7,2.55,1.11,1.27,2.37,3.63,1.72
6617,5.28,4.07,44.6,56.17,1.61,1.29,1.21,0.0,2.02,1.48
6618,7.47,3.88,37.0,13.59,5.46,2.78,1.22,4.24,0.0,0.0
6619,6.74,3.49,59.66,51.1,2.82,3.69,1.78,1.52,0.0,0.0
6620,6.45,0.0,32.19,58.11,3.22,2.33,2.87,2.65,0.0,2.19
6621,9.01,2.16,48.26,60.91,4.19,1.8,0.62,0.0,1.7,1.09
6622,5.97,2.29,56.73,32.85,2.06,0.08,1.25,1.73,0.0,0.44
6623,5.34,7.47,31.15,74.85,4.43,0.86,1.79,2.71,1.48,0.0
6624,9.63,2.09,74.74,24.37,2.02,2.96,0.46,0.31,3.92,2.02
6625,4.09,5.64,66.08,19.61,1.98,2.11,2.67,4.17,4.1,1.8
6626,5.11,1.69,8.11,33.84,4.67,3.58,2.85,3.67,4.23,2.04
6627,4.34,1.2,43.02,66.31,2.88,2.39,1.64,3.55,1.73,1.09
6628,6.04,3.87,26.12,93.42,2.74,0.0,1.97,2.69,3.44,0.99
6629,3.5,1.13,45.33,56.31,2.65,0.24,0.58,0.08,1.09,0.82
6630,5.12,2.05,60.98,35.14,5.91,2.39,0.65,1.69,1.56,0.0
6631,3.55,1.29,52.14,41.39,2.77,1.01,0.0,3.49,0.4,2.83
6632,4.08,6.43,32.54,68.02,1.92,0.51,0.0,1.85,0.0,0.52
6633,5.11,6.65,20.76,57.09,2.73,1.73,2.93,3.5,3.65,1.26
6634,5.7,3.55,48.23,51.87,4.07,4.53,3.12,3.1,2.72,0.0
6635,3.5,4.71,36.13,44.32,1.49,4.02,0.33,2.86,2.49,1.18
6636,0.94,6.09,71.22,70.52,2.64,1.24,1.39,2.14,3.72,0.86
6637,2.93,0.0,56.55,22.4,4.67,1.89,1.36,1.84,1.85,1.09
6638,8.48,2.08,49.34,70.66,2.41,1.75,0.0,0.69,1.13,0.67
6639,11.29,5.48,19.83,100.0,6.64,0.74,1.93,3.27,3.71,1.84
6640,6.84,4.03,48.95,20.03,3.93,3.32,1.48,2.93,4.63,1.44
6641,1.16,3.21,58.91,73.99,5.4,1.73,0.75,2.46,0.37,0.0
6642,8.94,4.71,56.25,19.83,4.28,5.14,1.84,1.49,2.25,2.01
6643,4.99,5.49,67.84,63.62,5.03,0.86,2.17,1.4,0.0,0.0
6644,0.63,3.84,53.04,44.77,6.29,2.65,1.47,2.21,0.48,0.23
6645,5.99,6.35,47.82,53.81,4.17,4.92,1.94,1.35,2.98,0.03
6646,5.46,3.19,65.94,38.55,5.32,2.76,0.28,2.79,3.94,1.23
6647,5.74,2.73,46.11,74.1,3.21,2.84,0.09,2.11,2.91,1.1
6648,2.81,4.49,49.12,71.85,3.86,0.53,1.51,2.1,0.49,0.59
6649,11.28,5.11,49.11,37.36,1.51,2.48,1.72,1.78,0.0,0.32
6650,3.22,7.72,76.01,79.16,4.32,0.0,0.86,3.6,0.87,0.0
6651,6.52,4.67,32.47,44.07,1.54,3.77,0.0,2.84,1.37,1.55
6652,2.95,3.7,6.3,38.77,5.15,0.21,3.82,2.98,0.0,0.94
6653,7.25,5.42,50.03,25.61,3.88,4.1,1.26,1.95,2.24,1.26
6654,8.79,0.16,19.49,62.59,2.58,2.56,2.87,1.92,0.38,0.0
6655,4.07,1.37,50.73,66.57,2.38,0.36,1.4,2.3,3.19,0.0
6656,1.66,5.31,48.58,41.21,3.97,2.27,0.75,2.09,1.74,0.5
6657,3.08,2.94,29.88,37.9,3.35,1.63,2.65,3.87,0.0,1.07
6658,6.64,2.23,76.95,35.43,3.89,2.71,1.16,1.22,1.88,1.75
6659,2.48,4.96,41.98,54.8,2.52,3.17,3.65,4.03,3.15,1.41
6660,4.96,0.47,37.84,34.08,4.63,0.18,2.83,4.54,3.46,1.37
6661,4.95,8.67,48.25,45.71,5.87,1.85,1.68,3.47,0.21,0.63
6662,11.86,7.0,45.25,43.07,3.78,1.96,1.55,0.0,3.2,1.75
6663,7.76,2.03,26.83,82.42,5.99,2.36,2.75,1.82,1.15,0.0
6664,5.17,4.47,52.84,64.28,3.42,1.9,2.58,1.84,1.3,0.53
6665,5.47,6.86,71.84,43.49,4.02,3.04,1.24,2.76,3.51,0.0
6666,11.69,1.56,48.37,54.04,5.9,2.49,1.23,1.02,0.0,1.71
6667,4.47,1.85,35.1,69.37,4.85,2.8,2.2,4.84,2.13,0.0
6668,0.5,1.15,65.86,54.86,4.56,1.48,0.83,1.51,2.78,0.83
6669,6.91,1.54,54.61,76.05,2.82,4.34,0.32,1.01,1.44,0.93
6670,1.47,5.29,45.86,88.22,3.39,0.62,1.32,1.58,1.79,1.25
6671,9.59,4.95,36.03,53.52,4.07,2.8,2.04,0.0,2.4,0.72
6672,6.83,1.1,35.9,53.45,2.02,1.54,0.87,1.8,1.92,0.28
6673,8.65,1.92,56.39,80.68,3.33,1.91,0.0,0.0,3.46,1.17
6674,3.85,1.84,49.53,69.92,4.51,1.85,2.52,2.63,3.65,0.5
6675,1.36,2.06,66.36,66.19,4.07,0.41,3.45,3.87,0.29,1.94
6676,7.39,6.17,36.95,47.82,6.76,2.83,3.11,1.95,0.23,0.0
6677,2.32,2.35,57.1,59.19,3.49,5.18,0.38,1.2,1.4,0.0
6678,5.22,4.1,60.43,64.81,0.37,1.55,1.45,3.54,1.98,0.58
6679,10.26,7.72,31.7,54.74,3.36,0.0,1.53,0.86,0.51,0.67
6680,2.69,0.0,54.0,46.44,4.62,3.05,2.57,0.83,2.08,1.64
6681,0.5,1.51,74.36,77.99,3.87,2.67,1.8,1.73,1.7,0.95
6682,5.89,3.28,39.69,0.0,0.43,1.33,0.0,3.82,1.74,1.49
6683,6.0,2.84,52.21,61.24,2.34,1.98,0.49,3.29,0.0,0.78
6684,2.95,6.4,67.21,50.67,2.26,0.0,2.67,1.76,3.16,1.14
6685,7.71,5.11,67.69,52.27,3.33,1.38,3.06,2.37,0.82,0.98
6686,6.94,3.91,51.78,68.13,5.13,4.38,1.24,0.0,2.95,0.04
6687,10.93,3.03,34.45,36.67,1.97,1.31,1.63,2.86,0.27,1.86
6688,3.86,1.98,48.36,45.67,4.12,0.0,0.0,1.54,1.86,0.8
6689,10.68,2.24,31.81,57.76,3.37,3.06,1.23,3.74,4.31,1.14
6690,8.18,3.6,3.87,45.84,1.74,3.49,0.53,0.96,2.78,2.4
6691,3.36,6.62,29.17,44.4,4.56,0.48,2.08,1.3,3.35,0.08
6692,0.7,3.04,58.72,67.12,4.91,0.0,1.22,4.6,2.33,2.39
6693,7.14,7.29,24.65,19.79,4.44,2.92,2.55,0.62,0.99,1.91
6694,2.66,1.95,80.71,91.93,7.23,2.38,3.23,1.91,2.98,0.34
6695,8.72,5.02,32.31,52.49,3.06,1.63,1.43,2.31,0.0,0.63
6696,1.67,6.23,49.8,90.99,1.08,1.7,2.52,1.44,1.34,0.0
6697,7.0,5.57,54.34,71.98,3.73,0.94,1.87,3.35,3.85,2.3
6698,4.26,4.28,43.23,68.75,3.04,3.59,3.72,2.24,3.97,0.55
6699,2.78,3.92,49.2,41.47,2.37,0.58,0.17,3.95,4.39,0.0
6700,3.1,3.33,6.84,27.02,3.81,3.21,2.36,3.74,0.0,1.51
6701,3.58,3.74,39.72,42.51,2.63,1.93,3.03,3.36,1.74,0.0
6702,7.57,4.27,49.59,57.76,4.73,2.99,1.35,4.83,2.52,0.71
6703,11.27,3.35,59.03,83.98,1.5,4.65,1.79,0.0,1.54,0.51
6704,6.92,3.11,32.63,30.02,3.45,1.67,0.92,1.13,3.0,0.0
6705,9.99,5.41,56.58,83.92,1.47,3.28,2.0,2.74,0.31,1.49
6706,8.74,3.75,57.5,21.83,4.9,2.61,0.75,0.0,0.13,1.12
6707,3.22,0.0,61.58,63.97,3.33,0.74,0.29,0.0,1.47,1.01
6708,0.5,5.35,32.16,74.29,2.54,0.37,1.67,4.35,2.71,0.18
6709,5.63,7.79,42.8,64.23,3.34,2.9,0.99,1.0,0.22,0.0
6710,9.27,5.18,24.11,99.34,4.63,1.02,2.24,2.47,0.69,0.98
6711,6.06,0.0,44.59,60.11,0.64,1.73,1.46,1.66,3.33,1.0
6712,0.5,1.19,40.16,44.38,3.65,2.1,1.33,3.14,1.48,0.95
6713,8.38,5.84,46.62,38.99,3.88,3.14,0.0,1.85,1.02,1.82
6714,4.72,3.57,39.95,93.86,6.11,3.89,0.91,3.04,2.05,0.0
6715,9.48,6.02,29.31,25.37,4.38,1.81,2.34,0.12,2.63,2.38
6716,5.2,0.19,29.04,5.23,4.08,0.0,2.82,3.28,4.5,2.4
6717,3.06,2.42,65.07,37.32,4.32,0.89,2.4,3.34,3.32,1.54
6718,7.04,3.06,25.72,63.54,4.71,0.58,0.99,1.91,4.55,0.65
6719,8.14,2.38,31.52,56.58,3.3,2.95,0.51,2.8,2.43,2.08
6720,6.79,3.59,35.36,84.8,1.02,1.99,3.56,4.37,1.76,0.95
6721,6.37,1.92,33.79,60.7,3.57,0.0,0.9,3.58,1.79,0.81
6722,4.13,8.13,66.83,71.36,1.11,0.15,0.0,1.48,2.03,0.0
6723,3.5,5.62,81.91,32.54,3.09,3.23,0.69,1.96,2.05,0.0
6724,4.25,0.0,48.84,5.03,4.58,1.91,3.48,0.14,3.85,0.94
6725,6.26,2.26,51.24,83.74,3.87,2.5,1.75,3.61,1.0,0.56
6726,7.7,6.96,33.28,67.31,2.75,4.37,1.94,2.71,1.81,0.93
6727,3.3,7.1,52.87,40.14,5.16,2.69,2.52,1.29,0.48,0.09
6728,8.44,5.09,74.4,74.38,3.51,2.61,0.84,0.32,4.24,0.0
6729,14.18,7.67,24.14,60.59,3.18,2.6,0.47,3.1,2.15,0.63
6730,0.69,6.01,30.84,78.9,0.73,0.89,1.42,3.13,3.82,1.63
6731,6.68,3.32,36.24,60.51,5.93,4.72,1.99,3.49,0.71,0.0
6732,7.05,4.82,71.76,75.54,3.93,3.11,1.9,3.26,1.35,0.14
6733,0.5,7.72,49.19,63.54,4.49,1.2,2.16,1.52,2.91,0.55
6734,5.63,5.84,34.3,43.91,2.62,1.13,1.06,4.11,0.0,2.24
6735,5.83,2.41,50.28,45.06,4.81,3.88,2.43,2.65,0.0,0.49
6736,7.01,1.94,68.91,63.29,4.89,4.62,3.48,0.0,1.28,0.0
6737,11.85,3.7,21.12,78.31,4.08,3.97,0.36,1.32,1.13,1.63
6738,5.9,3.28,68.93,63.45,4.56,3.54,2.42,3.05,1.08,0.0
6739,7.18,4.77,10.99,80.77,4.91,3.17,0.16,2.94,1.47,1.89
6740,1.59,3.94,73.03,58.73,2.53,0.85,0.0,2.77,0.56,0.0
6741,6.09,2.23,37.66,48.52,2.19,2.47,1.24,0.31,2.26,0.41
6742,4.72,4.52,58.57,66.65,3.74,2.02,1.34,0.0,3.43,1.22
6743,4.38,2.57,26.68,100.0,2.89,2.16,0.86,0.93,2.69,0.0
6744,6.97,4.98,61.85,43.07,2.58,2.86,0.25,4.6,2.15,1.58
6745,6.71,1.98,28.55,65.69,3.21,2.21,2.38,2.88,2.17,1.78
6746,4.28,3.5,33.77,54.86,4.21,3.5,0.64,1.73,1.32,0.0
6747,6.53,6.18,51.88,52.34,2.56,3.22,0.0,3.74,3.23,0.0
6748,6.87,5.49,21.98,39.2,2.98,1.88,1.42,1.52,2.0,1.49
6749,2.54,8.84,48.15,48.17,4.41,1.85,0.42,0.67,2.12,0.0
6750,10.71,5.03,61.35,61.0,1.98,2.82,1.31,0.0,3.25,1.7
6751,1.62,6.84,58.71,65.8,4.1,2.6,1.94,0.54,2.14,0.12
6752,4.54,5.7,71.15,90.63,4.69,2.83,4.79,3.29,1.61,0.0
6753,5.84,3.37,35.51,30.11,3.89,3.4,2.51,1.28,2.13,0.36
6754,4.79,5.0,70.25,44.77,7.69,0.52,0.78,3.04,2.66,1.06
6755,5.99,4.43,56.91,57.28,2.82,0.87,1.15,1.39,0.74,1.92
6756,3.26,0.15,22.94,42.23,7.42,4.22,2.68,1.48,2.68,0.23
6757,6.94,3.89,38.46,71.51,4.21,0.66,1.79,3.96,2.25,1.62
6758,4.91,6.25,70.22,50.44,3.36,1.87,0.18,0.0,5.15,1.97
6759,10.37,0.48,66.83,63.26,2.03,3.27,2.49,3.36,2.62,2.62
6760,7.12,3.39,61.55,30.34,3.98,1.27,3.38,0.0,0.56,1.33
6761,9.23,6.29,49.41,37.22,3.54,0.81,2.37,1.39,1.51,0.16
6762,9.22,6.74,39.33,44.05,2.64,0.82,0.54,2.13,0.67,1.86
6763,3.76,5.7,45.71,55.87,1.78,0.76,0.74,1.94,2.05,0.15
6764,9.48,5.72,33.74,55.4,6.14,2.54,1.29,1.97,1.32,0.0
6765,4.85,5.13,28.07,81.32,3.52,1.32,0.86,3.59,0.4,0.57
6766,0.5,1.24,42.09,45.59,4.03,6.56,2.86,6.28,0.0,0.25
6767,9.09,2.6,62.38,74.09,2.55,2.45,1.9,0.0,2.11,2.86
6768,10.48,6.57,38.52,61.32,1.65,2.63,1.3,2.67,1.47,0.33
6769,9.76,4.88,56.33,51.54,4.17,3.09,0.52,0.0,1.56,1.17
6770,5.37,2.56,42.9,80.48,3.58,1.31,2.41,3.96,1.36,0.5
6771,3.12,1.05,50.32,74.73,2.31,1.49,0.07,4.14,0.6,0.32
6772,7.4,1.1,67.82,45.95,2.25,2.52,1.15,1.66,2.03,0.99
6773,5.14,7.7,27.24,56.02,3.52,4.01,1.35,3.99,0.42,0.1
6774,4.0,5.16,32.76,59.6,6.91,5.21,2.94,1.91,2.74,0.0
6775,6.58,4.81,44.48,60.33,1.55,1.53,3.26,0.45,3.39,0.26
6776,4.81,4.02,72.77,36.8,4.11,0.56,0.75,0.0,2.52,1.84
6777,6.81,5.96,16.98,71.14,1.71,0.95,1.28,2.12,0.0,0.61
6778,4.0,2.66,52.04,60.65,3.37,0.87,2.04,4.11,3.95,0.35
6779,6.51,0.13,41.65,75.66,2.75,2.04,0.8,1.47,1.63,1.17
6780,5.98,5.57,58.37,61.57,3.64,2.7,1.77,1.15,2.91,0.1
6781,4.16,8.42,41.38,77.12,4.53,1.37,0.35,2.99,1.48,0.34
6782,6.75,3.03,41.51,65.72,5.88,2.16,1.99,1.18,3.38,0.0
6783,10.31,3.38,20.75,74.95,0.89,2.58,2.69,0.0,2.52,1.89
6784,6.09,4.4,67.07,51.88,0.89,0.26,2.43,2.53,0.83,0.11
6785,5.97,0.0,43.56,35.6,3.67,5.44,1.45,0.0,3.09,0.59
6786,7.29,5.92,43.51,34.45,3.32,2.1,0.75,2.93,1.43,0.0
6787,5.75,3.16,70.71,55.47,1.64,2.79,0.53,1.88,3.2,0.48
6788,4.06,6.64,68.47,62.17,5.2,2.47,0.0,0.5,6.06,0.89
6789,8.43,7.22,64.41,100.0,3.15,1.35,1.54,2.41,2.05,0.49
6790,10.42,5.39,37.26,38.74,3.15,2.32,1.18,0.0,3.15,0.17
6791,5.22,2.76,62.0,55.65,3.61,0.69,0.47,2.12,1.87,0.55
6792,0.5,3.73,11.24,51.15,2.56,0.19,0.3,5.25,2.13,1.92
6793,6.15,6.44,29.22,56.77,3.54,1.06,1.76,0.13,3.95,1.34
6794,7.62,3.66,61.45,32.0,3.24,2.96,0.2,2.07,1.63,1.45
6795,2.78,4.86,58.27,43.12,4.48,0.04,0.0,0.92,2.26,0.0
6796,5.11,7.84,62.75,44.76,3.22,2.88,2.21,4.51,0.11,0.0
6797,4.15,7.72,62.14,54.32,3.96,0.38,1.08,1.25,1.13,0.34
6798,5.81,1.72,44.54,57.94,7.13,0.28,3.82,2.1,1.93,0.42
6799,0.5,3.25,47.92,62.83,6.3,0.0,0.97,2.56,1.85,1.97
6800,7.12,5.3,64.93,16.75,1.8,0.15,2.53,2.19,2.53,1.1
6801,0.5,4.38,54.11,66.72,4.52,4.6,1.99,0.58,2.77,0.0
6802,4.12,3.06,32.14,52.86,4.04,2.06,2.21,2.99,0.19,1.4
6803,5.38,0.79,16.92,57.95,3.75,1.75,0.54,2.97,0.78,2.04
6804,10.47,3.76,36.98,18.72,6.71,0.0,2.98,2.41,2.3,1.38
6805,2.08,3.53,45.67,47.25,3.24,2.67,1.79,1.81,1.52,0.15
6806,3.09,2.2,72.27,62.17,4.29,1.52,0.0,3.14,0.53,0.35
6807,7.46,0.87,36.76,62.86,1.36,1.25,1.22,3.42,1.31,2.37
6808,8.4,6.87,42.03,52.51,3.1,1.39,0.74,2.9,0.0,1.2
6809,8.26,2.66,25.27,60.36,5.83,3.59,1.85,2.89,3.66,0.0
6810,6.88,3.19,50.54,66.9,5.36,2.83,4.32,6.37,0.74,0.0
6811,4.32,4.5,43.73,52.53,1.35,3.36,1.21,1.8,1.7,0.51
6812,2.71,6.11,63.33,64.39,1.33,0.17,0.04,3.59,3.96,0.14
6813,0.5,1.92,41.13,46.11,5.62,0.81,1.45,0.28,1.12,0.0
6814,4.05,5.25,22.72,46.52,4.7,4.15,2.45,2.03,1.86,1.09
6815,9.54,3.86,20.02,44.62,2.2,1.29,0.67,1.8,1.2,1.18
6816,7.42,2.81,32.64,60.15,4.64,2.79,0.92,0.74,2.72,0.0
6817,7.68,5.13,41.01,45.07,4.3,3.92,1.96,0.0,0.93,1.16
6818,6.32,1.24,28.89,73.41,3.03,0.46,0.49,0.0,1.15,0.0
6819,6.81,3.42,53.68,53.06,3.78,2.43,1.93,0.0,3.92,0.38
6820,5.52,3.15,48.25,33.78,3.3,2.28,1.28,3.32,0.0,0.0
6821,9.56,6.0,48.58,38.16,2.95,3.3,1.92,0.81,1.48,2.17
6822,4.73,2.74,22.68,55.97,5.18,2.11,1.83,3.12,0.37,0.39
6823,11.12,2.56,21.52,53.31,2.75,2.39,2.84,1.17,2.58,0.48
6824,2.0,2.66,36.65,61.19,3.91,0.0,3.12,5.55,0.49,0.82
6825,2.97,0.69,57.13,35.39,1.75,2.06,2.15,3.38,1.14,0.72
6826,7.1,3.44,58.4,66.38,1.78,1.8,1.74,1.54,1.87,1.83
6827,9.06,4.36,54.44,53.2,6.14,0.0,2.24,2.39,1.44,1.51
6828,5.1,6.71,60.88,67.02,2.47,0.0,0.31,2.82,5.24,0.0
6829,6.68,2.98,22.17,13.45,1.91,0.0,0.0,2.85,1.46,0.56
6830,5.04,3.33,51.94,60.21,3.9,3.02,1.1,3.6,3.26,2.21
6831,5.43,5.48,74.28,58.74,5.48,2.25,0.58,4.6,2.06,0.0
6832,5.75,8.16,51.24,64.28,3.21,0.13,1.09,4.47,2.56,0.17
6833,5.72,3.65,52.58,73.18,3.23,2.11,1.47,4.4,3.43,1.3
6834,8.55,3.95,52.58,86.34,5.91,0.59,2.48,0.0,2.66,1.1
6835,3.84,2.47,79.64,53.67,4.57,3.05,0.96,1.68,0.94,1.26
6836,2.58,5.61,63.88,69.71,3.81,0.07,1.9,2.55,3.08,0.0
6837,3.63,5.65,33.97,79.28,3.87,0.79,1.09,1.38,1.09,2.54
6838,10.8,5.83,49.63,75.89,5.96,1.62,3.04,1.3,0.81,0.0
6839,5.11,6.96,47.22,61.64,2.08,0.0,0.15,0.58,3.68,1.87
6840,10.38,5.21,30.72,70.15,1.29,0.05,1.51,2.41,0.17,1.31
6841,12.63,6.81,45.0,63.18,4.97,2.51,4.42,4.14,1.84,1.2
6842,7.57,4.22,36.25,64.28,3.3,4.02,1.7,2.37,3.92,1.56
6843,8.38,6.24,51.07,66.39,4.09,0.89,1.85,2.14,1.45,0.88
6844,3.41,1.05,48.82,17.72,4.29,0.0,0.97,0.0,1.49,0.39
6845,5.02,3.4,37.78,63.93,0.02,0.0,0.4,3.34,2.83,0.07
6846,9.39,3.22,51.81,46.41,4.51,1.92,2.18,1.95,3.47,0.5
6847,3.93,0.97,37.66,67.81,2.85,3.75,0.12,4.47,2.23,2.11
6848,7.54,1.02,40.31,45.7,4.33,3.31,0.72,0.42,1.63,0.22
6849,11.3,3.14,54.74,28.89,2.44,3.81,0.63,2.67,0.53,0.0
6850,11.4,4.75,51.88,64.83,6.35,2.97,1.82,0.89,1.62,1.63
6851,4.81,7.1,43.62,82.74,3.01,2.46,2.09,3.67,3.31,0.0
6852,4.6,1.18,22.51,55.43,3.74,2.68,0.0,3.04,2.23,0.86
6853,4.36,5.62,26.01,75.22,0.93,2.01,1.76,2.72,2.25,1.42
6854,10.44,4.62,43.05,52.56,6.46,0.0,2.15,2.72,1.39,0.0
6855,8.66,1.42,39.51,49.89,1.64,1.54,0.0,2.39,2.47,2.37
6856,6.86,1.62,70.17,52.18,3.74,1.77,1.64,0.0,2.19,0.18
6857,3.24,5.34,99.17,54.96,3.22,1.75,0.4,4.35,2.91,0.0
6858,5.0,3.51,50.85,64.95,2.69,2.13,2.82,5.48,4.97,1.89
6859,7.84,4.98,59.39,53.94,3.64,2.83,2.79,2.4,3.23,0.0
6860,4.43,3.34,61.31,27.45,3.78,4.46,0.22,3.61,0.0,0.07
6861,5.69,1.71,35.07,40.62,5.02,4.99,3.15,0.21,0.48,0.42
6862,0.5,3.52,36.15,66.9,4.4,0.82,0.0,1.38,0.08,0.4
6863,2.29,5.03,50.87,80.7,3.27,1.76,0.66,1.91,0.55,1.14
6864,2.25,3.2,39.8,29.41,4.51,2.2,1.28,1.32,1.95,0.0
6865,2.35,1.44,9.6,73.46,1.65,2.65,1.67,2.18,0.88,0.54
6866,0.5,4.1,30.47,61.37,4.66,3.95,4.19,2.44,1.8,1.37
6867,7.01,2.17,49.76,67.38,0.57,2.31,2.0,4.67,3.41,1.65
6868,7.39,3.51,62.01,50.88,3.2,1.92,1.66,2.74,3.24,0.85
6869,6.16,6.14,49.48,28.41,3.74,1.39,2.31,2.09,1.4,0.0
6870,5.9,4.34,64.09,61.66,1.21,3.19,0.0,1.58,0.86,0.0
6871,3.41,3.16,54.21,55.77,3.84,3.18,0.96,2.81,0.36,0.45
6872,8.71,9.4,38.13,69.67,4.33,0.0,0.88,1.57,0.43,0.0
6873,7.03,4.3,52.12,51.96,0.88,1.25,1.74,1.56,4.44,0.16
6874,12.2,6.66,31.9,100.0,0.57,0.1,0.0,1.42,0.0,1.44
6875,6.76,4.58,49.36,96.92,3.86,3.9,1.81,0.44,1.06,1.44
6876,7.75,1.19,62.34,60.7,3.9,0.0,1.07,1.24,0.9,0.45
6877,6.33,5.32,47.57,52.02,3.61,0.0,2.27,1.78,4.05,0.13
6878,13.32,4.6,17.69,63.61,5.64,2.64,5.24,1.01,1.73,0.71
6879,9.13,2.54,65.49,87.4,2.96,2.39,0.42,2.96,4.4,1.77
6880,0.5,2.71,50.15,69.2,3.8,0.0,0.57,2.23,1.7,0.92
6881,7.15,4.58,80.66,68.72,3.17,1.44,0.77,2.39,0.0,0.7
6882,10.22,4.03,32.16,48.81,5.35,1.91,1.18,1.26,1.99,0.0
6883,6.74,3.4,30.97,51.53,2.06,2.4,0.59,2.27,0.55,1.84
6884,9.01,4.86,27.36,44.77,2.34,0.06,1.83,0.0,2.01,2.21
6885,8.36,4.41,51.66,45.32,6.34,1.98,3.7,0.0,1.28,1.35
6886,5.59,5.36,39.96,44.59,3.74,1.44,1.06,1.09,1.96,1.71
6887,0.5,3.31,48.57,61.57,4.73,0.66,1.94,2.93,0.42,1.79
6888,8.57,3.42,27.88,65.97,4.81,0.85,2.5,1.0,1.44,0.0
6889,10.79,4.41,54.4,44.23,4.04,1.63,1.54,0.0,2.44,0.5
6890,4.4,2.37,71.15,0.0,1.75,1.37,0.96,4.57,3.11,0.41
6891,8.66,3.7,39.82,43.75,2.73,2.96,0.27,2.56,3.12,0.57
6892,7.63,0.99,63.71,65.74,5.64,1.65,3.01,1.72,3.24,0.89
6893,10.0,4.08,53.64,24.65,4.0,1.62,1.63,1.27,2.44,0.11
6894,12.29,3.39,41.55,29.29,5.26,4.04,1.7,0.0,0.0,0.69
6895,0.86,3.06,47.09,47.9,3.26,0.16,1.05,0.0,2.55,0.34
6896,10.18,1.55,31.82,98.69,4.03,0.23,0.49,0.72,0.13,0.89
6897,9.18,1.77,48.28,80.41,0.2,0.0,2.94,3.72,1.85,1.13
6898,2.9,5.39,47.63,73.41,1.78,3.06,1.27,1.82,1.15,0.88
6899,6.85,4.22,40.03,55.75,2.49,3.55,2.57,0.6,2.79,3.03
6900,8.82,4.33,31.32,99.33,5.1,1.94,0.5,0.0,0.97,1.04
6901,3.98,3.61,19.73,22.1,2.27,2.69,0.93,1.44,0.0,0.53
6902,0.5,6.46,56.7,25.14,3.84,1.59,2.04,2.35,2.62,2.42
6903,5.49,5.04,27.19,37.13,4.38,3.26,0.26,2.46,2.05,0.58
6904,5.59,0.24,26.67,66.89,2.97,5.14,1.68,3.39,2.86,1.1
6905,2.73,2.37,28.15,48.36,3.27,0.53,1.39,2.98,1.46,0.03
6906,4.12,3.28,58.78,78.25,1.46,3.3,1.65,2.07,4.18,0.0
6907,0.5,0.47,62.21,27.85,3.97,1.89,3.32,0.51,5.58,1.76
6908,3.82,3.32,35.99,53.32,3.79,1.98,0.52,1.44,4.33,0.0
6909,4.85,3.96,49.26,63.21,6.34,1.74,2.61,1.37,0.64,0.0
6910,10.98,2.5,49.17,48.92,3.3,2.22,1.4,1.9,3.45,1.1
6911,1.08,1.86,29.05,67.08,4.16,1.37,1.72,0.15,0.09,0.44
6912,9.18,2.37,37.23,77.58,4.27,0.55,2.24,2.23,0.0,1.25
6913,2.18,5.34,37.05,58.7,1.53,3.99,1.82,2.23,1.49,0.0
6914,7.78,6.47,29.12,46.35,4.99,2.06,1.27,0.0,2.18,0.87
6915,7.24,5.61,35.89,59.83,2.8,0.97,1.08,1.75,1.84,0.47
6916,7.2,4.83,62.89,85.28,4.21,2.99,0.42,2.79,0.0,0.0
6917,4.68,6.2,61.55,56.33,6.5,2.4,0.0,3.7,0.77,0.0
6918,11.11,8.89,47.49,43.12,0.0,5.44,2.14,1.28,1.79,0.84
6919,2.34,4.29,38.89,43.42,2.26,0.11,1.29,4.12,1.7,1.09
6920,6.34,6.79,70.37,64.93,3.33,2.14,2.63,0.2,2.69,1.13
6921,5.2,2.2,48.12,26.55,2.34,2.31,2.09,2.91,3.51,0.0
6922,2.69,3.5,37.17,48.34,0.7,3.19,1.96,2.53,1.83,1.2
6923,9.3,6.21,30.18,65.12,3.41,0.0,1.26,1.13,2.99,2.1
6924,1.56,8.8,58.3,47.79,4.41,0.63,1.62,3.07,3.81,0.07
6925,1.53,4.22,57.3,70.3,3.9,0.0,1.44,1.9,3.06,0.82
6926,5.04,4.52,69.01,84.08,1.56,2.32,2.16,4.21,5.26,0.0
6927,7.08,4.74,29.51,75.3,5.14,0.47,0.38,1.64,2.51,0.24
6928,6.47,4.13,50.42,59.87,2.3,1.61,0.0,3.59,0.46,0.0
6929,8.34,4.53,43.15,61.42,5.55,3.35,2.7,0.94,2.28,1.06
6930,3.97,4.35,48.77,55.02,3.52,3.78,0.22,3.71,4.71,0.73
6931,9.56,2.22,48.94,55.51,2.24,1.51,3.36,1.81,1.75,1.1
6932,6.58,5.07,67.75,55.98,3.96,1.68,1.82,0.0,1.6,1.15
6933,7.22,0.59,55.8,40.36,3.2,3.52,1.66,4.84,0.0,0.96
6934,9.4,8.12,23.44,34.88,2.63,2.88,0.56,4.87,2.31,0.27
6935,8.71,4.3,0.92,49.07,5.65,1.81,0.0,2.69,0.38,1.23
6936,6.49,3.71,39.38,88.66,3.18,4.49,3.22,2.6,1.65,1.31
6937,4.44,2.74,23.28,80.42,5.17,2.81,2.94,2.99,3.15,1.6
6938,3.68,8.52,43.72,37.61,6.86,0.81,5.4,2.79,0.67,0.0
6939,0.5,0.4,42.71,100.0,4.34,1.21,0.76,1.85,1.53,0.25
6940,5.83,5.33,35.36,64.34,2.25,0.35,2.96,2.67,5.18,2.36
6941,6.6,0.54,16.89,10.6,1.51,4.42,3.58,1.22,0.68,2.12
6942,8.97,8.71,40.59,60.33,1.56,3.36,2.59,1.66,1.68,1.19
6943,7.46,3.45,45.83,66.87,3.08,3.36,3.68,2.29,4.35,2.53
6944,10.79,2.75,57.52,44.17,1.89,3.33,1.37,1.2,0.11,2.28
6945,6.96,2.09,46.55,45.78,5.67,2.89,1.47,1.04,0.41,0.0
6946,5.95,2.46,47.39,42.41,5.11,4.6,3.05,4.75,3.12,0.52
6947,5.12,4.41,65.84,40.45,3.88,2.05,1.66,1.46,4.26,1.81
6948,10.63,4.24,25.25,38.27,3.91,3.21,0.92,1.19,0.42,0.21
6949,7.91,2.21,39.7,26.56,5.46,1.73,1.39,0.9,1.37,0.99
6950,6.72,3.99,1.42,0.0,3.15,1.3,1.29,3.8,1.39,0.0
6951,10.86,8.16,36.08,33.55,4.9,1.4,1.69,3.16,0.53,0.72
6952,9.39,3.26,13.52,54.33,5.01,4.34,2.63,0.82,2.6,0.36
6953,6.59,4.44,53.11,39.59,3.67,1.61,0.0,0.8,2.32,0.58
6954,7.94,5.97,45.65,69.84,5.21,3.15,0.77,0.45,4.51,0.38
6955,5.83,6.42,55.08,30.57,3.19,1.71,0.0,0.52,2.17,0.26
6956,14.45,2.9,29.75,45.26,0.86,1.79,3.97,2.97,0.0,1.77
6957,8.46,5.2,48.48,59.83,3.93,1.69,3.0,2.58,1.33,2.32
6958,11.35,4.07,18.47,55.23,3.9,4.22,1.03,3.49,1.64,1.43
6959,4.57,2.12,37.22,57.87,3.97,0.0,2.74,4.44,1.46,0.69
6960,7.28,5.47,18.72,95.68,3.94,4.4,0.0,0.65,3.78,0.0
6961,7.58,3.21,44.46,67.75,2.71,1.23,1.26,2.54,0.31,0.89
6962,11.93,6.17,39.81,38.28,6.56,2.9,1.66,3.52,0.0,1.63
6963,8.45,5.05,52.34,44.26,5.13,0.44,0.56,1.9,1.73,0.18
6964,6.73,4.12,63.79,79.14,4.74,0.42,2.6,3.99,1.86,1.23
6965,3.62,2.62,41.29,67.04,4.46,3.07,2.87,1.5,1.06,0.03
6966,7.12,6.2,51.49,64.93,3.07,3.06,1.86,1.76,1.69,0.92
6967,10.38,5.98,37.08,37.56,4.78,3.11,0.64,2.69,0.54,0.67
6968,1.46,1.54,46.28,26.49,1.53,0.57,2.47,1.44,2.01,1.13
6969,4.04,4.67,45.68,24.7,3.83,0.59,0.0,0.8,0.13,1.6
6970,8.32,4.35,39.03,6.66,4.83,0.36,2.71,0.0,2.3,2.5
6971,5.09,3.05,47.27,46.68,5.31,3.08,1.93,0.0,2.28,0.1
6972,3.87,3.39,45.13,60.02,4.65,0.33,2.72,2.23,2.42,1.22
6973,3.79,5.62,47.81,46.79,3.16,0.92,2.73,2.17,1.72,0.25
6974,6.94,5.42,55.47,44.79,1.71,2.81,0.36,1.29,2.21,0.0
6975,6.62,4.27,47.58,25.34,5.15,0.81,1.23,4.0,5.0,0.0
6976,8.96,9.43,65.33,88.52,0.17,1.47,0.13,2.98,3.63,0.25
6977,9.9,5.82,37.17,27.02,2.75,2.42,1.74,0.68,1.42,1.73
6978,3.53,7.02,22.89,37.02,0.86,1.38,0.0,2.94,0.39,1.64
6979,1.86,3.59,61.4,55.37,2.41,1.89,0.77,2.65,3.02,0.85
6980,5.93,2.2,37.17,50.36,1.19,3.31,0.0,0.0,1.35,1.3
6981,7.17,4.08,38.79,64.89,3.23,2.78,0.8,1.62,1.34,0.39
6982,9.36,3.12,35.42,81.51,6.29,2.37,2.29,0.26,0.97,0.96
6983,7.49,2.23,44.62,39.43,0.69,3.72,0.0,0.0,0.0,0.95
6984,7.64,5.78,52.81,70.45,1.85,4.11,1.05,1.36,0.48,0.0
6985,5.22,4.65,23.68,55.91,4.88,0.09,3.13,0.0,0.92,0.0
6986,8.12,4.98,51.11,80.45,1.59,2.24,1.66,0.0,4.02,0.0
6987,7.69,2.94,54.98,19.94,2.75,2.03,1.69,3.06,2.66,1.69
6988,7.51,5.06,56.44,67.33,3.95,1.06,0.0,3.64,0.0,0.87
6989,10.9,5.41,76.37,28.4,3.65,3.09,3.61,0.13,1.03,1.32
6990,4.36,3.05,51.25,60.04,4.66,1.93,3.3,1.59,2.03,1.48
6991,7.93,3.0,66.78,49.15,4.69,1.27,1.45,1.55,0.8,1.55
6992,6.59,6.81,38.56,75.86,4.16,0.86,1.66,3.01,1.21,1.21
6993,5.62,3.52,57.58,63.48,5.95,1.59,1.01,1.19,2.24,0.0
6994,5.97,4.81,56.38,42.11,3.88,0.0,2.03,3.0,1.09,1.09
6995,2.0,3.15,35.86,28.53,3.69,3.38,1.67,0.0,2.58,1.02
6996,5.29,1.98,68.07,45.46,4.49,2.48,2.4,0.08,1.69,0.0
6997,6.2,3.76,40.49,64.24,3.0,3.82,0.13,0.02,0.04,0.66
6998,8.24,2.21,50.7,48.72,4.03,4.04,1.22,1.81,3.04,0.0
6999,0.5,2.71,54.37,74.45,4.2,0.34,3.35,0.65,3.43,0.0
7000,9.22,7.53,55.83,79.96,2.54,2.45,1.33,0.0,2.18,1.2
7001,8.09,3.12,44.08,44.4,4.53,0.0,0.0,4.16,0.74,0.0
7002,8.59,1.07,17.38,50.54,3.18,4.77,2.88,0.55,2.36,0.96
7003,4.38,5.1,51.94,64.62,6.68,0.57,1.37,1.94,0.0,0.0
7004,0.5,3.31,41.26,56.06,3.21,6.05,0.41,3.55,4.96,0.5
7005,5.72,5.65,51.83,76.97,3.32,0.63,0.24,1.75,0.18,1.29
7006,0.5,5.58,36.15,38.26,1.38,0.0,2.92,3.01,0.68,0.0
7007,3.97,1.79,50.42,61.89,4.94,2.39,1.62,2.69,3.11,0.05
7008,2.59,4.0,68.0,27.44,3.78,0.0,0.0,2.02,1.88,0.27
7009,3.89,4.4,58.34,49.25,5.93,1.82,1.18,3.56,2.74,0.0
7010,3.13,3.2,73.91,72.47,4.56,2.31,1.29,1.92,1.76,1.67
7011,3.71,2.63,31.96,56.86,2.39,1.8,1.34,0.0,1.31,1.29
7012,6.23,5.47,24.39,53.33,1.16,2.87,0.75,2.92,0.0,1.2
7013,6.99,0.67,44.65,48.79,4.4,2.12,1.96,2.02,0.0,1.15
7014,2.7,4.84,46.15,79.23,3.86,1.41,2.39,1.85,0.64,0.34
7015,3.38,2.98,19.57,75.99,3.92,0.68,3.31,0.57,2.46,1.45
7016,9.65,0.0,27.87,43.65,1.92,3.52,1.16,1.99,2.07,2.2
7017,8.49,4.29,49.38,54.87,1.18,2.15,0.0,3.45,1.23,0.0
7018,5.62,2.86,67.17,39.63,2.71,2.74,1.36,3.59,2.07,1.25
7019,6.25,1.91,82.12,53.54,4.5,1.79,3.01,3.29,0.0,0.68
7020,6.21,1.27,52.63,21.08,2.72,2.09,2.54,2.41,0.81,2.29
7021,10.2,2.76,35.7,33.68,5.05,2.62,0.9,1.72,2.76,0.01
7022,3.13,4.74,57.27,92.09,2.5,0.19,0.49,0.68,2.43,0.0
7023,0.6,5.44,52.27,66.69,4.91,0.13,0.57,0.0,0.31,0.0
7024,3.01,2.93,53.71,75.42,4.19,0.85,0.52,1.51,0.0,0.88
7025,0.5,1.42,33.6,21.14,1.93,4.05,2.2,4.68,2.14,0.24
7026,5.53,0.63,55.69,32.07,3.13,1.65,0.0,3.13,3.65,1.49
7027,3.57,4.66,37.47,73.39,3.74,5.27,1.55,2.5,1.51,0.64
7028,3.33,1.51,21.91,55.83,5.4,2.86,1.87,4.26,1.85,0.23
7029,3.0,1.52,59.51,54.06,4.6,1.15,1.85,4.38,1.74,0.54
7030,2.08,1.31,55.83,30.91,3.4,3.27,2.52,3.14,1.65,0.51
7031,0.91,4.67,56.45,18.96,2.27,0.0,0.0,2.18,0.0,0.56
7032,2.86,2.48,64.94,56.88,5.04,0.01,1.91,1.62,3.16,0.93
7033,3.5,2.8,18.35,52.19,1.54,0.81,1.68,3.48,1.26,0.79
7034,6.53,1.8,47.82,47.13,5.31,2.65,2.88,0.0,2.54,0.92
7035,6.18,1.77,47.82,50.08,4.97,0.08,1.32,1.14,2.9,0.37
7036,4.18,3.21,25.71,29.41,2.11,0.0,2.61,2.51,0.72,2.15
7037,8.83,3.56,27.26,61.16,7.22,3.52,2.15,2.58,1.25,1.97
7038,2.59,5.82,70.71,61.92,2.32,1.63,1.12,4.36,0.32,1.25
7039,4.16,4.86,51.05,36.51,5.55,0.0,0.0,0.39,3.06,0.2
7040,4.28,6.63,37.76,58.27,2.55,1.58,2.82,0.59,0.39,1.06
7041,2.18,5.08,35.14,40.8,2.59,2.96,2.12,3.38,0.0,0.0
7042,7.29,4.06,41.21,50.96,1.35,0.0,1.73,0.0,0.47,0.98
7043,3.49,1.0,43.61,24.34,4.86,5.06,0.31,2.22,1.61,1.34
7044,6.59,3.02,28.32,60.13,1.82,0.34,1.7,0.42,1.43,0.76
7045,2.3,4.6,62.76,61.19,3.54,0.82,2.32,3.31,3.15,0.0
7046,8.44,3.16,52.07,60.41,4.68,3.42,2.45,0.0,0.96,1.81
7047,6.04,0.14,41.27,44.93,5.74,2.28,0.98,0.0,2.42,1.04
7048,9.69,8.6,30.77,84.04,2.61,1.35,0.12,1.53,2.58,0.0
7049,6.24,7.07,51.37,57.58,0.25,0.49,1.91,3.85,0.31,1.49
7050,2.65,2.86,44.69,50.77,0.4,4.16,0.0,2.09,0.0,0.0
7051,9.43,3.58,13.49,57.66,1.99,1.75,1.52,2.72,3.21,0.0
7052,3.29,2.57,68.66,45.12,0.63,5.4,2.19,3.29,0.06,0.05
7053,3.2,3.49,32.62,45.18,0.34,0.0,0.13,4.54,2.87,2.43
7054,4.66,4.96,50.17,42.85,0.53,5.64,1.44,0.0,0.37,1.03
7055,6.32,1.87,62.21,40.13,2.69,2.92,1.38,0.43,1.56,1.46
7056,8.75,7.12,23.88,49.35,4.87,1.05,2.98,2.03,3.32,0.4
7057,5.6,2.62,70.86,78.44,2.95,2.39,2.16,1.56,0.43,1.08
7058,6.25,5.28,61.74,47.52,4.02,3.77,1.64,0.0,2.57,0.55
7059,0.5,3.94,43.58,56.94,3.87,4.75,2.96,0.0,2.69,0.68
7060,7.25,6.19,52.59,42.33,0.73,2.62,1.89,5.45,0.44,1.53
7061,3.15,2.4,42.46,62.89,2.96,1.35,0.13,2.59,0.5,1.15
7062,6.61,2.48,40.27,85.59,1.94,3.07,1.11,0.0,1.83,0.51
7063,6.74,2.32,37.38,46.06,3.63,2.82,1.57,1.6,1.87,0.89
7064,8.84,1.83,30.97,44.59,1.48,4.05,1.36,0.89,2.8,0.11
7065,3.88,4.58,31.2,35.08,3.05,0.0,1.82,0.56,3.01,1.58
7066,9.49,1.89,49.52,68.73,2.2,0.0,1.42,1.69,1.39,1.89
7067,7.08,3.31,50.42,34.12,1.86,2.23,1.08,0.57,0.27,0.0
7068,6.93,5.7,31.59,66.33,1.64,1.44,2.21,3.92,0.43,2.33
7069,5.94,7.19,20.14,100.0,4.74,1.35,2.4,1.77,0.24,1.84
7070,0.5,1.57,61.98,89.87,6.56,0.0,2.24,0.92,0.39,0.0
7071,0.83,6.48,49.31,61.96,1.28,1.56,2.03,2.64,1.96,2.62
7072,7.05,6.74,68.43,37.17,2.82,1.08,2.14,5.08,4.1,0.06
7073,7.31,2.46,30.72,19.49,2.32,0.66,0.39,1.89,2.43,2.48
7074,5.12,2.28,45.27,34.93,5.9,2.28,1.49,2.14,0.7,1.41
7075,4.49,6.13,42.73,29.63,4.33,1.09,1.6,0.75,3.4,0.81
7076,4.51,1.86,25.11,33.3,5.15,2.99,1.47,1.35,2.04,0.52
7077,2.91,5.41,15.82,33.52,5.12,0.0,2.27,4.8,1.37,0.0
7078,2.97,3.38,18.56,84.66,5.13,1.52,1.86,0.91,1.73,2.63
7079,7.66,7.56,61.16,97.51,6.88,1.07,1.7,1.76,1.99,0.89
7080,4.65,4.22,34.21,63.07,2.81,3.17,3.17,2.82,2.08,1.39
7081,5.5,2.67,38.71,73.25,3.41,2.51,2.69,2.74,2.05,0.38
7082,3.71,4.01,44.1,97.17,2.58,0.77,1.16,2.62,2.51,0.75
7083,5.78,2.36,22.94,12.61,3.0,2.85,1.88,0.11,1.83,2.21
7084,3.15,3.6,44.18,63.28,4.31,1.55,3.45,2.38,3.23,0.0
7085,11.85,6.03,20.12,63.5,3.8,2.23,1.12,0.0,2.56,0.16
7086,8.64,3.65,48.15,36.43,5.05,1.38,0.87,5.06,2.3,1.29
7087,8.27,5.3,67.58,100.0,2.53,1.83,0.88,1.8,1.91,0.0
7088,4.67,3.38,57.75,62.01,3.52,0.0,2.11,3.13,0.92,0.0
7089,3.27,3.69,44.25,18.6,3.61,2.79,1.01,3.36,1.41,1.2
7090,9.19,3.95,58.28,100.0,3.64,4.0,1.52,2.42,1.5,1.28
7091,2.85,6.17,26.14,75.1,4.0,1.96,4.75,3.91,1.0,1.08
7092,8.58,4.69,43.75,63.12,2.17,2.17,1.49,2.8,1.59,0.87
7093,9.02,3.59,15.99,75.99,4.01,1.55,2.39,1.89,2.76,1.15
7094,5.8,4.38,50.79,37.77,3.34,0.0,0.15,2.94,3.03,0.83
7095,3.2,5.78,28.11,45.15,4.05,2.18,1.46,5.9,1.08,0.61
7096,13.48,7.19,34.68,63.53,3.38,0.31,2.44,1.49,2.16,1.48
7097,8.45,4.46,39.36,78.67,3.91,1.16,1.52,3.1,0.64,0.52
7098,0.5,2.6,49.16,47.43,4.22,0.75,0.41,0.0,5.07,0.0
7099,3.25,5.69,41.42,50.72,3.5,2.14,2.02,1.66,1.22,1.06
7100,4.87,4.16,26.57,45.36,0.76,0.0,0.58,2.73,0.34,0.97
7101,7.44,1.43,61.16,79.12,1.56,2.18,0.0,3.96,3.18,0.0
7102,7.8,1.07,33.44,55.86,2.43,0.0,1.02,1.47,2.07,0.24
7103,8.06,0.38,23.1,32.13,5.42,0.85,0.03,1.59,2.86,2.51
7104,1.97,7.17,14.49,29.1,1.23,1.58,1.29,2.07,2.01,0.0
7105,5.39,7.19,34.25,46.35,5.39,1.15,2.5,1.25,2.07,0.0
7106,5.44,4.32,57.9,51.95,2.9,2.35,1.31,1.01,2.9,0.07
7107,5.35,5.55,74.72,60.07,4.2,2.1,1.62,0.45,2.39,0.85
7108,6.75,5.87,68.65,54.28,0.62,4.42,0.0,4.51,3.0,1.68
7109,4.8,4.41,64.08,44.53,1.42,2.21,1.97,0.0,1.96,0.36
7110,6.65,3.29,35.97,62.03,4.62,1.63,2.41,0.94,1.0,0.0
7111,5.6,5.9,20.05,55.7,5.56,3.09,2.82,5.92,1.65,0.45
7112,10.45,8.58,47.66,30.44,3.63,3.09,0.0,1.08,0.15,0.14
7113,4.77,1.53,38.23,67.76,6.01,3.49,0.93,0.47,3.66,0.15
7114,0.5,2.92,31.53,76.43,2.09,2.15,0.95,1.18,2.59,0.2
7115,3.9,2.71,59.56,30.93,5.26,1.59,0.46,3.66,3.5,2.35
7116,3.42,5.52,46.94,20.54,3.38,2.36,1.39,4.55,2.55,0.0
7117,10.23,4.44,80.57,43.01,5.09,2.43,1.61,0.0,0.0,1.54
7118,7.93,4.67,22.89,51.22,2.88,0.05,1.98,2.77,2.89,1.11
7119,9.42,3.76,42.77,61.02,6.44,0.0,1.52,1.22,3.32,1.93
7120,7.83,5.15,42.74,68.93,0.19,0.05,0.49,3.54,2.03,0.0
7121,4.58,3.94,45.78,83.42,5.28,4.42,0.89,0.0,4.11,0.77
7122,6.0,7.2,56.56,34.35,4.2,0.97,1.18,0.71,2.02,0.96
7123,4.28,4.41,67.64,44.75,4.07,0.8,1.12,2.87,2.22,0.0
7124,1.45,4.31,44.58,85.05,4.24,1.28,0.5,0.0,0.66,0.56
7125,8.84,4.19,45.27,31.54,3.75,2.17,1.14,0.21,0.77,1.53
7126,5.57,2.19,39.1,50.71,2.5,2.29,2.27,3.83,3.53,2.03
7127,2.83,3.03,31.04,56.85,2.51,2.05,2.36,1.14,2.05,0.88
7128,2.99,4.29,50.0,67.44,1.32,3.16,2.41,4.08,2.83,0.0
7129,9.27,5.69,56.05,59.07,6.92,0.49,0.49,1.54,0.33,0.0
7130,6.3,2.21,20.78,20.79,4.87,1.19,2.03,0.49,3.15,0.0
7131,6.06,3.85,39.18,37.77,4.55,1.95,1.42,2.92,2.81,1.8
7132,4.48,6.37,45.88,18.74,4.06,1.33,1.38,3.7,0.44,1.06
7133,9.04,5.32,26.81,55.85,3.79,2.77,1.62,0.64,1.63,0.57
7134,5.34,5.66,32.28,60.24,3.5,2.03,2.38,3.11,0.68,1.24
7135,5.26,1.25,50.14,51.67,2.82,3.79,1.24,0.2,0.52,1.21
7136,3.4,2.85,67.21,78.4,2.96,3.29,1.29,1.78,2.26,0.38
7137,6.31,3.95,48.04,73.58,3.46,2.01,1.54,0.16,1.77,0.63
7138,8.49,1.63,44.77,66.0,1.91,4.39,0.62,2.57,2.19,1.82
7139,9.04,5.4,34.58,74.5,2.88,1.66,0.0,1.1,3.82,1.43
7140,5.47,4.26,37.77,37.47,5.01,0.0,0.62,0.64,2.91,1.65
7141,3.91,7.78,39.7,73.24,2.1,2.17,1.83,4.71,0.55,0.0
7142,5.22,5.65,37.0,62.45,5.92,2.82,0.0,0.57,0.87,0.39
7143,0.5,2.49,35.34,66.56,3.95,0.0,1.05,3.54,0.0,0.77
7144,7.28,1.96,43.4,25.03,5.75,5.11,1.32,1.32,2.6,1.6
7145,3.34,3.29,42.73,44.06,3.35,3.52,0.03,0.81,0.65,1.89
7146,10.31,3.4,55.91,60.36,2.57,1.55,0.93,0.83,0.0,0.05
7147,3.67,5.2,26.14,43.04,0.26,0.0,2.03,5.66,1.36,1.09
7148,4.18,0.79,52.79,76.25,2.04,3.67,0.91,2.24,2.26,1.13
7149,3.03,2.66,40.54,48.14,1.44,1.96,1.52,0.1,0.4,0.52
7150,5.52,3.06,15.94,32.92,2.96,3.87,0.66,3.42,3.85,1.8
7151,2.51,3.35,52.08,72.41,5.52,0.71,0.0,1.75,0.0,0.17
7152,0.61,5.83,41.17,53.93,2.81,3.86,2.76,2.77,1.68,0.11
7153,3.08,5.84,75.77,50.79,0.0,1.3,0.82,0.0,1.69,0.52
7154,4.46,5.43,38.88,24.81,4.44,2.98,0.96,2.84,1.28,0.97
7155,3.75,5.94,17.21,98.92,5.59,0.0,3.23,2.9,2.64,0.0
7156,5.65,1.59,32.72,34.26,3.6,1.78,2.15,1.85,2.07,1.28
7157,8.4,5.6,39.34,84.99,4.09,0.99,1.85,1.54,1.17,0.64
7158,4.47,5.3,32.08,47.4,2.03,2.98,0.0,4.57,4.06,1.76
7159,10.45,4.18,38.02,46.02,2.98,2.67,1.29,0.0,0.0,1.36
7160,5.02,3.42,35.4,88.9,5.41,2.92,1.86,2.93,0.35,2.15
7161,6.5,4.57,57.77,40.89,4.01,1.11,0.63,0.88,4.07,1.9
7162,4.68,2.83,41.2,83.21,3.51,0.88,1.34,3.07,3.29,0.0
7163,7.18,4.37,30.3,46.21,6.01,4.82,2.0,0.81,3.62,0.39
7164,5.53,4.12,33.67,61.81,5.12,0.12,0.0,2.02,4.37,1.15
7165,4.01,1.62,61.94,45.98,3.35,0.26,0.64,4.16,1.94,1.17
7166,10.16,2.47,58.58,47.08,4.1,4.18,0.0,0.72,0.0,0.52
7167,0.74,5.88,53.57,49.64,4.62,0.0,1.8,3.57,0.63,1.59
7168,6.24,2.36,49.3,33.94,4.37,2.84,1.88,3.54,0.82,1.51
7169,5.2,4.21,45.96,63.05,4.28,0.6,2.62,2.0,1.57,0.93
7170,0.5,4.11,24.78,47.86,6.81,1.85,0.81,1.58,2.8,0.0
7171,8.26,5.22,77.44,67.83,2.61,1.82,0.49,1.0,2.86,0.0
7172,10.13,6.43,43.65,34.96,4.34,5.28,2.65,1.94,1.46,0.0
7173,6.6,1.64,21.04,65.65,3.26,2.86,1.81,0.38,4.27,2.25
7174,6.49,7.35,55.9,33.9,5.5,1.5,1.65,2.89,2.51,0.0
7175,3.58,7.15,63.27,9.31,5.62,2.58,1.86,2.15,1.58,0.47
7176,2.63,3.73,48.73,58.41,4.84,0.76,2.79,1.95,0.16,1.17
7177,5.85,4.44,54.61,56.06,5.25,1.75,3.97,0.77,0.72,0.92
7178,1.67,1.9,39.37,56.67,4.81,0.0,3.89,3.56,1.53,2.22
7179,5.5,6.96,38.76,38.12,3.69,0.0,1.91,0.75,2.7,1.21
7180,8.22,5.16,63.5,41.25,4.07,1.03,0.22,0.15,1.28,1.28
7181,4.88,7.62,33.32,76.29,5.4,0.0,3.18,4.11,0.0,0.0
7182,5.43,0.0,66.38,57.54,4.55,4.87,1.44,0.21,1.74,0.0
7183,7.06,4.39,52.61,22.98,4.4,3.26,1.59,0.0,3.18,0.0
7184,7.27,2.47,48.76,64.5,3.94,4.07,1.94,1.63,2.46,0.34
7185,4.69,2.55,60.54,75.87,0.43,0.79,0.75,2.82,0.12,1.11
7186,9.42,1.78,41.62,74.98,1.5,0.12,1.56,1.27,3.85,0.06
7187,5.49,3.61,43.84,40.86,6.22,3.4,2.18,2.84,1.84,0.46
7188,8.92,2.26,53.96,26.34,6.01,0.08,0.48,0.23,3.83,1.93
7189,3.7,7.18,29.18,67.84,3.14,1.63,0.63,0.99,2.67,0.0
7190,4.69,1.36,67.14,40.61,3.11,3.32,2.47,0.0,5.96,1.62
7191,4.83,2.85,28.52,50.39,1.12,6.42,2.93,2.22,3.03,0.91
7192,8.16,5.03,76.5,72.4,1.39,0.0,1.31,0.45,2.44,0.86
7193,10.11,3.84,61.79,59.11,2.95,1.05,1.89,2.34,0.0,1.81
7194,4.88,1.78,34.82,68.31,2.18,1.52,1.97,2.0,5.34,0.96
7195,5.09,3.4,47.93,46.55,4.8,2.51,1.16,2.28,0.44,1.08
7196,4.32,4.51,43.45,24.42,2.92,1.35,1.11,3.88,1.25,0.98
7197,8.56,4.98,57.8,68.34,3.04,1.0,0.0,3.37,3.73,0.0
7198,3.81,6.41,73.56,51.26,5.18,1.72,1.37,0.84,2.84,0.28
7199,7.49,1.73,10.58,32.44,1.72,0.11,2.43,2.14,3.4,1.83
7200,1.96,5.49,14.11,82.34,3.48,1.57,2.22,1.98,1.18,1.11
7201,7.03,5.16,35.28,22.53,2.18,2.01,0.0,0.0,4.5,0.95
7202,6.82,3.45,69.84,47.65,2.78,0.31,0.0,0.0,1.76,1.82
7203,9.83,3.99,2.89,61.01,2.94,0.77,1.52,3.98,2.56,0.0
7204,6.86,2.05,73.65,89.23,4.79,1.59,0.92,2.04,1.29,0.36
7205,0.5,4.22,40.05,41.92,4.93,0.64,1.23,2.26,3.88,1.26
7206,1.6,3.63,53.7,37.55,4.46,2.98,2.2,2.56,4.95,0.0
7207,5.91,2.97,65.74,59.5,6.09,2.82,1.64,1.99,0.75,0.0
7208,3.86,5.89,45.12,59.44,0.2,3.32,0.66,2.97,1.52,1.48
7209,6.56,0.73,32.93,42.52,6.51,3.32,2.74,3.12,2.1,0.51
7210,1.17,6.11,62.99,77.17,2.79,1.08,2.72,4.45,2.44,0.0
7211,4.61,4.17,24.92,66.88,3.7,3.18,2.69,1.33,1.97,0.2
7212,5.95,6.32,32.76,74.76,5.9,0.0,1.8,1.76,0.0,0.0
7213,3.68,2.96,48.42,56.34,4.56,2.3,1.73,2.63,2.17,0.82
7214,0.5,5.98,32.77,38.91,3.72,2.85,1.03,2.19,2.69,2.05
7215,3.07,1.53,39.05,34.66,4.86,3.02,0.0,0.22,1.7,0.1
7216,7.45,6.32,36.35,60.8,2.93,3.93,2.76,0.49,1.63,0.12
7217,3.63,5.1,63.92,41.07,3.38,2.23,1.54,1.24,0.17,0.19
7218,8.35,5.88,45.59,55.77,5.73,2.48,3.7,1.66,2.11,0.01
7219,5.37,3.61,47.53,64.21,5.03,2.42,0.9,4.35,0.21,1.79
7220,3.02,5.78,49.01,35.74,4.19,3.79,1.97,3.77,2.13,0.4
7221,7.54,6.37,50.25,62.76,3.41,3.01,1.94,1.99,1.97,2.01
7222,5.89,0.37,16.45,56.57,3.76,1.54,1.9,1.09,1.81,0.81
7223,8.64,5.28,37.65,57.6,3.73,2.42,0.23,2.16,2.69,2.25
7224,4.91,1.44,27.2,79.6,3.96,2.0,0.0,2.26,3.89,0.0
7225,4.24,2.49,44.85,45.2,4.5,3.71,1.52,0.74,2.0,0.0
7226,4.84,5.83,50.83,62.11,2.67,3.79,2.07,2.21,1.09,0.33
7227,6.87,4.06,48.92,67.81,1.76,0.0,0.44,2.69,0.63,2.24
7228,7.25,2.35,20.78,57.7,4.76,2.36,1.29,0.43,3.81,1.87
7229,8.86,2.31,35.85,3.98,1.58,2.68,0.04,0.0,0.97,1.09
7230,8.03,3.55,47.62,84.8,3.5,3.75,1.27,1.93,0.65,0.62
7231,1.42,2.31,48.69,71.36,2.54,1.88,1.51,5.07,2.16,1.01
7232,3.76,0.73,54.33,21.67,4.23,3.79,0.15,2.16,3.38,0.08
7233,9.46,1.41,36.38,47.23,4.0,0.0,3.61,1.62,3.15,1.66
7234,9.09,3.75,60.14,61.92,1.33,1.99,2.54,0.91,1.21,0.0
7235,4.97,4.66,68.28,52.5,2.99,4.03,3.29,4.21,0.79,0.0
7236,3.88,1.53,42.37,47.92,5.83,0.92,0.0,0.8,1.75,0.0
7237,4.66,2.7,48.17,84.08,2.15,0.0,0.24,1.79,2.19,1.92
7238,9.68,4.82,26.63,42.3,1.32,4.6,0.31,0.0,2.86,0.71
7239,10.1,3.23,51.11,48.19,0.7,0.41,0.58,0.08,0.22,1.53
7240,4.88,0.37,81.68,32.6,2.93,1.85,0.0,2.67,1.44,1.15
7241,6.35,6.84,48.6,60.71,3.03,0.0,0.45,0.0,1.46,0.41
7242,8.18,0.4,39.73,46.02,2.38,4.25,1.39,0.13,2.74,0.78
7243,5.31,7.98,73.84,100.0,5.33,3.82,0.75,1.34,0.46,0.0
7244,5.96,5.26,35.9,72.21,2.17,3.81,1.43,2.92,1.82,0.68
7245,0.5,2.29,55.34,71.1,1.44,4.84,1.25,2.29,1.47,0.0
7246,3.56,4.01,42.0,55.04,0.79,1.73,2.15,0.3,2.03,1.63
7247,2.93,0.2,36.95,46.08,1.52,0.82,2.14,1.54,2.47,2.05
7248,8.39,2.07,54.39,45.07,2.47,2.12,0.61,1.59,2.26,0.79
7249,6.51,4.08,54.74,37.23,3.74,2.25,1.92,0.82,1.01,1.17
7250,2.92,2.96,31.24,91.6,6.63,1.33,1.95,0.62,0.96,0.0
7251,7.25,6.05,34.48,88.86,3.64,0.0,0.76,2.01,2.31,1.28
7252,5.35,0.56,60.8,42.81,4.7,4.0,2.17,3.44,6.05,1.28
7253,10.34,2.48,34.28,73.75,4.31,4.43,3.03,0.95,3.0,0.0
7254,6.28,3.56,32.46,62.58,3.91,3.04,1.69,2.0,3.91,0.72
7255,5.52,3.07,63.97,84.96,3.75,0.27,0.0,4.12,2.88,0.0
7256,4.06,1.24,67.81,37.06,3.45,1.74,2.72,4.0,3.98,1.94
7257,2.16,7.3,0.0,67.86,0.95,0.99,0.21,2.22,0.74,0.45
7258,8.06,2.63,3.27,59.43,5.48,2.56,1.72,4.53,1.37,1.18
7259,2.03,5.46,48.29,81.45,2.06,2.44,0.02,2.93,0.0,0.67
7260,7.4,5.94,58.97,56.1,2.42,0.43,2.58,1.62,1.5,1.16
7261,3.86,4.0,78.33,41.08,4.46,0.13,0.0,4.58,0.52,0.44
7262,2.26,5.48,38.5,40.67,3.54,1.53,0.07,0.0,1.81,0.57
7263,11.19,0.99,47.61,59.87,3.59,2.58,2.46,0.56,4.15,1.5
7264,7.9,5.97,44.19,36.89,3.05,0.13,4.15,0.0,1.85,0.45
7265,4.57,5.1,43.05,58.36,4.47,0.51,0.11,3.47,2.94,0.29
7266,6.85,4.61,19.12,10.91,6.17,2.66,1.04,1.8,0.49,1.8
7267,5.45,2.41,44.38,55.15,1.92,2.61,0.25,3.88,0.0,0.29
7268,3.62,3.2,30.3,100.0,4.17,1.31,3.36,2.8,3.56,1.32
7269,7.92,6.74,30.12,55.84,5.34,3.81,1.63,1.27,0.0,0.92
7270,6.19,7.64,60.54,60.73,2.9,1.53,0.55,3.03,1.96,1.23
7271,8.55,5.11,30.91,38.89,4.05,0.92,1.73,1.05,1.82,0.79
7272,6.14,5.15,60.9,32.57,2.52,0.04,1.03,2.43,0.0,0.73
7273,5.27,3.81,21.35,28.81,3.92,3.25,0.35,2.0,1.59,0.17
7274,10.53,1.69,27.01,23.83,1.62,0.11,0.22,3.03,0.27,1.27
7275,3.02,9.4,46.23,46.16,2.94,3.36,3.09,1.45,1.04,1.43
7276,4.37,3.63,58.59,69.36,5.24,1.74,0.2,2.88,1.13,0.76
7277,3.72,3.89,65.29,57.3,3.64,3.05,0.7,3.82,1.37,0.0
7278,7.13,4.39,26.93,54.76,3.37,2.28,1.07,3.09,0.24,0.83
7279,3.25,2.64,63.34,60.56,5.53,3.76,2.7,0.32,1.44,0.0
7280,5.52,3.95,46.91,37.96,2.73,3.15,1.03,4.7,4.31,1.41
7281,7.81,4.74,9.14,46.43,2.76,0.0,2.43,6.15,1.13,2.6
7282,6.52,2.08,62.69,77.87,2.42,5.02,2.65,0.0,0.75,0.0
7283,1.41,6.15,51.6,59.97,7.45,5.07,1.72,2.96,1.26,2.42
7284,2.22,1.22,63.04,51.55,2.58,0.0,1.27,3.74,1.01,0.0
7285,0.5,5.28,52.69,64.06,3.51,0.0,2.19,5.14,2.33,0.67
7286,8.99,5.5,40.88,61.61,0.43,0.22,3.55,1.01,1.56,0.33
7287,8.95,3.89,71.45,44.18,4.23,0.44,1.93,1.37,2.81,1.27
7288,8.5,4.81,51.89,47.93,3.64,2.1,2.75,0.05,3.08,0.0
7289,11.0,6.67,15.17,82.63,3.76,1.59,1.84,4.0,2.51,0.13
7290,7.58,5.2,39.78,37.13,4.36,0.0,2.77,2.14,2.7,0.05
7291,12.07,2.3,44.29,74.95,1.6,3.79,2.66,3.05,0.05,1.75
7292,5.28,3.02,62.59,68.29,1.82,1.35,1.57,0.0,1.25,0.01
7293,9.59,5.01,70.54,55.73,3.08,1.83,0.67,4.58,2.69,0.71
7294,3.65,3.81,32.75,72.35,6.2,4.76,1.77,1.0,0.0,0.0
7295,4.61,5.19,39.85,63.2,3.76,0.96,1.55,2.16,2.66,1.34
7296,3.5,3.1,31.26,53.15,2.46,2.91,2.53,4.1,1.94,0.59
7297,2.32,3.27,67.9,35.3,4.07,2.46,0.94,2.54,3.58,0.04
7298,4.12,2.55,53.52,44.31,1.95,0.25,3.29,0.98,1.6,0.86
7299,5.74,4.91,14.81,47.34,6.41,2.59,3.92,2.2,0.05,0.71
7300,2.6,0.5,45.08,45.22,4.29,4.96,0.0,2.01,0.68,1.46
7301,4.25,3.31,47.42,97.63,6.23,4.04,3.55,2.97,1.03,0.27
7302,7.23,7.26,60.51,43.35,3.06,1.46,3.91,2.63,2.27,0.16
7303,8.84,2.31,61.98,69.6,3.3,6.8,0.0,1.37,2.93,0.07
7304,11.39,0.0,53.81,72.96,2.87,1.96,2.19,2.38,1.78,2.02
7305,7.51,2.6,34.25,58.63,6.71,2.27,0.0,0.0,3.38,0.16
7306,9.44,0.58,45.52,46.94,2.53,1.29,2.02,4.06,1.54,0.69
7307,6.98,0.0,34.02,44.59,3.14,2.09,1.08,3.06,3.29,0.42
7308,3.8,4.56,72.74,22.85,4.08,2.19,0.87,4.46,2.02,2.32
7309,5.05,1.37,32.06,44.99,1.9,1.34,2.16,1.35,1.63,0.6
7310,6.66,1.77,53.26,34.58,2.07,1.39,0.18,1.47,1.6,0.0
7311,6.85,7.47,41.99,48.59,4.82,0.56,2.05,0.0,0.0,0.48
7312,8.34,8.09,50.21,12.92,4.42,2.3,2.97,3.09,1.91,0.23
7313,1.72,1.62,58.3,32.05,3.44,2.12,0.88,0.73,0.42,2.28
7314,5.89,2.69,68.24,89.77,2.93,3.18,1.34,3.95,1.07,0.11
7315,8.25,6.05,10.41,58.46,2.81,2.8,1.11,1.16,0.14,2.28
7316,8.13,7.04,47.29,96.37,1.31,2.28,2.31,3.08,2.79,0.0
7317,11.88,6.66,61.31,49.81,3.09,3.77,1.96,3.92,0.06,0.0
7318,2.58,4.52,56.08,43.77,4.11,1.63,1.94,2.59,0.78,0.0
7319,1.43,4.25,20.82,47.31,3.66,2.12,2.88,3.26,1.95,1.66
7320,7.47,1.43,24.77,69.61,1.08,3.61,0.0,0.0,4.97,0.81
7321,3.59,7.23,22.28,56.0,2.88,0.58,0.02,2.07,2.66,1.74
7322,8.52,6.65,36.28,49.9,2.84,2.58,1.57,3.17,0.98,0.87
7323,4.21,5.01,64.34,25.11,3.87,4.25,2.82,0.0,2.75,0.96
7324,6.41,3.66,25.23,74.99,3.89,2.32,0.5,4.42,1.38,0.4
7325,8.31,4.4,46.16,8.75,2.55,2.65,2.96,2.37,2.17,1.12
7326,7.74,5.56,54.97,60.21,2.63,0.99,0.51,0.12,0.18,1.46
7327,11.13,3.8,8.07,56.93,4.15,3.28,1.0,3.31,1.86,1.17
7328,5.75,2.83,44.02,63.85,4.77,3.58,0.0,1.53,2.54,1.05
7329,2.29,1.96,26.36,57.49,3.75,0.99,0.0,2.92,2.52,0.81
7330,4.33,6.99,30.28,85.99,3.75,0.7,0.15,2.84,2.9,0.0
7331,5.86,5.25,28.75,57.04,2.63,0.1,0.74,1.21,1.96,1.23
7332,7.41,5.07,24.62,68.97,2.3,0.0,0.6,2.96,0.71,0.0
7333,6.69,7.04,58.65,28.81,3.19,3.18,0.63,1.41,2.1,0.35
7334,6.93,1.88,36.18,17.85,3.39,0.92,1.56,1.19,2.51,1.91
7335,0.5,2.2,68.35,72.09,4.11,2.53,0.0,2.49,0.14,0.0
7336,9.62,3.91,44.53,71.91,4.76,3.97,1.9,0.0,3.34,0.0
7337,6.72,4.6,34.53,39.51,3.85,2.37,3.26,3.09,0.12,0.99
7338,4.15,4.13,45.92,57.39,3.79,1.88,1.63,5.23,0.87,3.45
7339,8.39,2.0,38.54,38.25,3.71,2.25,0.93,1.25,2.38,1.03
7340,9.99,4.11,38.89,20.36,3.2,1.03,1.63,1.26,1.56,1.84
7341,10.48,6.43,52.86,38.57,2.77,2.42,3.22,1.02,2.92,1.12
7342,3.52,7.25,79.02,70.67,3.87,1.18,0.56,0.88,2.66,0.5
7343,8.38,5.03,54.94,60.08,4.37,0.0,0.55,0.0,2.43,0.25
7344,9.57,4.17,43.2,64.81,2.43,2.83,1.46,1.36,3.39,2.21
7345,0.53,6.71,18.71,49.16,7.03,1.7,2.13,3.97,2.05,2.14
7346,8.56,7.62,39.77,60.77,4.73,2.28,3.62,4.33,2.25,1.46
7347,2.75,5.38,29.9,56.48,1.19,2.86,2.17,2.67,0.08,0.0
7348,6.67,0.0,60.31,26.22,4.99,0.56,1.42,5.69,1.77,0.32
7349,0.5,4.96,18.93,68.34,6.1,2.27,0.67,4.57,1.12,0.0
7350,9.99,2.13,61.2,54.1,4.7,4.56,2.47,0.49,1.74,0.08
7351,8.01,7.54,45.42,56.0,4.81,0.79,1.55,2.57,4.78,0.0
7352,7.51,2.88,56.61,77.82,4.18,2.14,1.52,0.0,1.2,1.4
7353,9.57,5.49,35.11,32.92,3.37,4.41,1.35,1.29,2.6,1.59
7354,4.71,5.67,61.82,39.42,1.68,0.56,2.6,2.13,0.0,0.29
7355,8.38,5.92,41.87,65.95,2.79,4.67,2.82,0.0,1.15,0.0
7356,6.51,6.54,52.15,100.0,2.65,0.0,1.31,3.47,0.81,0.44
7357,6.49,0.81,50.85,62.53,3.48,2.98,0.0,1.96,0.96,0.0
7358,7.7,3.0,30.13,27.12,1.06,2.89,1.1,0.2,2.5,3.28
7359,3.64,5.55,57.38,74.16,5.34,1.38,0.89,3.61,0.81,0.0
7360,2.5,7.43,48.63,54.97,1.45,0.0,1.3,3.76,2.46,0.58
7361,3.62,1.69,58.06,35.17,4.45,2.68,0.69,1.09,1.22,0.98
7362,7.66,2.37,50.75,96.79,3.15,3.19,1.01,1.95,1.94,1.07
7363,5.87,5.88,68.31,81.87,1.79,0.0,0.0,1.46,3.58,0.88
7364,2.97,2.56,61.13,28.27,3.53,5.07,1.6,2.75,2.24,0.0
7365,3.14,1.4,46.21,66.94,4.48,2.18,3.7,5.41,3.54,0.6
7366,3.76,3.81,67.47,87.46,2.66,4.39,0.11,0.06,1.51,0.29
7367,0.5,5.71,51.1,97.02,5.09,1.08,2.44,2.32,2.31,0.16
7368,7.88,3.82,34.44,53.5,3.47,1.22,0.0,0.48,4.13,1.51
7369,6.02,2.57,49.69,57.72,1.8,1.75,0.22,3.0,1.28,1.06
7370,4.73,7.19,36.32,55.32,4.27,3.65,1.3,2.41,0.0,0.13
7371,5.87,5.04,36.44,56.62,4.1,0.0,0.67,0.0,3.56,2.13
7372,2.85,2.6,18.28,41.27,5.03,3.45,0.65,0.43,1.69,1.84
7373,1.78,3.6,34.58,95.86,3.51,1.87,1.42,3.19,1.72,0.63
7374,8.89,0.0,41.75,64.11,4.91,3.06,1.88,1.14,2.09,1.55
7375,1.18,3.37,42.59,32.35,2.32,0.66,0.6,0.97,1.94,0.57
7376,0.5,2.45,34.75,58.73,1.13,0.0,3.45,2.77,1.98,0.31
7377,1.25,3.48,31.72,57.94,5.12,0.5,1.64,1.45,0.0,0.09
7378,8.86,5.69,44.84,36.19,2.57,1.17,1.61,0.0,1.62,1.99
7379,5.31,7.92,44.1,63.49,2.53,0.64,1.66,0.0,2.36,0.5
7380,7.48,4.23,37.35,31.09,4.56,1.91,1.61,2.56,2.51,0.65
7381,5.72,4.37,43.06,71.45,3.91,1.5,1.86,2.85,3.32,0.03
7382,5.0,4.04,86.67,87.61,1.2,2.82,0.0,0.83,3.11,1.23
7383,8.52,5.7,46.33,18.04,1.94,1.89,1.1,1.12,2.34,1.36
7384,5.07,5.1,64.01,40.42,2.94,0.83,3.08,1.9,3.17,1.32
7385,6.88,5.73,39.62,57.01,4.05,1.09,3.65,1.74,0.75,0.71
7386,7.86,3.56,13.01,16.68,1.87,1.93,1.53,0.74,0.81,0.0
7387,5.94,11.03,35.67,54.54,1.48,3.12,3.19,2.56,2.7,0.0
7388,11.88,1.24,40.14,76.29,3.85,0.92,3.29,3.35,2.17,1.28
7389,4.32,6.41,36.94,71.65,3.5,0.99,2.85,2.55,1.05,1.58
7390,0.92,1.94,27.85,63.77,3.95,0.44,1.15,3.15,2.33,1.23
7391,9.53,3.06,56.77,69.37,3.47,5.77,3.38,2.55,3.21,0.17
7392,5.61,3.92,33.75,84.72,7.5,2.74,3.22,4.65,1.44,0.2
7393,9.31,3.84,0.0,74.92,3.94,1.92,1.14,2.8,0.97,1.84
7394,4.44,4.8,21.9,46.7,2.66,2.58,1.64,2.84,2.23,0.86
7395,9.77,2.94,23.8,36.74,0.0,0.75,1.69,1.81,1.66,2.09
7396,8.34,1.17,48.02,52.34,2.21,4.21,2.47,1.77,2.08,1.44
7397,8.06,3.27,41.1,72.66,4.89,0.67,1.67,3.5,0.68,1.12
7398,1.55,2.61,33.78,36.77,1.63,1.93,0.73,3.92,1.72,1.78
7399,4.46,3.5,50.31,43.39,3.61,3.43,0.0,2.61,1.45,0.08
7400,7.65,7.84,75.52,68.91,3.44,0.0,2.42,2.36,3.71,1.41
7401,3.41,5.12,53.16,64.88,2.87,1.01,1.84,2.87,2.94,0.66
7402,7.46,8.31,41.8,59.57,0.76,0.81,1.0,1.91,0.0,0.0
7403,8.36,5.42,56.1,60.54,3.07,2.59,1.04,4.85,2.23,1.57
7404,2.7,0.0,51.77,77.74,0.6,1.27,1.54,0.0,0.43,1.1
7405,3.18,3.35,37.6,80.69,1.6,0.0,0.0,3.28,0.32,2.46
7406,5.25,7.07,33.16,40.22,3.41,1.58,2.04,1.07,0.55,0.17
7407,5.94,4.03,41.26,38.71,2.08,0.39,0.73,0.94,3.21,1.18
7408,0.5,1.26,57.98,56.32,4.06,2.37,2.49,0.38,4.46,0.27
7409,6.06,4.63,35.58,37.79,3.79,0.67,0.0,1.0,0.14,0.0
7410,6.49,8.49,37.96,61.64,5.29,2.27,0.0,4.76,0.8,1.44
7411,5.01,5.99,43.33,32.01,1.82,1.18,0.0,3.63,1.57,0.3
7412,7.67,6.61,40.21,65.88,2.68,0.04,3.07,2.7,2.25,1.18
7413,7.43,2.05,63.48,52.9,3.53,3.02,1.67,0.11,0.52,0.96
7414,3.99,7.72,32.41,68.41,4.33,3.43,2.0,4.82,2.44,0.04
7415,11.88,5.33,54.65,25.9,2.96,3.46,2.46,0.0,3.43,1.75
7416,5.88,5.22,29.63,42.24,4.61,0.58,2.74,2.4,2.48,0.0
7417,9.45,5.97,31.32,76.88,3.96,1.42,3.43,2.25,0.57,1.51
7418,6.36,4.47,52.81,76.65,3.44,3.63,2.86,0.0,4.28,1.23
7419,4.09,3.98,34.34,80.61,0.99,0.0,1.19,1.85,3.6,0.61
7420,2.83,3.55,27.0,74.81,5.06,0.4,2.34,3.28,3.0,0.3
7421,0.5,3.62,48.53,46.96,5.32,3.35,1.97,2.35,1.11,0.16
7422,4.08,2.6,22.98,39.6,3.47,0.0,3.69,4.36,2.95,1.66
7423,4.46,6.5,25.12,63.2,1.57,2.92,0.12,1.01,0.85,0.0
7424,1.52,2.38,25.25,55.94,2.9,1.23,1.92,2.6,3.37,0.0
7425,7.38,4.09,0.0,62.79,4.63,2.42,2.91,3.46,1.62,0.7
7426,5.84,6.58,56.75,79.46,4.17,0.91,2.43,3.96,2.61,0.83
7427,5.79,2.04,37.54,21.16,4.33,2.05,1.23,0.31,3.62,1.22
7428,9.04,5.83,55.5,50.71,0.0,5.77,1.06,1.42,1.62,2.49
7429,5.12,4.81,56.68,100.0,1.5,2.07,1.42,0.6,1.55,0.47
7430,8.02,4.2,59.5,88.33,6.34,1.79,3.65,1.96,1.14,0.82
7431,6.7,4.23,30.34,50.99,5.12,7.6,2.98,0.0,0.0,0.55
7432,4.3,4.85,34.43,32.67,4.37,3.97,2.15,2.8,1.14,1.43
7433,3.8,0.8,57.9,53.15,2.48,3.88,1.72,1.93,3.41,0.0
7434,5.09,4.69,54.68,42.79,3.57,2.44,0.0,2.97,0.93,1.02
7435,3.04,1.26,37.86,32.56,0.85,2.45,1.54,2.13,2.19,2.78
7436,8.47,7.51,63.68,48.78,3.73,1.55,0.31,0.78,1.59,0.29
7437,3.59,6.78,47.42,75.84,2.54,2.54,0.0,2.06,2.9,1.28
7438,9.67,4.98,65.75,57.75,5.09,0.99,0.0,2.14,0.59,0.94
7439,8.23,2.62,46.18,41.02,7.21,3.55,4.45,1.69,3.74,0.29
7440,9.21,5.33,54.41,41.3,5.35,3.34,1.99,0.0,1.72,0.93
7441,4.3,6.92,49.24,70.65,3.61,1.14,1.8,1.94,2.17,0.0
7442,7.41,2.56,44.85,78.04,2.42,0.0,0.43,1.06,0.0,0.72
7443,1.87,2.23,68.88,51.17,3.16,4.69,0.0,1.73,1.27,0.0
7444,5.26,5.27,57.54,51.76,2.37,3.66,0.91,2.36,0.0,0.59
7445,6.64,2.66,81.37,65.88,2.54,0.0,2.26,0.0,3.23,0.43
7446,0.5,1.61,36.33,73.68,3.42,1.4,0.0,2.85,1.88,0.43
7447,4.36,4.64,27.47,33.48,4.7,3.37,1.31,1.16,1.54,0.02
7448,9.1,4.92,38.66,25.23,3.97,2.87,1.85,3.64,1.51,1.06
7449,5.27,5.04,25.77,29.4,4.77,1.35,2.56,1.9,1.09,1.36
7450,8.38,5.44,49.65,63.16,4.51,1.16,0.5,2.8,0.0,2.45
7451,3.81,6.3,46.37,76.79,2.43,2.19,1.78,3.63,3.17,0.99
7452,3.94,1.09,25.09,59.6,2.44,2.64,2.91,3.58,2.54,1.91
7453,6.99,3.76,48.12,39.16,2.19,4.78,1.35,3.3,0.0,0.0
7454,5.79,1.68,20.39,74.27,5.06,0.74,1.39,4.33,0.95,1.61
7455,3.77,7.2,22.13,25.31,1.82,0.0,1.77,3.13,0.0,1.47
7456,5.66,3.93,60.56,77.62,5.53,0.14,3.92,1.39,1.45,0.0
7457,2.54,6.06,40.81,45.99,4.77,0.05,1.77,1.84,1.0,0.37
7458,5.9,5.53,38.65,47.49,4.19,5.13,2.54,2.54,2.58,0.45
7459,9.78,8.02,62.88,65.15,2.91,1.47,0.08,1.49,0.0,0.46
7460,8.29,4.83,43.03,55.15,1.53,4.09,2.54,1.02,4.32,1.2
7461,4.64,5.06,47.39,54.29,4.62,0.0,1.07,1.42,3.09,2.25
7462,6.81,2.33,40.96,62.17,2.65,2.42,0.72,2.41,0.0,2.87
7463,5.54,0.59,17.59,54.76,6.89,1.71,1.78,2.01,1.61,1.25
7464,7.92,2.85,56.34,49.28,3.42,2.79,0.5,1.44,0.0,0.05
7465,5.88,2.67,52.52,60.75,5.55,4.13,4.71,1.4,2.83,0.47
7466,6.95,3.59,63.47,42.25,4.16,2.38,1.36,1.77,0.0,0.7
7467,0.5,5.06,45.32,81.84,0.18,0.0,0.95,1.53,2.47,0.72
7468,2.96,5.92,51.67,72.5,3.94,2.06,0.0,5.14,1.34,1.74
7469,12.69,4.7,52.46,33.53,5.14,4.22,2.51,1.14,1.04,0.0
7470,5.43,0.4,54.37,15.32,5.59,1.5,0.0,1.42,4.16,1.75
7471,1.18,4.51,23.86,40.9,3.9,2.5,2.51,2.32,2.49,0.96
7472,4.52,6.65,15.91,44.22,3.15,1.64,0.34,3.42,0.93,0.7
7473,6.09,4.43,41.93,48.4,3.15,2.4,0.99,1.88,2.28,1.64
7474,6.28,5.24,28.69,31.92,3.15,2.06,1.33,3.26,3.45,0.84
7475,4.85,2.52,47.3,71.11,5.37,1.19,1.89,4.72,0.12,0.56
7476,7.6,2.66,58.29,71.25,2.22,2.27,0.0,1.56,0.27,0.2
7477,3.95,2.46,39.08,70.29,2.28,3.1,3.23,2.07,2.99,0.67
7478,3.11,3.31,25.1,71.31,3.07,0.87,3.58,2.53,4.2,3.09
7479,6.76,6.12,34.24,40.15,2.14,2.69,2.97,3.79,2.02,1.17
7480,3.4,6.75,5.09,87.35,4.21,1.81,1.68,1.07,1.29,0.0
7481,5.92,6.4,57.89,35.25,2.35,2.13,0.42,1.81,2.81,0.0
7482,8.45,6.31,50.93,29.04,2.57,4.72,2.46,1.58,2.86,0.95
7483,0.59,3.5,34.57,82.99,2.25,0.0,0.0,3.36,1.45,0.16
7484,8.22,2.34,46.56,98.87,3.37,3.38,1.23,0.34,2.49,1.89
7485,8.02,0.0,49.34,30.44,3.99,1.39,0.52,2.41,2.1,1.05
7486,4.62,0.0,43.33,72.49,1.8,2.26,1.36,2.7,1.06,1.57
7487,9.22,0.0,39.07,38.6,4.24,3.69,0.05,1.1,1.67,0.8
7488,9.73,0.68,52.16,53.83,3.91,1.52,1.04,3.94,1.33,1.4
7489,8.57,5.11,26.55,54.62,2.19,0.22,0.3,0.6,0.39,1.9
7490,9.61,6.53,38.58,38.0,5.18,1.91,2.58,1.83,2.18,0.44
7491,7.9,4.15,23.16,74.19,3.55,0.38,0.79,2.72,1.71,0.0
7492,0.83,5.49,44.79,58.67,3.73,4.31,1.96,1.53,1.6,0.02
7493,9.79,0.95,22.83,53.06,2.48,0.66,0.36,0.0,3.19,1.43
7494,5.83,7.95,50.75,52.68,2.9,1.54,1.06,2.27,0.0,1.0
7495,11.26,6.56,29.99,44.74,4.04,2.98,0.28,0.0,0.0,1.26
7496,7.69,4.07,68.79,48.72,0.7,2.13,0.68,1.74,1.45,1.22
7497,2.72,6.15,65.71,67.88,2.78,1.88,0.0,2.3,3.55,0.0
7498,11.64,5.98,41.54,36.11,3.81,3.61,0.0,0.0,0.25,0.32
7499,5.17,6.8,37.23,38.0,3.39,0.07,2.93,2.48,1.95,1.17
7500,4.43,3.7,31.69,40.15,3.35,3.81,1.19,3.35,0.53,0.0
7501,8.3,3.32,51.99,46.19,4.6,1.85,3.06,0.46,1.87,0.44
7502,0.68,7.49,60.68,60.63,5.42,1.6,3.07,1.99,1.57,0.0
7503,3.43,2.8,45.35,66.49,2.95,2.27,1.38,0.14,0.61,0.0
7504,0.5,3.28,47.08,41.49,5.72,2.8,1.3,2.27,1.85,0.53
7505,5.43,4.06,55.11,58.64,4.79,0.79,3.64,2.18,2.85,1.79
7506,6.81,0.85,33.52,31.35,3.67,1.86,2.12,0.54,3.93,0.0
7507,8.09,3.64,39.68,67.81,2.79,3.48,1.77,3.2,4.11,1.06
7508,7.97,7.03,34.78,41.75,3.44,1.91,2.62,3.95,2.33,0.94
7509,11.0,3.34,62.27,31.54,3.15,0.75,1.59,0.76,1.38,1.54
7510,8.45,4.19,64.46,30.0,1.33,2.73,0.0,1.7,1.1,1.25
7511,2.51,4.19,37.07,38.09,3.61,3.1,3.02,4.12,1.81,3.45
7512,10.11,5.5,35.38,50.55,2.18,3.32,0.0,1.66,0.26,1.2
7513,7.21,4.14,61.67,80.56,3.47,2.75,2.68,1.64,3.25,0.52
7514,7.45,7.25,23.49,48.63,2.42,0.29,1.49,3.21,0.0,0.64
7515,6.25,2.2,47.26,84.29,0.21,0.76,1.24,5.3,1.5,1.55
7516,11.43,2.48,50.98,50.03,4.55,2.63,1.35,1.34,2.66,1.85
7517,2.49,4.94,64.45,53.42,2.76,2.47,0.29,0.47,0.26,0.37
7518,4.92,0.89,58.22,83.4,4.54,6.32,0.4,0.46,3.76,0.57
7519,8.5,0.63,40.11,35.24,4.85,1.59,2.04,1.47,2.44,0.38
7520,6.47,4.76,56.72,81.66,3.23,1.13,1.98,4.88,3.98,0.28
7521,7.01,4.78,22.2,62.54,2.75,1.93,0.0,2.99,2.83,2.18
7522,7.07,1.87,63.3,44.94,4.61,4.61,2.69,1.05,1.62,0.15
7523,5.25,4.53,40.73,62.77,5.15,3.35,0.09,0.37,0.85,0.8
7524,0.5,6.76,28.89,56.16,4.92,1.81,1.11,2.0,1.87,0.61
7525,7.98,4.63,63.33,50.19,1.37,0.0,1.35,1.22,3.23,0.58
7526,9.11,3.7,13.06,85.28,3.7,3.8,1.94,1.9,2.01,0.26
7527,0.5,4.62,34.69,72.32,2.73,2.97,3.07,3.64,2.56,0.0
7528,4.49,4.11,39.12,62.65,2.14,2.0,1.45,3.19,3.69,1.25
7529,0.98,2.31,58.92,53.1,0.0,1.31,1.19,3.61,1.47,1.28
7530,5.38,5.71,70.74,42.18,4.6,3.4,0.0,0.0,1.87,0.0
7531,9.82,6.77,58.89,56.73,3.94,1.95,1.89,0.56,2.3,0.94
7532,7.7,6.49,55.88,42.61,3.56,4.19,1.55,2.01,2.46,0.82
7533,8.77,4.91,37.23,59.32,2.51,0.0,0.92,4.48,2.48,1.67
7534,7.52,9.12,52.72,39.85,4.74,2.28,1.34,2.14,0.59,0.93
7535,4.96,4.51,68.81,55.95,3.44,0.0,1.15,1.56,2.52,0.69
7536,8.63,5.37,26.26,31.52,0.78,2.92,0.94,1.68,1.92,0.96
7537,7.36,1.8,40.53,33.7,3.91,0.29,1.88,2.98,1.92,0.97
7538,2.86,4.63,54.51,65.27,1.0,1.81,1.92,0.92,2.31,1.72
7539,6.28,5.23,59.57,70.54,3.12,2.64,3.14,1.59,4.41,0.97
7540,2.85,4.77,44.13,46.78,4.51,2.81,2.12,3.03,3.34,0.36
7541,1.0,3.08,44.94,39.91,3.55,0.41,2.0,2.56,0.0,1.39
7542,1.88,3.92,40.8,44.31,0.0,2.32,0.0,3.11,3.46,1.73
7543,7.41,3.15,29.36,100.0,4.34,1.73,3.26,2.82,3.69,0.14
7544,7.15,5.64,20.54,52.09,0.37,1.98,0.0,4.19,1.43,2.31
7545,3.14,7.13,44.78,63.02,3.07,1.56,1.85,0.92,0.91,0.0
7546,5.8,2.94,50.14,69.72,2.57,3.93,2.36,0.86,2.29,1.85
7547,3.6,4.46,47.05,57.91,3.83,3.67,5.15,3.52,1.37,0.0
7548,5.76,1.95,85.7,49.79,8.51,2.94,3.46,0.0,0.88,0.33
7549,9.09,5.09,33.9,27.91,3.31,0.8,2.01,1.02,0.89,0.58
7550,6.54,0.0,63.53,46.25,4.26,1.85,1.87,0.08,2.39,1.54
7551,6.46,5.22,47.07,72.11,4.1,2.39,0.0,2.79,3.73,1.35
7552,7.72,1.62,51.44,46.76,3.99,4.1,3.28,1.22,2.88,1.59
7553,4.11,7.87,44.95,43.14,1.95,0.0,2.46,0.58,1.59,0.69
7554,6.72,5.37,45.13,40.45,2.79,2.72,1.23,2.52,3.84,0.25
7555,2.68,0.8,35.11,53.11,4.06,1.26,1.44,0.14,0.0,0.08
7556,6.15,2.87,49.28,54.86,3.23,1.38,3.21,3.06,2.7,0.23
7557,6.87,1.77,57.65,53.18,1.01,2.52,0.0,3.17,3.41,0.87
7558,5.93,4.85,20.54,97.87,5.44,0.0,1.45,1.66,1.2,1.07
7559,11.05,3.92,51.87,68.49,4.67,1.42,3.23,2.36,1.63,0.0
7560,6.66,3.77,24.21,77.78,2.72,2.36,0.4,2.86,2.39,0.72
7561,6.55,3.33,29.51,48.49,5.45,2.28,0.56,3.33,0.0,0.0
7562,7.54,2.21,67.9,53.64,5.94,2.61,0.7,2.5,3.28,1.01
7563,7.32,2.73,49.18,51.23,3.19,4.86,5.39,0.0,0.0,0.95
7564,8.88,7.43,50.24,81.19,2.99,1.31,0.0,1.93,0.0,1.39
7565,9.07,6.32,35.12,14.35,4.22,2.24,3.22,1.72,1.31,0.74
7566,4.3,7.26,51.5,67.91,5.03,5.05,2.05,3.36,2.43,0.72
7567,0.5,3.52,34.09,78.04,0.0,2.7,0.79,3.46,0.46,0.6
7568,4.37,0.49,61.02,69.22,2.9,2.92,0.04,2.28,0.0,0.73
7569,5.55,3.89,19.15,53.72,3.19,2.35,0.0,0.13,2.53,0.33
7570,3.04,2.79,54.81,61.09,4.93,1.27,2.55,3.37,3.97,0.35
7571,12.48,2.22,45.32,12.53,2.83,2.24,0.6,1.95,1.94,1.58
7572,9.16,3.57,46.04,22.43,5.86,2.51,1.11,2.28,2.78,1.17
7573,3.11,3.09,44.75,15.37,2.39,1.8,0.37,1.51,1.5,0.78
7574,7.33,3.89,69.09,26.59,2.3,4.43,2.11,3.71,1.19,0.99
7575,2.44,4.4,37.6,41.22,2.22,2.11,2.11,2.49,0.0,2.37
7576,6.07,3.16,8.83,93.8,5.54,3.3,3.73,4.38,3.39,0.81
7577,4.36,1.1,50.01,41.98,3.46,3.17,0.23,2.42,2.63,1.36
7578,2.84,1.78,32.91,65.75,4.28,0.0,1.08,1.62,0.79,1.44
7579,6.14,0.0,68.94,80.15,1.94,0.41,2.37,2.87,3.84,2.17
7580,2.16,2.95,67.5,84.33,4.87,1.54,1.62,1.72,0.05,0.82
7581,5.43,4.68,13.09,42.7,4.79,1.32,2.47,2.25,2.42,0.29
7582,8.71,0.0,49.3,43.26,2.33,1.75,0.0,2.31,1.07,2.12
7583,0.5,4.53,43.75,40.97,5.32,0.0,2.33,1.39,2.0,0.13
7584,11.47,0.0,57.7,27.2,3.85,1.5,2.82,0.85,2.1,0.18
7585,7.08,1.84,39.49,71.52,2.67,2.79,1.66,4.55,1.57,1.73
7586,9.23,2.63,43.12,40.02,4.27,1.33,2.86,0.83,4.36,2.51
7587,5.04,5.67,44.5,67.66,4.68,2.77,0.24,2.0,0.0,0.72
7588,6.51,3.2,63.43,77.81,3.07,1.57,2.3,2.12,4.31,1.65
7589,8.98,1.41,23.08,72.21,2.74,1.92,1.46,2.39,1.4,0.31
7590,6.98,4.56,42.78,46.48,2.83,2.46,2.0,0.27,3.68,0.63
7591,8.85,4.37,34.92,38.85,2.53,2.36,3.12,2.27,2.46,3.24
7592,9.09,5.32,6.84,52.81,4.37,2.67,3.05,2.59,1.25,1.6
7593,1.68,5.07,36.69,50.42,3.31,0.78,0.32,1.79,2.96,0.45
7594,10.45,3.31,47.99,43.55,3.02,1.97,2.22,2.4,1.33,1.9
7595,9.6,6.62,58.3,42.5,5.81,4.25,2.08,5.27,4.11,1.98
7596,4.06,6.04,21.77,54.15,1.96,2.61,1.19,3.44,1.63,2.12
7597,6.28,5.46,44.32,49.57,5.11,2.15,2.33,2.23,1.43,0.31
7598,11.98,2.84,25.28,55.53,5.41,5.14,2.45,1.57,2.24,0.66
7599,5.95,4.05,56.94,45.02,1.1,2.62,1.28,0.92,0.2,2.46
7600,11.67,3.93,27.22,64.94,2.74,1.94,0.81,2.25,1.56,1.69
7601,12.65,0.87,61.67,37.64,2.26,2.58,1.7,0.61,1.83,1.54
7602,8.89,5.98,26.28,41.7,6.37,0.0,3.41,1.91,2.06,1.19
7603,8.39,2.68,50.3,15.36,5.15,1.92,1.62,1.21,4.14,0.75
7604,7.14,0.0,46.02,57.01,2.43,4.8,2.09,3.25,0.58,1.22
7605,9.15,5.55,55.48,100.0,1.18,1.31,3.0,3.79,0.77,0.0
7606,7.99,5.09,62.69,57.46,6.34,1.54,2.72,4.21,1.29,0.0
7607,7.66,4.19,32.6,41.56,4.0,2.01,4.28,2.41,1.62,0.09
7608,5.0,4.78,65.07,74.19,4.54,2.27,0.61,0.49,2.47,0.7
7609,1.09,0.0,54.94,70.31,5.21,1.87,1.64,1.3,4.3,1.97
7610,8.67,9.99,66.05,40.31,0.22,2.29,0.0,0.14,2.99,0.0
7611,6.46,0.79,60.3,13.58,2.33,2.56,0.0,1.27,3.54,0.68
7612,4.96,7.52,67.25,88.01,3.58,0.0,1.26,4.36,4.54,0.0
7613,1.62,1.72,42.29,28.65,3.2,3.31,1.19,0.99,1.19,0.73
7614,5.46,1.66,45.22,76.0,4.72,3.96,1.93,4.49,3.12,0.0
7615,7.98,2.6,60.33,42.59,6.51,2.42,1.56,0.27,2.22,1.05
7616,2.73,3.54,55.25,34.46,5.27,2.92,2.76,0.35,0.83,0.0
7617,9.17,1.16,31.53,52.74,4.97,2.47,1.9,2.06,0.0,2.49
7618,9.09,4.5,35.11,53.84,3.76,4.16,1.03,0.0,0.28,0.59
7619,1.74,3.66,43.34,21.32,1.96,1.27,0.58,2.89,0.21,2.36
7620,4.62,4.29,40.94,45.33,4.75,0.0,0.54,0.0,1.14,0.55
7621,6.58,4.26,49.22,60.55,4.64,0.0,2.12,0.0,2.25,0.0
7622,9.92,5.58,66.17,63.35,2.84,3.53,1.21,0.3,4.01,0.47
7623,8.18,4.09,46.22,65.81,1.9,3.32,0.93,2.63,1.9,0.63
7624,8.09,6.41,42.09,66.57,5.45,3.26,3.95,0.78,0.0,0.0
7625,0.5,4.49,54.44,51.36,1.4,1.56,0.72,4.03,3.5,1.38
7626,11.46,6.38,42.86,49.49,3.33,1.82,1.16,0.0,1.5,0.9
7627,10.22,1.06,34.55,65.54,3.4,1.79,3.34,0.8,1.77,0.16
7628,3.77,2.27,60.06,43.98,5.02,1.76,1.98,3.3,1.95,0.0
7629,1.8,4.68,73.44,73.13,2.74,0.47,0.95,1.2,1.83,0.07
7630,1.74,4.4,31.89,63.17,4.4,3.38,1.95,1.88,0.9,0.82
7631,3.74,7.17,41.96,55.05,3.45,0.6,3.83,4.22,0.64,0.0
7632,1.9,2.62,78.04,69.2,2.47,4.2,2.3,5.45,0.0,0.58
7633,5.21,1.72,55.88,46.35,2.63,3.11,2.92,1.76,2.88,1.23
7634,8.52,4.4,12.05,71.11,2.43,2.29,1.31,3.17,2.37,0.81
7635,5.45,1.9,11.75,58.32,4.5,3.74,3.17,1.68,1.45,1.56
7636,9.83,3.15,65.85,60.99,2.41,3.14,1.68,1.68,2.77,1.58
7637,7.39,4.72,50.65,71.27,2.76,1.49,1.69,1.31,0.95,0.63
7638,11.49,2.34,55.72,34.22,3.84,5.44,1.96,0.0,2.79,0.0
7639,0.5,3.61,63.51,79.85,3.58,3.64,1.48,2.51,3.62,0.0
7640,1.99,3.09,65.61,62.18,4.55,1.55,1.4,5.12,4.86,0.0
7641,8.23,7.14,61.56,51.08,2.44,3.72,1.49,3.71,4.24,1.9
7642,9.48,5.13,24.52,58.8,5.86,0.86,2.11,5.09,0.0,1.22
7643,2.52,3.4,39.34,44.38,2.82,0.0,2.62,3.84,3.06,1.76
7644,7.74,4.63,52.48,64.7,4.2,1.96,1.59,2.09,1.81,1.33
7645,6.91,6.47,33.64,48.54,3.24,2.96,0.98,1.93,2.94,1.15
7646,4.04,4.5,47.36,63.44,3.8,4.06,2.98,2.59,2.86,0.69
7647,6.54,3.22,22.62,83.11,2.64,2.25,1.12,0.87,2.7,0.0
7648,7.01,3.82,40.39,35.87,5.25,1.81,0.1,4.58,0.0,0.0
7649,6.16,3.6,32.55,80.59,4.16,1.14,1.4,2.73,1.99,1.08
7650,3.65,5.33,40.61,77.98,3.26,2.23,3.49,2.42,2.42,0.0
7651,11.3,4.46,10.72,68.74,1.65,2.54,1.58,3.16,1.92,0.49
7652,6.18,9.08,49.43,80.29,1.29,0.62,0.0,3.11,2.18,0.84
7653,5.6,3.08,50.65,34.08,3.33,1.22,3.27,3.09,3.1,1.96
7654,9.66,7.97,62.4,38.83,1.29,1.31,0.1,4.05,1.14,1.63
7655,9.35,6.24,36.97,48.5,4.73,2.36,1.69,2.38,2.65,1.22
7656,9.37,4.16,43.59,67.28,3.5,2.52,1.74,1.98,1.17,0.0
7657,6.63,1.67,32.5,59.45,4.09,2.98,0.54,3.79,2.57,0.09
7658,5.47,1.28,57.26,30.45,0.76,1.74,1.13,1.11,1.16,0.0
7659,3.37,3.13,53.84,43.48,3.69,3.67,0.9,1.58,0.08,0.0
7660,4.05,5.8,54.23,34.36,3.4,0.87,0.54,0.0,1.01,0.66
7661,6.02,7.12,25.59,49.97,2.31,0.5,2.15,6.09,1.72,1.27
7662,7.31,5.49,53.03,25.24,5.78,1.49,1.05,1.24,0.52,0.0
7663,2.73,3.43,28.69,64.39,1.67,2.09,3.57,2.69,2.91,1.44
7664,5.66,3.31,51.99,69.61,2.82,0.27,0.77,0.91,1.51,0.47
7665,5.54,2.14,49.07,80.78,6.34,1.61,0.0,0.0,2.41,1.06
7666,3.77,4.66,49.13,42.26,3.12,2.64,0.88,4.54,1.49,0.36
7667,6.98,1.17,38.13,73.6,4.44,1.84,3.15,0.71,2.35,0.67
7668,2.24,4.86,44.42,90.87,0.16,1.67,0.0,0.0,3.22,1.62
7669,0.5,2.13,31.19,74.22,2.07,4.44,0.0,3.66,2.56,0.0
7670,5.32,2.89,45.68,100.0,3.44,4.32,0.58,2.2,0.56,0.22
7671,8.63,4.99,37.68,78.14,2.61,2.89,4.44,1.12,2.81,2.7
7672,7.66,1.16,57.28,76.68,2.52,0.93,0.97,1.9,0.24,1.62
7673,8.16,2.22,49.13,26.08,3.58,0.0,0.55,0.0,3.38,1.64
7674,2.49,8.22,60.07,87.26,3.19,0.0,1.44,4.65,2.37,0.32
7675,2.93,8.27,38.09,73.2,3.93,0.85,2.05,2.27,0.0,0.35
7676,7.46,0.21,26.82,56.8,4.96,2.04,0.0,0.0,1.63,0.33
7677,8.03,6.34,44.03,61.27,2.2,1.2,3.51,2.13,2.69,1.01
7678,5.5,2.34,42.34,38.79,4.32,1.34,2.43,1.84,1.54,1.0
7679,7.42,4.22,65.77,51.06,3.99,3.28,3.39,0.19,2.78,0.0
7680,6.05,5.28,74.09,64.22,2.33,1.5,3.01,1.08,0.37,1.41
7681,7.79,9.07,55.78,45.47,3.92,4.24,0.83,0.58,2.84,0.44
7682,6.47,1.08,43.14,57.52,4.26,1.23,3.11,0.37,1.51,1.95
7683,4.15,2.53,39.49,84.93,2.3,0.68,0.18,3.23,2.6,1.18
7684,6.23,3.93,26.17,74.07,4.75,3.46,1.47,3.63,1.45,0.08
7685,4.05,3.84,43.38,43.61,0.88,3.56,0.3,1.84,0.0,1.25
7686,4.88,3.57,22.86,88.92,4.01,0.64,0.1,2.89,0.0,0.0
7687,8.3,2.44,17.81,81.49,2.92,0.56,2.07,4.73,0.0,0.95
7688,10.05,5.69,50.55,86.96,3.62,1.87,3.31,2.52,2.21,2.61
7689,7.16,3.01,55.77,77.23,2.95,0.3,2.3,1.96,0.51,0.14
7690,4.09,0.78,10.08,43.99,3.53,1.75,0.26,0.0,1.7,1.68
7691,5.8,4.27,27.02,60.17,1.06,0.0,1.2,2.81,2.16,0.19
7692,7.61,4.25,54.59,69.14,4.6,2.1,2.45,3.93,2.54,1.07
7693,5.94,3.14,51.28,33.92,2.3,2.63,2.67,0.27,1.59,1.34
7694,3.73,7.16,52.54,53.4,5.27,0.0,0.0,1.07,1.25,0.0
7695,6.9,8.5,49.18,22.59,2.77,0.0,0.0,3.02,0.0,1.89
7696,5.45,3.68,46.92,65.21,4.69,3.89,0.0,0.0,0.0,1.45
7697,4.62,1.29,36.87,70.48,3.25,1.07,0.0,2.15,5.57,1.36
7698,3.64,2.0,38.77,61.04,0.92,0.08,0.98,2.6,2.83,0.49
7699,0.59,3.8,47.98,45.91,3.73,1.25,1.73,1.48,2.21,0.63
7700,7.81,4.62,44.97,9.42,5.02,2.38,1.06,0.0,3.15,1.74
7701,4.09,2.25,49.85,67.66,1.04,0.0,0.0,0.36,2.27,1.29
7702,8.4,6.02,63.77,49.73,4.42,3.69,1.85,0.91,1.46,1.41
7703,3.7,4.55,18.5,47.24,2.21,2.1,2.14,4.35,0.49,0.04
7704,9.08,4.34,35.59,50.04,2.76,4.65,1.11,1.06,2.36,0.06
7705,10.71,6.09,54.99,66.63,3.21,2.01,0.67,0.26,0.0,0.38
7706,7.62,0.01,58.73,39.02,4.98,2.1,1.88,1.12,0.91,1.23
7707,4.44,4.44,22.51,29.46,2.97,3.53,1.59,4.32,0.36,1.25
7708,1.38,2.46,39.51,42.9,3.92,2.57,0.0,1.79,1.68,0.71
7709,12.12,3.55,57.96,61.29,4.08,0.76,0.0,0.04,0.17,1.61
7710,0.5,4.18,31.91,61.99,2.56,0.0,2.32,2.5,2.07,0.0
7711,2.77,0.0,77.09,27.4,2.79,3.68,2.62,0.19,0.0,0.96
7712,2.1,0.0,31.24,56.15,0.0,0.22,0.0,4.54,1.17,2.5
7713,7.49,2.78,75.31,41.95,2.92,0.3,2.04,0.03,2.1,0.9
7714,5.88,1.76,43.21,60.42,5.76,2.36,2.83,0.0,0.9,1.71
7715,5.71,4.22,61.49,44.97,4.74,3.0,2.37,3.77,2.57,0.99
7716,5.95,4.26,43.53,69.19,4.82,1.0,1.13,2.73,3.74,1.47
7717,3.21,4.29,58.83,64.99,3.29,0.8,3.61,2.67,0.42,0.35
7718,0.5,3.21,47.58,73.73,3.71,1.0,1.36,0.21,3.93,1.02
7719,2.12,5.11,25.07,44.75,3.07,0.3,0.14,2.77,2.66,1.36
7720,2.48,4.14,51.48,38.11,5.05,3.81,1.63,4.16,4.36,0.19
7721,5.09,4.88,40.16,51.0,1.55,0.27,2.63,1.57,2.95,0.63
7722,4.39,5.85,56.04,41.36,1.99,2.26,2.98,4.33,1.28,1.19
7723,3.14,3.81,63.11,62.17,3.79,1.94,1.61,2.03,0.64,0.37
7724,7.42,3.05,20.2,54.88,3.22,1.39,0.41,2.0,3.65,1.01
7725,5.1,4.6,47.59,61.77,5.66,3.86,4.33,3.19,1.07,1.58
7726,4.78,5.14,45.49,60.8,3.17,0.0,0.33,3.14,2.04,0.59
7727,3.74,1.6,58.06,94.39,4.39,4.57,2.11,3.53,0.0,0.0
7728,4.58,2.87,36.11,63.27,2.11,3.21,2.03,0.0,0.0,0.31
7729,11.01,4.75,46.21,60.94,3.25,4.0,4.02,4.22,1.88,0.69
7730,1.4,3.85,33.54,67.95,4.43,1.61,1.15,0.13,1.2,1.66
7731,10.14,5.45,36.75,72.18,0.81,1.05,0.0,3.06,1.54,0.0
7732,6.83,2.46,62.44,29.62,3.97,2.65,0.58,0.0,1.76,1.22
7733,7.75,4.71,48.96,63.43,3.68,3.24,3.03,3.03,3.26,1.35
7734,9.46,2.63,28.8,43.59,4.9,1.99,1.33,0.72,1.32,0.58
7735,4.22,5.63,41.02,61.46,3.99,3.5,3.14,2.2,1.31,1.17
7736,9.79,7.78,37.94,29.38,4.58,1.23,1.58,1.18,0.0,0.0
7737,0.5,6.0,55.19,47.77,6.1,1.22,3.3,3.23,0.63,0.37
7738,2.56,6.02,40.45,49.2,4.87,1.47,2.83,2.0,2.38,1.73
7739,3.19,2.62,41.97,62.9,3.36,3.21,2.57,4.52,0.24,0.22
7740,9.28,0.0,45.28,31.77,4.32,1.75,0.0,0.0,0.56,0.8
7741,4.52,3.69,28.64,69.34,2.05,0.0,0.86,0.96,4.04,1.28
7742,5.4,4.51,31.02,69.04,4.28,2.35,4.09,5.0,1.42,0.46
7743,1.57,4.18,62.84,26.55,0.95,1.82,1.34,0.0,1.14,0.66
7744,8.9,5.33,52.2,55.09,4.03,0.0,0.66,1.84,0.0,1.77
7745,4.05,7.2,47.36,49.31,2.91,2.21,0.49,0.38,0.89,0.07
7746,0.5,1.59,67.37,56.18,3.82,2.27,1.28,2.12,2.85,0.84
7747,11.03,2.76,16.18,25.55,3.96,2.73,0.91,3.2,2.57,0.61
7748,9.93,4.85,17.67,53.72,0.6,0.0,0.0,0.22,1.29,1.98
7749,10.67,2.49,54.6,34.01,5.68,3.33,2.33,0.0,1.26,0.23
7750,6.18,8.15,51.42,54.73,3.92,2.07,0.0,2.17,1.13,0.0
7751,5.05,6.29,25.27,58.81,3.25,0.68,0.94,2.87,1.21,0.0
7752,3.9,3.06,53.71,61.73,7.2,2.67,2.48,1.82,0.47,0.0
7753,6.29,3.25,26.53,28.38,3.97,2.82,1.78,2.45,1.22,0.14
7754,6.26,4.71,30.06,70.25,3.25,4.39,0.77,5.06,1.26,0.07
7755,5.89,2.38,74.5,45.69,3.36,1.61,0.0,1.47,3.25,0.35
7756,9.62,0.86,38.66,61.36,2.98,2.17,0.45,1.58,0.82,0.28
7757,10.73,6.06,55.41,55.29,3.17,3.34,0.97,0.15,0.0,0.69
7758,7.81,2.62,77.92,57.78,3.76,3.98,2.11,0.07,0.0,0.0
7759,6.27,5.62,60.07,34.65,5.96,2.63,1.94,2.76,1.11,0.39
7760,3.93,7.37,37.57,80.02,5.78,2.8,2.55,0.58,1.95,0.0
7761,9.27,1.71,45.83,23.45,3.48,4.31,2.41,3.8,1.54,0.84
7762,7.54,2.69,40.06,45.42,3.73,4.35,4.23,1.51,1.93,0.98
7763,7.38,5.75,8.61,63.01,3.23,0.31,0.03,0.0,2.12,1.8
7764,5.52,4.17,44.42,67.41,1.78,1.42,0.54,2.49,1.31,2.99
7765,10.66,7.01,55.8,42.37,3.36,1.31,0.99,0.65,2.23,0.0
7766,6.48,4.27,43.15,75.05,3.53,2.56,1.57,2.06,1.7,0.5
7767,6.67,2.56,37.67,59.01,5.11,2.45,2.47,1.43,0.0,0.96
7768,1.18,7.01,88.43,38.97,3.83,0.0,1.95,2.3,2.74,0.51
7769,6.7,7.77,31.48,40.42,0.9,0.74,0.84,2.79,0.4,0.0
7770,8.78,3.86,53.59,43.14,4.32,1.85,1.15,1.5,1.85,0.0
7771,6.59,4.36,63.14,60.71,1.89,0.82,0.4,2.27,0.95,0.92
7772,2.88,1.86,52.93,75.49,5.8,4.25,3.63,2.81,1.03,0.0
7773,9.06,6.13,28.19,96.75,2.22,0.63,0.8,5.11,1.15,0.83
7774,6.85,2.42,37.91,54.35,3.29,3.8,0.62,0.61,0.56,0.0
7775,4.3,3.88,54.06,80.19,4.72,0.26,1.09,0.93,4.49,0.54
7776,6.81,3.47,52.86,51.74,0.57,0.59,2.3,1.01,2.25,0.88
7777,4.38,6.6,40.09,33.53,2.98,2.97,1.47,2.68,4.23,0.0
7778,0.5,0.59,33.12,47.62,5.37,1.18,2.69,1.47,3.07,0.38
7779,4.85,5.01,50.54,84.11,0.13,0.46,1.3,0.63,2.86,1.99
7780,6.49,3.41,20.89,40.02,4.29,4.68,0.91,0.99,1.69,1.46
7781,6.69,6.69,54.19,48.66,4.35,2.63,3.69,1.49,4.27,0.0
7782,6.18,6.24,30.32,57.13,2.44,1.64,0.87,2.15,2.51,1.43
7783,8.46,5.5,59.09,82.03,2.72,0.0,2.48,4.43,0.82,1.06
7784,7.35,1.41,35.8,49.64,3.06,0.0,1.25,0.27,3.02,2.65
7785,2.65,2.52,33.57,44.96,2.31,2.49,1.77,0.07,3.65,2.07
7786,10.69,0.81,33.36,58.77,3.47,3.3,1.36,3.19,4.03,1.76
7787,10.58,4.41,47.22,59.16,3.78,2.94,2.68,2.7,2.7,0.73
7788,6.24,3.22,4.95,59.1,1.62,0.0,0.46,1.72,1.29,1.6
7789,8.85,6.7,42.18,50.42,4.26,1.76,2.15,2.81,0.34,1.72
7790,4.85,6.64,61.15,92.47,2.31,2.95,0.6,3.83,2.4,0.63
7791,6.51,5.08,76.43,57.81,5.59,1.6,1.36,2.84,1.06,0.0
7792,2.01,4.56,76.58,79.64,1.37,1.38,3.09,1.33,3.06,0.0
7793,5.77,3.62,12.02,82.08,2.43,3.04,1.17,4.73,3.66,0.24
7794,5.74,5.14,47.02,26.11,1.23,2.31,1.5,0.26,3.53,1.51
7795,6.94,3.5,53.33,54.36,4.19,0.42,1.43,2.66,1.4,0.05
7796,5.47,3.89,32.26,20.41,5.08,2.6,2.07,1.95,1.39,1.55
7797,2.56,3.06,53.85,64.76,4.03,2.02,0.0,2.41,2.15,0.05
7798,5.61,3.92,43.06,73.79,4.35,2.63,0.91,0.71,2.77,0.76
7799,10.01,3.08,25.43,71.03,4.91,1.56,1.09,3.28,2.36,1.55
7800,3.23,0.7,21.87,86.71,3.27,4.46,2.1,1.16,0.0,0.0
7801,8.79,1.89,35.82,48.16,2.81,0.65,0.78,0.98,2.3,1.11
7802,5.28,2.72,53.5,85.7,3.74,1.14,2.47,0.91,4.46,0.0
7803,5.32,0.41,17.25,68.0,3.64,0.64,0.53,2.47,3.91,1.22
7804,0.83,4.91,59.97,59.77,2.27,1.56,2.09,1.56,0.98,0.0
7805,7.17,2.5,49.24,34.34,3.01,3.78,0.13,5.73,2.08,0.14
7806,6.96,3.82,28.77,42.68,0.0,0.8,1.98,2.14,0.0,2.26
7807,7.76,2.34,54.86,77.9,2.18,0.69,1.96,0.74,0.0,2.13
7808,2.69,2.98,53.37,40.33,2.05,3.08,2.71,3.01,0.0,0.3
7809,6.66,4.41,32.63,65.43,6.69,3.9,4.08,1.77,2.62,0.0
7810,6.03,3.58,61.08,33.9,2.91,3.22,1.58,2.54,0.73,1.3
7811,1.41,4.4,73.15,50.68,3.92,0.07,4.1,4.24,2.37,0.26
7812,6.63,4.1,41.17,40.53,1.71,1.62,2.21,1.25,0.0,0.88
7813,0.5,2.16,56.53,64.92,3.51,1.58,0.77,0.0,1.12,1.26
7814,1.54,0.78,52.13,76.88,2.75,2.96,1.33,4.48,0.0,1.57
7815,7.51,3.35,37.08,67.18,6.05,2.66,3.16,2.11,1.45,1.18
7816,5.45,4.06,39.64,66.78,5.58,1.42,0.7,1.53,0.0,2.19
7817,2.22,3.67,70.08,81.12,3.46,1.34,1.15,0.0,2.77,0.61
7818,8.46,6.36,31.76,61.28,2.89,1.0,0.57,1.12,3.37,1.54
7819,8.17,2.66,20.92,69.63,4.05,3.26,1.19,4.8,2.73,0.67
7820,10.38,0.0,36.07,44.85,5.14,4.34,1.31,1.86,0.0,0.39
7821,6.8,5.26,31.24,40.06,7.12,0.66,1.61,1.24,0.0,1.01
7822,5.01,3.22,39.03,74.02,5.14,3.23,1.36,3.05,1.68,0.48
7823,5.48,5.13,16.79,40.79,0.54,1.2,1.96,1.65,3.31,0.85
7824,9.65,3.62,28.7,21.61,4.49,2.09,0.68,0.12,0.0,0.96
7825,11.21,6.75,28.12,54.21,0.82,0.74,0.0,0.0,1.18,2.79
7826,3.14,4.57,22.12,93.93,5.12,4.24,0.19,2.17,1.32,0.35
7827,6.42,4.68,63.87,97.79,2.87,0.0,1.8,3.74,3.55,0.29
7828,1.92,3.43,62.12,68.77,3.99,1.2,2.8,2.31,1.16,1.05
7829,5.78,4.02,61.43,69.73,1.2,4.45,1.42,0.07,1.37,1.99
7830,8.62,0.0,38.07,37.37,5.56,3.51,2.23,0.0,2.39,1.74
7831,6.04,3.17,32.35,55.44,2.52,0.8,1.21,4.94,2.37,0.22
7832,4.74,5.03,47.34,52.23,3.22,2.47,0.63,2.17,4.1,1.7
7833,1.93,2.49,11.78,48.03,5.16,2.16,3.19,1.53,4.67,1.56
7834,11.41,3.38,34.35,43.07,5.91,3.45,0.77,0.27,0.0,0.61
7835,7.69,0.0,21.31,48.45,5.56,2.11,2.12,2.04,4.24,2.25
7836,5.7,1.64,57.1,60.3,1.2,0.47,1.11,0.0,4.2,2.33
7837,4.26,3.22,55.92,49.01,1.99,2.58,3.7,2.55,0.0,0.54
7838,7.11,3.14,27.95,52.58,3.93,2.63,1.85,1.42,1.84,0.78
7839,5.39,5.86,20.14,61.29,5.16,4.15,2.3,2.55,2.39,1.3
7840,10.98,2.42,62.31,67.48,3.15,0.0,0.0,2.78,4.44,0.91
7841,6.58,4.23,29.42,91.11,0.87,2.21,1.51,3.99,0.78,2.53
7842,7.21,3.61,12.93,40.27,3.61,3.6,1.13,1.46,0.83,1.88
7843,5.94,2.44,42.44,83.0,5.77,2.98,4.04,6.23,2.05,1.37
7844,6.24,2.56,59.12,66.8,1.68,2.47,0.0,1.4,2.62,0.74
7845,3.55,2.55,61.28,55.26,4.99,3.11,0.85,1.04,3.05,1.38
7846,4.06,3.62,34.22,51.1,2.24,1.49,1.13,3.45,4.9,1.17
7847,5.56,4.03,42.87,51.89,4.28,0.25,1.61,3.53,2.07,1.66
7848,8.06,0.0,31.45,61.99,5.21,3.69,4.23,1.8,2.72,0.0
7849,3.16,5.63,50.32,65.31,4.22,1.62,0.1,3.58,3.29,1.74
7850,5.86,5.44,60.3,49.28,4.66,0.0,1.13,1.99,3.48,0.82
7851,9.79,5.34,33.21,32.65,2.6,1.43,0.75,0.85,1.29,1.41
7852,9.87,3.84,75.36,38.74,5.16,4.2,4.5,2.34,2.29,0.0
7853,5.85,3.84,40.27,33.52,1.61,4.85,0.53,3.54,0.13,0.43
7854,0.84,4.01,68.0,58.02,1.63,2.65,0.0,2.76,2.91,0.0
7855,0.5,2.14,76.24,28.27,3.2,1.75,0.71,2.86,1.89,1.27
7856,4.28,1.37,67.28,28.62,3.35,1.72,0.74,0.0,2.91,0.15
7857,7.73,2.02,60.18,63.05,4.49,2.23,1.13,2.78,1.27,1.56
7858,6.46,4.54,32.47,73.48,4.56,0.45,1.33,1.77,0.0,0.7
7859,2.7,6.57,52.88,66.44,5.52,0.57,1.43,1.01,1.45,0.0
7860,8.35,4.39,28.03,63.45,3.38,0.0,2.7,3.55,1.04,2.3
7861,10.78,1.89,54.56,60.78,4.14,4.32,0.0,0.0,3.75,0.0
7862,4.56,4.66,35.35,35.4,5.82,2.24,3.44,2.09,1.61,1.66
7863,4.51,8.1,61.74,52.52,2.71,1.28,4.08,2.64,4.2,0.51
7864,3.74,3.47,42.09,16.72,5.95,1.1,2.51,2.03,0.85,1.57
7865,3.51,5.34,50.97,69.38,5.74,2.73,5.07,2.67,0.82,0.32
7866,1.28,2.28,46.19,90.37,3.12,1.59,2.76,0.87,1.55,1.08
7867,3.26,5.7,47.67,56.18,2.82,0.23,0.89,2.28,1.5,0.53
7868,2.55,4.38,60.52,25.04,4.15,0.86,1.55,3.96,0.08,0.94
7869,9.57,7.58,38.76,30.36,4.62,4.0,1.81,3.8,0.0,0.25
7870,5.97,5.6,31.65,17.66,0.05,0.1,1.42,2.04,1.29,1.98
7871,5.54,4.08,43.99,45.35,5.24,3.25,0.53,0.88,0.0,0.2
7872,5.54,4.46,50.56,77.61,3.15,3.18,1.24,0.0,0.0,0.6
7873,5.95,3.82,51.8,75.11,0.87,1.02,1.07,3.6,1.83,0.64
7874,9.42,0.81,6.74,62.08,5.42,1.89,3.32,0.0,3.03,0.0
7875,6.68,7.79,31.77,31.89,0.51,1.37,2.11,3.16,0.8,0.88
7876,6.38,5.66,51.42,38.45,1.01,1.29,1.88,1.33,1.31,0.66
7877,8.49,1.16,26.33,35.78,2.79,1.26,2.59,0.1,3.48,1.88
7878,6.41,1.92,31.34,26.8,4.09,5.17,0.0,4.34,2.29,0.56
7879,5.34,3.57,48.52,76.09,3.07,3.73,0.54,2.27,0.92,1.3
7880,4.59,3.68,20.7,70.05,6.77,1.32,1.52,4.15,0.0,0.0
7881,10.13,5.77,33.44,54.7,2.97,1.38,0.99,0.93,2.68,1.19
7882,7.99,4.0,44.68,40.51,5.91,3.5,3.77,1.37,2.99,0.79
7883,4.58,5.65,51.83,93.74,3.02,0.0,1.78,4.21,1.15,0.0
7884,7.96,4.07,52.56,19.7,3.04,2.31,1.55,1.04,3.15,2.08
7885,4.12,2.74,77.01,39.99,3.7,0.0,0.97,1.59,0.86,0.61
7886,4.78,3.62,75.62,29.28,3.09,0.5,2.75,1.45,1.77,0.04
7887,6.3,5.63,55.44,65.45,3.52,3.79,1.21,1.42,1.64,0.0
7888,7.37,1.34,44.64,47.5,4.81,1.99,3.27,0.0,2.74,0.36
7889,3.38,3.76,60.15,61.08,2.38,2.5,1.57,3.9,2.97,0.41
7890,2.42,4.43,62.27,40.53,5.01,3.69,2.26,2.98,2.34,0.83
7891,6.32,1.99,30.13,54.16,2.74,0.67,1.9,1.22,2.08,1.12
7892,4.96,5.3,34.04,55.4,3.75,3.33,1.59,1.74,2.78,0.0
7893,2.71,4.58,26.41,80.64,0.0,1.38,2.83,3.82,3.1,2.09
7894,6.09,5.94,43.75,15.93,5.63,4.49,2.18,2.28,0.0,2.28
7895,9.34,7.31,59.95,80.95,3.85,0.0,0.79,1.37,1.87,1.29
7896,0.5,1.85,81.37,41.24,4.03,1.22,2.13,2.61,5.09,0.07
7897,8.71,6.71,55.71,37.04,4.6,0.0,2.58,2.68,1.84,2.01
7898,9.89,2.69,50.19,65.26,3.94,0.16,1.55,1.28,1.54,0.0
7899,7.28,4.57,62.05,56.67,4.78,0.34,3.54,1.93,4.12,1.24
7900,4.31,5.78,27.44,30.27,3.25,0.75,0.12,1.15,1.62,0.19
7901,8.66,5.67,40.91,50.06,3.34,1.53,4.87,4.12,2.86,0.41
7902,8.23,4.15,38.2,46.74,2.86,1.99,2.16,1.65,1.66,0.7
7903,7.94,0.31,61.1,47.86,2.45,2.2,0.27,0.91,2.87,2.18
7904,10.68,2.85,34.34,59.75,1.7,0.83,2.37,0.0,4.36,0.92
7905,3.92,3.68,47.92,58.2,1.73,0.37,2.15,3.5,1.87,1.53
7906,4.3,4.21,54.45,39.41,2.47,4.63,1.61,1.09,3.1,0.58
7907,0.5,3.45,61.51,85.58,1.54,2.27,0.0,0.0,1.3,0.97
7908,10.93,3.91,31.2,60.72,4.04,1.68,0.55,2.32,3.75,0.68
7909,1.26,3.29,36.64,79.39,3.2,4.08,0.74,2.86,5.1,0.97
7910,7.2,5.35,31.04,43.78,6.18,1.99,2.03,3.19,0.09,0.0
7911,2.65,3.17,36.61,48.79,2.55,2.83,2.57,1.38,1.38,0.5
7912,1.96,4.46,44.08,20.15,5.52,3.14,2.62,1.23,4.98,0.0
7913,9.53,1.83,41.85,58.82,3.71,1.02,1.53,3.25,4.18,1.22
7914,7.71,6.28,56.48,56.18,3.91,2.61,0.0,0.0,0.42,0.24
7915,6.88,3.55,31.01,25.02,5.17,1.49,0.4,2.68,1.13,1.05
7916,6.87,4.78,11.76,22.41,4.37,1.02,2.7,1.57,3.82,1.31
7917,0.58,5.38,19.92,35.47,3.99,3.02,0.0,4.03,4.04,0.0
7918,5.15,2.41,69.1,70.22,5.94,3.61,2.2,0.0,1.69,0.0
7919,6.14,4.69,34.55,69.66,2.86,1.46,1.04,0.88,3.73,0.0
7920,8.96,1.67,30.78,54.64,4.43,2.25,2.73,5.3,3.07,0.07
7921,8.52,2.89,27.98,49.23,3.01,1.89,1.05,2.25,2.81,1.86
7922,6.02,4.08,30.31,49.35,3.7,2.17,1.66,5.18,2.18,2.0
7923,2.17,8.92,54.41,74.92,1.33,1.2,2.6,4.99,3.0,0.84
7924,4.54,3.71,60.0,60.08,1.72,0.0,1.07,3.29,1.26,1.65
7925,0.65,2.54,58.6,74.32,4.82,0.0,2.62,4.23,3.02,1.17
7926,7.52,3.26,34.54,43.33,2.28,2.96,2.45,1.76,2.52,0.61
7927,0.95,4.44,30.51,63.74,4.19,1.54,0.0,2.66,0.0,0.0
7928,8.09,4.48,0.0,67.4,1.47,0.0,1.4,1.1,1.47,1.36
7929,4.97,2.48,73.43,34.5,3.79,4.21,0.69,2.16,0.74,0.33
7930,6.9,4.4,48.58,70.03,5.28,2.67,1.79,0.67,4.0,0.81
7931,8.67,6.01,37.16,80.89,2.42,3.68,1.93,1.42,2.56,0.07
7932,8.06,3.5,53.04,56.64,5.24,0.0,1.63,2.95,3.45,0.88
7933,8.98,0.0,67.74,62.21,1.56,2.88,0.0,2.7,1.84,0.0
7934,4.79,5.6,52.32,64.15,4.76,1.93,1.98,0.0,0.78,0.25
7935,7.82,5.25,48.48,49.2,3.4,2.16,0.0,2.55,2.17,1.06
7936,3.23,3.61,44.53,22.86,3.29,0.04,1.0,0.96,0.0,0.22
7937,4.43,4.07,6.29,48.73,5.58,1.46,0.46,0.05,0.63,0.0
7938,0.68,4.02,45.31,80.95,2.71,0.0,0.35,0.12,3.4,0.12
7939,6.65,1.66,50.33,27.84,1.68,0.51,0.88,2.01,3.82,1.01
7940,1.3,5.56,61.67,79.24,4.02,0.0,2.66,2.58,0.38,0.47
7941,5.38,2.37,46.37,50.61,6.28,4.13,3.11,3.95,0.19,1.03
7942,6.46,2.8,28.92,46.81,4.9,2.72,1.01,1.0,0.0,1.44
7943,4.03,4.63,53.63,45.61,2.56,2.42,4.21,1.18,3.02,0.49
7944,8.14,3.39,35.91,33.11,4.25,5.59,2.17,3.18,2.17,0.04
7945,4.66,7.35,39.36,64.34,4.12,2.69,2.46,3.17,0.84,2.51
7946,1.2,5.12,66.94,90.26,4.84,0.34,0.09,3.17,0.26,0.0
7947,6.82,1.98,16.43,92.38,3.37,1.55,0.0,2.93,2.37,1.53
7948,6.01,8.15,48.41,62.08,1.43,1.22,0.79,1.19,2.98,0.36
7949,5.39,5.86,50.84,58.79,1.53,3.15,0.0,3.75,2.57,0.09
7950,3.16,7.77,48.85,79.56,5.16,2.38,1.21,3.63,3.45,0.0
7951,5.72,6.48,31.24,71.43,5.33,3.11,1.74,3.73,0.0,0.88
7952,8.28,4.35,26.86,42.1,4.85,1.51,2.05,0.68,2.36,0.72
7953,7.17,1.64,63.63,59.68,3.77,2.05,3.36,0.63,4.79,0.78
7954,7.06,1.52,34.85,61.08,3.25,0.84,2.77,2.13,2.64,1.63
7955,5.42,3.12,51.57,45.11,4.61,1.11,1.78,1.23,3.0,1.6
7956,1.21,5.77,51.86,35.54,4.91,0.0,0.0,4.02,2.51,1.5
7957,4.3,5.07,51.81,90.09,4.36,0.0,0.45,2.74,1.76,1.24
7958,8.0,6.2,41.57,70.93,3.4,2.52,1.88,1.75,2.56,0.92
7959,5.74,2.76,46.29,59.23,2.94,1.49,0.0,2.7,2.97,1.4
7960,1.39,0.0,44.04,35.82,3.53,0.0,1.24,0.53,0.68,1.38
7961,3.7,2.81,35.17,62.8,1.09,0.0,0.0,2.03,0.0,0.93
7962,6.76,3.8,27.26,76.59,6.04,2.51,2.91,1.2,1.43,0.63
7963,5.6,5.58,61.66,44.82,4.77,1.53,3.18,0.66,1.21,1.57
7964,7.09,5.25,64.08,27.42,3.33,1.91,0.95,3.29,3.09,0.4
7965,3.67,1.82,69.16,83.6,3.5,1.32,2.18,2.69,3.46,1.33
7966,5.74,4.26,49.09,26.47,3.56,0.0,0.0,2.54,0.02,1.72
7967,2.06,4.31,60.41,69.05,6.29,4.3,0.0,2.24,0.84,0.0
7968,7.67,4.6,43.99,47.3,3.47,1.81,2.84,0.48,1.27,0.79
7969,8.28,4.02,47.8,89.97,3.09,0.2,2.7,3.18,3.32,0.64
7970,2.91,1.05,48.05,80.97,5.95,4.24,3.54,2.75,2.21,0.11
7971,7.81,6.79,32.48,86.16,2.85,2.06,1.96,2.96,1.34,1.02
7972,3.39,3.99,46.95,100.0,3.18,0.0,2.12,2.21,1.26,0.0
7973,5.64,3.67,42.24,45.98,2.14,1.26,0.0,3.19,2.31,0.16
7974,0.5,3.39,28.84,41.51,1.85,2.77,1.98,0.14,1.88,0.0
7975,0.5,2.51,52.37,43.61,3.34,2.83,0.09,2.12,0.61,1.11
7976,9.99,7.03,32.86,54.85,3.86,4.46,3.39,1.69,3.27,3.01
7977,8.56,3.37,43.01,29.92,2.9,4.59,1.37,1.32,0.2,0.11
7978,7.38,0.7,37.72,24.46,5.75,3.95,1.44,2.99,0.07,1.24
7979,6.61,1.06,37.0,64.71,4.81,2.71,0.46,0.0,2.6,1.22
7980,9.07,5.82,19.91,20.79,3.39,1.55,1.72,2.64,0.75,1.79
7981,5.89,5.08,40.37,77.57,1.01,3.46,0.61,2.29,0.0,0.41
7982,2.55,3.44,67.74,51.18,1.39,4.04,0.18,2.28,0.75,2.19
7983,4.67,2.01,48.3,31.1,1.35,1.3,0.0,0.3,1.39,0.74
7984,5.21,3.62,39.64,66.27,2.39,3.19,1.2,2.07,2.53,0.04
7985,3.34,0.72,58.5,51.58,2.0,5.23,2.77,0.81,2.19,1.96
7986,4.96,0.96,43.7,49.46,3.79,1.63,0.87,0.0,1.92,1.54
7987,7.51,6.77,50.21,44.02,3.07,2.72,1.62,0.03,2.17,0.62
7988,5.27,5.08,18.04,69.47,4.0,1.08,3.22,2.55,0.63,1.27
7989,1.17,6.0,8.47,56.85,2.12,0.17,0.72,0.45,3.58,2.37
7990,4.25,3.57,73.32,85.06,1.11,1.97,2.85,5.41,2.52,1.72
7991,7.87,3.83,69.95,33.77,3.51,1.31,0.0,0.08,2.09,1.23
7992,3.85,4.58,68.72,70.01,1.73,3.09,2.41,2.41,0.31,1.14
7993,4.38,7.01,58.97,30.26,1.92,2.42,0.0,0.0,3.25,0.87
7994,1.89,7.19,99.94,35.32,6.47,3.39,3.03,0.21,2.18,0.25
7995,6.48,3.82,34.32,86.7,2.62,2.73,3.16,2.77,4.52,0.08
7996,3.18,3.86,54.59,56.13,2.17,0.0,0.81,2.45,1.4,0.15
7997,4.97,4.79,36.96,72.5,4.45,3.2,2.66,1.89,5.66,0.0
7998,6.94,3.96,65.98,24.82,2.18,0.0,0.0,0.81,3.03,1.67
7999,3.48,1.23,37.91,99.61,2.74,1.43,0.52,0.0,1.46,1.09
8000,9.72,3.14,25.57,56.36,3.42,0.0,0.04,0.0,0.0,0.34
8001,0.5,0.0,22.75,52.42,3.67,0.0,0.4,1.19,2.36,2.38
8002,9.51,4.15,22.8,66.76,4.04,0.0,1.57,1.12,0.55,1.54
8003,8.51,4.41,71.12,67.69,3.16,4.66,0.16,0.01,4.19,0.0
8004,5.38,4.98,50.22,67.02,2.25,4.01,0.0,1.08,0.55,0.5
8005,4.11,0.53,49.6,86.64,4.66,2.76,0.0,2.43,1.14,0.0
8006,6.7,2.9,79.78,47.55,2.37,3.73,0.33,2.02,4.77,0.58
8007,6.47,4.83,47.25,82.69,2.11,0.28,2.7,1.57,2.53,0.0
8008,7.31,5.77,39.16,28.09,5.15,2.38,1.53,2.25,1.83,0.65
8009,5.42,4.4,24.1,58.71,2.76,3.68,1.79,2.13,2.36,0.93
8010,1.96,3.19,50.57,38.31,5.45,2.72,3.16,2.45,1.98,3.29
8011,7.0,1.54,37.08,47.85,2.79,2.57,2.36,2.73,0.03,1.57
8012,8.43,5.86,48.67,48.81,4.12,0.57,2.59,3.39,1.75,0.05
8013,5.49,2.09,34.89,35.58,5.41,1.19,3.82,1.29,1.68,0.86
8014,4.42,0.9,48.98,14.62,5.04,3.16,0.41,2.42,0.25,0.0
8015,8.29,4.84,59.54,87.87,4.0,3.07,2.37,0.78,2.43,0.47
8016,5.06,3.75,43.64,40.68,3.5,1.64,1.34,1.65,1.36,1.41
8017,9.21,6.38,45.05,72.46,5.69,1.71,0.86,1.84,2.09,1.5
8018,6.12,5.24,50.73,54.94,5.08,4.27,2.77,0.0,2.82,0.49
8019,4.41,0.0,59.77,17.3,3.79,1.55,2.5,0.0,0.13,0.11
8020,5.99,5.41,76.09,53.43,4.41,0.3,1.04,3.26,1.68,0.0
8021,0.5,6.45,43.16,72.53,3.65,1.65,0.78,0.05,1.83,0.94
8022,3.98,2.97,49.18,37.95,0.95,0.24,2.02,1.48,3.15,0.85
8023,7.12,2.76,38.5,36.31,5.45,0.86,0.67,0.61,3.31,0.06
8024,8.88,4.28,49.03,45.14,5.58,1.89,1.21,0.09,0.0,0.0
8025,5.26,6.07,27.83,42.13,4.13,1.23,0.43,2.72,3.82,0.0
8026,8.81,6.38,7.23,51.94,3.58,0.64,0.0,0.0,1.62,0.32
8027,10.87,3.47,52.76,51.59,3.62,2.72,1.13,1.89,1.39,1.79
8028,8.42,3.36,42.95,100.0,2.71,1.33,1.23,3.9,0.68,0.65
8029,9.71,3.97,49.61,33.32,5.4,1.37,1.9,1.68,4.3,1.52
8030,7.13,2.75,24.04,70.29,3.78,0.75,1.58,2.23,1.46,0.3
8031,5.06,4.89,64.97,66.19,3.22,2.57,1.48,3.85,0.38,1.87
8032,4.39,3.78,14.05,16.0,4.7,2.06,0.62,2.48,1.77,1.41
8033,6.07,0.0,34.77,48.9,4.2,2.32,0.0,2.63,2.95,1.87
8034,6.56,5.24,40.1,42.13,3.29,2.14,0.7,2.93,0.75,0.16
8035,1.92,2.1,35.87,29.78,2.89,2.28,3.95,0.17,2.33,1.21
8036,9.29,2.17,66.88,85.46,3.62,0.0,0.0,2.99,3.08,1.22
8037,4.66,5.87,30.22,50.71,5.76,1.13,2.44,0.61,2.02,1.28
8038,7.46,6.43,62.85,44.54,2.66,2.99,2.06,2.2,0.35,0.68
8039,3.68,0.94,47.25,63.18,3.85,0.49,4.4,0.0,2.32,0.74
8040,5.92,3.46,33.39,32.94,2.0,0.0,0.0,0.0,2.22,0.84
8041,4.12,4.64,63.76,31.4,2.94,2.48,2.0,1.81,0.65,0.0
8042,4.8,4.7,25.72,51.27,2.06,0.0,1.91,0.95,0.74,1.7
8043,7.02,6.3,40.85,69.41,4.31,3.63,3.08,2.28,2.58,1.37
8044,5.91,4.49,34.36,34.03,2.83,2.64,1.47,0.0,1.02,1.23
8045,5.34,2.07,33.79,55.02,3.74,4.04,2.7,3.41,3.58,0.0
8046,14.16,4.51,28.73,40.79,2.63,2.51,1.31,1.62,4.19,0.63
8047,8.36,4.9,38.88,66.92,4.74,1.67,3.87,1.66,0.64,0.0
8048,0.5,2.58,58.23,62.3,4.91,2.84,0.45,2.5,3.06,0.0
8049,7.09,5.52,48.71,72.11,6.03,2.29,0.26,2.81,1.77,0.0
8050,2.25,0.14,18.78,47.33,2.9,1.02,0.0,3.76,2.19,2.07
8051,8.63,8.22,47.77,89.22,4.82,1.59,1.2,2.06,0.0,0.0
8052,5.08,4.89,44.37,82.01,1.64,3.05,3.95,2.31,3.41,1.39
8053,5.89,4.81,56.05,83.85,0.68,2.42,0.94,2.61,2.34,0.56
8054,3.39,7.7,72.68,11.29,2.71,2.54,0.95,1.35,1.42,0.66
8055,4.27,4.6,48.03,56.01,2.98,2.54,4.13,1.9,1.95,1.01
8056,2.13,6.42,28.3,20.94,4.21,1.42,1.21,1.85,2.65,0.25
8057,2.71,3.8,18.83,59.31,5.65,2.41,2.59,3.45,1.59,0.0
8058,6.94,0.0,75.57,51.19,0.0,5.67,2.58,0.0,0.0,2.54
8059,2.25,0.78,72.9,54.98,2.26,3.76,0.92,3.83,3.33,2.03
8060,3.8,5.79,69.41,75.33,5.76,2.67,1.65,1.17,1.52,0.94
8061,1.78,4.16,56.85,69.06,7.84,2.37,2.65,2.29,0.0,0.56
8062,4.02,5.55,48.52,75.76,5.5,2.12,0.9,2.24,2.31,1.18
8063,11.42,1.75,55.56,40.84,6.15,4.03,3.07,2.41,2.21,1.71
8064,2.71,4.56,43.65,5.4,6.04,0.0,0.46,0.44,0.2,0.81
8065,14.51,1.81,56.45,48.56,2.52,2.72,2.18,0.0,0.0,1.02
8066,4.68,7.07,40.63,86.94,1.83,1.58,2.14,2.56,4.75,0.32
8067,3.97,5.82,38.12,77.13,1.72,3.91,0.85,3.29,1.6,0.95
8068,4.81,0.0,40.08,76.76,3.96,0.47,2.58,3.65,1.95,0.17
8069,0.5,0.99,45.06,68.43,4.54,3.1,0.76,0.89,3.16,0.0
8070,3.8,4.77,48.21,51.76,7.44,0.15,0.94,0.0,1.8,0.57
8071,4.51,5.84,75.39,70.53,5.5,0.18,1.67,1.1,0.0,0.0
8072,5.74,0.0,54.6,47.88,1.09,4.48,1.89,1.26,1.33,1.18
8073,9.09,3.07,63.77,38.77,4.45,5.04,0.94,0.06,1.42,0.58
8074,1.35,2.14,40.79,61.73,4.0,2.62,1.55,3.05,2.99,0.44
8075,5.68,2.14,28.76,93.55,3.85,3.15,1.42,3.96,2.7,1.1
8076,2.78,2.75,55.36,73.13,4.65,4.02,1.11,0.0,3.5,0.95
8077,6.38,3.44,68.02,75.5,1.22,0.33,0.0,4.48,0.0,1.35
8078,7.78,4.82,49.3,24.54,3.42,3.81,0.27,3.85,1.48,0.56
8079,1.18,3.88,34.25,48.67,2.05,1.43,0.87,3.18,0.63,0.2
8080,10.62,2.54,36.5,92.69,4.4,4.93,0.98,0.73,0.0,1.43
8081,5.76,3.83,61.29,35.25,3.15,1.88,1.93,0.0,0.69,0.18
8082,5.61,1.42,59.98,24.77,4.37,4.28,2.26,0.0,1.46,0.63
8083,5.92,3.88,33.83,77.88,5.48,2.78,1.64,2.65,2.53,0.35
8084,12.65,0.41,51.98,54.28,3.52,1.64,2.39,0.9,1.05,2.08
8085,7.75,7.08,33.5,9.83,5.96,0.73,0.1,1.06,1.26,0.32
8086,5.51,2.77,38.78,72.25,2.76,3.1,1.58,4.62,0.59,2.33
8087,3.62,2.59,29.29,91.61,2.65,1.92,2.76,5.79,2.57,1.32
8088,10.53,5.04,55.89,36.86,3.26,1.32,2.33,2.97,2.44,1.55
8089,2.43,1.67,36.59,71.63,2.16,0.0,0.14,5.07,2.38,0.0
8090,4.74,1.33,41.09,43.12,1.9,0.62,3.19,2.84,2.04,1.21
8091,6.07,5.52,35.48,63.59,5.34,3.34,1.52,0.0,2.12,1.15
8092,8.99,3.95,41.69,27.29,5.83,0.55,3.17,3.18,0.0,0.08
8093,5.71,3.92,22.45,67.85,0.98,4.74,0.28,4.02,0.0,1.94
8094,2.88,1.74,31.33,64.79,1.56,1.49,1.2,3.52,0.42,2.47
8095,0.5,3.12,35.22,51.4,4.48,0.0,2.52,4.71,0.0,0.49
8096,7.58,5.34,25.56,78.84,2.85,1.89,0.84,1.55,4.04,0.75
8097,7.41,6.94,50.47,60.37,5.59,0.0,0.87,2.67,1.92,1.15
8098,5.77,3.09,29.01,28.77,3.5,2.12,4.36,2.94,0.93,0.88
8099,4.38,4.28,71.28,47.8,6.8,2.36,0.45,0.0,2.7,1.47
8100,4.06,6.49,79.66,52.63,3.15,0.1,0.0,0.32,2.35,0.42
8101,6.16,5.22,65.68,41.56,4.06,0.43,0.69,2.37,1.99,2.21
8102,6.13,4.93,25.58,52.73,1.75,2.95,3.64,0.25,2.93,2.79
8103,5.21,6.2,54.01,24.26,2.08,0.0,0.66,3.6,1.59,0.83
8104,10.25,5.56,26.29,65.72,2.06,2.14,3.06,4.8,0.94,1.31
8105,1.94,5.64,34.74,50.55,2.29,1.51,0.79,4.15,0.0,1.79
8106,1.22,1.51,31.04,0.0,4.59,5.74,2.56,3.13,2.84,0.0
8107,4.06,2.22,36.68,48.51,2.76,2.01,1.63,4.15,1.91,1.52
8108,1.85,2.33,49.78,39.11,2.1,4.17,0.0,2.11,0.36,0.19
8109,2.98,3.4,54.97,71.05,3.53,0.6,1.77,3.49,1.68,1.43
8110,7.89,2.88,53.77,61.6,3.14,0.42,1.36,2.54,0.94,0.84
8111,8.64,1.72,41.31,29.92,3.38,0.8,1.04,2.48,3.36,1.12
8112,9.45,4.07,59.47,64.9,5.89,3.11,1.78,1.37,0.24,0.0
8113,5.17,3.49,52.57,59.48,4.23,3.94,1.98,2.79,3.64,0.25
8114,1.92,7.21,48.26,41.14,3.13,4.07,1.25,2.28,0.99,1.04
8115,2.92,6.16,49.13,46.57,5.68,2.73,2.0,4.13,2.95,0.1
8116,3.63,3.98,54.17,94.31,3.97,0.2,2.25,2.85,1.04,0.19
8117,4.66,6.88,50.8,27.31,0.69,0.0,0.0,1.64,0.57,0.91
8118,6.8,5.0,50.33,45.66,3.14,1.85,0.4,2.46,2.76,0.74
8119,9.13,1.53,51.99,55.74,5.79,5.32,3.06,2.52,1.13,0.99
8120,3.33,4.59,46.38,58.83,2.35,2.18,1.2,2.73,1.98,0.0
8121,3.43,3.05,39.87,38.89,3.05,3.96,3.21,0.0,2.58,0.26
8122,7.14,1.9,59.04,68.94,1.88,1.98,0.76,0.05,1.72,1.27
8123,3.69,2.99,43.25,71.7,2.99,1.37,0.62,0.32,2.05,0.31
8124,7.45,1.19,41.08,63.15,2.01,1.08,0.0,3.11,1.6,0.26
8125,7.46,1.13,36.46,53.61,3.87,2.19,2.6,1.87,0.79,0.4
8126,5.54,3.05,49.41,49.47,3.81,1.93,0.0,2.73,2.29,0.48
8127,1.8,2.5,63.01,93.11,3.63,0.0,1.91,1.04,1.81,1.11
8128,6.39,2.3,46.2,41.54,4.76,0.0,1.81,3.13,0.0,1.93
8129,4.06,5.9,48.46,75.46,2.88,2.73,2.68,3.37,1.76,0.52
8130,9.74,7.68,39.83,53.84,3.11,2.21,1.08,1.05,0.63,0.0
8131,3.89,3.89,52.16,46.14,3.43,1.43,2.36,0.73,1.67,0.0
8132,9.92,0.95,61.1,46.45,2.2,2.42,1.59,1.55,0.0,1.6
8133,5.04,2.47,48.7,54.53,1.47,1.58,2.34,2.53,3.07,0.0
8134,3.81,6.23,54.72,21.17,2.69,2.35,0.47,1.63,0.43,0.01
8135,2.5,1.91,21.82,67.43,5.4,3.77,1.21,0.8,0.04,1.23
8136,10.19,2.65,23.59,47.74,2.64,2.78,2.29,2.46,1.8,0.9
8137,6.12,6.2,43.92,88.13,0.96,0.38,0.0,0.0,0.77,0.0
8138,3.44,1.85,39.64,63.98,2.88,1.95,0.0,2.4,1.26,0.4
8139,6.21,2.87,63.97,64.41,2.69,1.06,0.34,0.0,2.23,1.05
8140,6.03,7.69,34.02,60.48,2.4,0.89,3.41,1.25,1.11,0.26
8141,5.14,5.97,56.23,70.25,5.49,2.5,2.96,2.13,2.28,0.0
8142,4.56,0.87,27.27,31.83,3.78,0.0,0.79,2.38,4.09,1.93
8143,6.08,5.06,46.13,81.61,0.98,0.59,2.4,2.77,0.16,0.37
8144,10.23,8.21,34.83,49.89,2.05,2.51,1.79,1.61,2.73,0.0
8145,5.74,3.92,39.8,40.12,2.49,0.98,0.4,2.13,1.35,1.42
8146,6.4,3.69,43.34,98.23,3.21,0.51,1.81,1.16,1.22,0.53
8147,8.41,2.42,66.61,77.78,2.92,4.06,0.37,0.38,2.7,1.06
8148,8.83,7.52,39.72,92.31,3.11,2.02,2.0,3.92,1.15,0.0
8149,9.18,4.01,67.36,77.39,0.61,1.02,2.05,1.4,2.68,1.4
8150,9.08,4.42,28.72,21.29,5.23,1.18,0.0,2.95,2.52,1.56
8151,5.47,3.04,58.42,36.64,0.0,1.69,0.84,2.43,5.37,2.13
8152,6.97,3.73,52.2,64.25,3.26,2.3,1.9,0.27,3.22,1.51
8153,6.5,5.7,50.34,52.89,4.33,2.24,1.61,1.54,0.0,0.3
8154,3.07,2.55,18.6,41.49,6.39,2.59,4.21,4.04,0.0,1.0
8155,7.83,0.0,69.39,77.77,1.76,2.97,1.12,2.05,2.55,1.21
8156,4.8,4.24,45.71,28.01,2.39,2.76,3.13,1.11,1.82,1.9
8157,8.99,3.92,47.96,35.85,1.82,0.58,2.41,3.86,2.3,0.73
8158,9.25,6.96,50.67,43.28,3.73,1.55,2.26,3.45,0.16,1.17
8159,6.47,1.79,39.65,64.57,2.76,2.58,2.07,1.97,0.49,0.69
8160,2.73,5.52,57.58,98.95,1.87,0.95,2.03,1.71,3.43,0.0
8161,5.67,3.43,55.08,46.65,4.15,2.21,2.06,4.87,0.0,0.25
8162,4.58,5.38,41.0,84.32,3.64,1.28,3.63,4.7,0.02,0.0
8163,8.12,5.12,47.21,87.7,2.7,0.49,0.31,3.69,1.97,0.04
8164,4.87,4.55,38.68,78.17,0.74,0.0,1.93,1.58,2.28,0.51
8165,6.77,3.55,57.51,63.98,4.32,4.92,1.94,4.38,2.38,2.87
8166,0.5,1.9,29.96,59.44,2.39,1.61,3.23,3.77,0.0,1.18
8167,10.26,3.08,51.6,60.54,1.99,2.52,1.66,0.14,2.19,0.0
8168,5.25,5.3,33.24,38.98,1.26,4.31,1.45,3.93,0.89,0.65
8169,9.17,5.77,61.3,52.62,2.66,0.0,1.43,3.12,4.24,0.86
8170,5.92,4.15,48.24,39.53,3.84,2.66,0.4,1.75,4.43,2.09
8171,5.0,3.61,47.08,42.9,0.94,3.01,4.2,2.69,3.58,1.25
8172,10.5,5.37,53.63,61.37,2.42,3.39,2.85,0.34,3.03,0.79
8173,0.5,3.3,39.37,82.98,5.4,2.62,1.05,4.11,1.73,0.2
8174,9.58,2.04,61.26,40.34,0.4,0.0,3.82,2.06,4.76,1.3
8175,0.5,4.65,31.49,32.65,5.27,0.76,0.69,0.38,2.89,0.16
8176,2.4,0.0,64.11,22.3,2.3,2.28,1.77,3.96,1.89,0.43
8177,9.05,3.28,36.31,47.93,1.81,1.66,0.68,1.53,2.48,0.23
8178,5.94,2.74,49.85,34.83,4.93,0.0,0.31,3.3,0.91,0.23
8179,0.59,3.0,34.21,31.38,3.32,1.96,0.63,0.84,2.74,1.95
8180,6.07,6.31,57.16,76.86,4.09,4.02,1.46,1.59,0.8,0.67
8181,5.23,2.69,44.85,28.25,0.02,0.28,0.76,1.5,0.0,0.61
8182,7.39,3.81,53.94,60.24,4.28,2.21,0.96,2.0,2.08,0.23
8183,3.7,1.43,36.38,71.91,2.35,1.29,0.02,2.44,0.72,0.55
8184,5.71,4.61,48.83,57.93,4.11,2.2,0.89,0.56,0.0,0.0
8185,0.5,3.66,44.75,10.68,4.97,1.44,1.64,1.92,0.0,0.08
8186,4.6,2.94,67.97,53.96,2.11,5.38,1.92,3.14,0.33,0.0
8187,7.97,0.16,68.5,58.02,3.2,1.26,0.16,1.69,3.22,2.18
8188,10.61,1.56,42.11,67.78,3.58,4.68,1.46,0.0,4.3,0.84
8189,2.48,1.26,47.23,65.24,5.7,2.12,1.75,2.52,2.23,0.51
8190,0.5,3.18,34.36,71.99,3.77,2.89,0.53,1.35,1.56,0.98
8191,0.5,5.95,65.93,58.47,2.71,4.06,0.38,3.28,0.39,1.12
8192,1.39,2.39,55.3,63.23,3.81,0.25,1.18,2.34,1.75,0.41
8193,6.67,1.06,47.85,49.67,4.37,2.89,0.49,1.23,2.29,0.38
8194,6.68,7.95,38.66,52.66,4.76,1.61,0.28,2.1,2.25,0.62
8195,6.24,5.11,27.81,57.62,4.12,3.96,4.19,2.45,1.09,0.45
8196,3.88,3.99,53.6,60.21,5.55,0.78,0.0,0.0,3.11,0.0
8197,3.11,0.0,55.43,87.26,4.7,2.92,1.78,2.93,2.23,0.99
8198,7.3,2.47,64.57,1.91,4.97,3.57,1.25,5.09,1.21,2.51
8199,5.95,6.32,47.46,32.08,3.37,0.79,2.35,0.0,1.47,0.25
8200,9.91,4.39,71.95,38.58,3.59,2.06,0.7,2.83,1.11,0.73
8201,2.7,2.13,41.34,67.67,3.66,3.31,2.33,1.51,1.46,0.0
8202,6.9,0.0,29.04,67.97,6.36,1.24,2.18,0.33,1.06,0.8
8203,8.08,8.35,64.08,41.41,4.55,2.47,3.32,1.62,2.24,0.0
8204,0.5,6.07,43.53,68.41,1.45,2.3,2.51,2.88,2.57,1.21
8205,5.14,6.11,27.99,32.6,4.25,1.32,1.24,2.34,1.24,1.08
8206,5.04,2.13,51.9,92.01,4.85,1.73,0.0,1.06,0.83,0.56
8207,3.93,1.23,21.23,11.37,3.08,2.72,0.21,2.06,1.22,0.0
8208,4.73,4.08,39.15,47.05,2.99,1.04,1.63,0.88,3.09,0.0
8209,4.46,5.46,69.08,38.8,1.13,1.67,0.82,2.81,3.67,0.44
8210,8.19,1.69,57.0,55.98,3.9,2.34,2.53,1.82,3.81,0.4
8211,2.72,1.52,34.93,53.01,3.6,4.71,1.54,2.49,1.2,0.32
8212,2.67,3.8,30.57,25.4,5.27,1.92,1.16,2.12,1.6,0.47
8213,8.23,3.48,35.27,78.25,4.51,0.52,4.59,2.15,3.09,1.44
8214,6.54,3.79,58.42,63.26,3.12,2.33,1.36,3.11,1.38,0.0
8215,8.94,1.88,52.79,71.14,3.67,2.85,0.58,0.48,0.96,0.55
8216,9.14,4.85,34.12,78.47,4.4,1.56,1.64,1.81,0.2,0.83
8217,4.26,6.32,38.07,100.0,5.37,0.0,4.45,2.31,1.4,0.8
8218,7.02,5.25,52.03,58.61,3.51,3.03,3.57,3.6,0.41,0.28
8219,7.97,0.0,51.0,71.39,1.3,3.02,1.45,2.98,2.04,1.34
8220,4.89,2.74,45.72,56.76,4.74,3.59,2.68,0.68,1.39,0.96
8221,8.36,10.07,23.28,60.43,3.17,0.54,2.44,2.09,1.79,0.0
8222,3.47,4.79,53.18,53.01,2.1,1.5,2.4,5.1,1.84,0.0
8223,3.24,2.5,59.04,80.71,1.63,2.8,0.0,1.72,4.49,0.62
8224,6.08,2.44,50.3,30.6,2.56,3.71,1.3,0.0,1.4,1.5
8225,2.26,6.99,20.5,74.86,5.21,0.0,3.12,3.14,1.58,0.06
8226,6.0,4.38,40.85,29.9,2.14,2.23,0.96,3.08,3.3,1.01
8227,6.88,3.59,62.32,55.58,2.16,4.87,1.7,0.77,2.78,1.47
8228,4.04,1.55,42.14,78.0,3.11,0.0,4.78,3.11,2.16,2.37
8229,8.67,5.1,40.21,35.72,4.23,1.75,1.59,4.07,0.2,1.36
8230,4.53,3.69,47.84,28.8,2.68,0.13,1.45,3.31,0.0,2.03
8231,7.31,1.49,56.6,50.89,3.48,3.38,1.7,3.09,0.0,0.2
8232,2.13,3.6,35.47,38.01,4.92,2.53,4.81,2.39,3.2,0.0
8233,3.59,5.91,50.01,89.15,3.77,3.57,0.0,1.73,0.08,0.88
8234,5.75,3.75,37.23,75.43,4.26,1.86,1.46,0.0,0.0,0.8
8235,7.49,0.0,40.16,29.43,2.94,1.9,2.8,2.02,0.64,1.61
8236,10.35,3.81,60.43,49.82,5.07,0.07,2.34,1.06,2.08,0.66
8237,1.15,5.59,61.55,59.57,4.94,2.76,2.35,1.64,0.38,0.24
8238,5.32,7.17,33.72,60.6,2.11,3.02,3.0,3.85,1.46,0.98
8239,3.53,4.65,34.56,57.92,5.46,2.05,2.27,2.21,2.7,1.26
8240,6.05,9.31,60.14,15.44,4.01,2.96,2.14,2.57,3.32,0.57
8241,0.5,5.23,23.73,65.72,4.62,0.0,1.59,3.34,2.38,0.0
8242,0.93,5.66,33.28,58.07,5.95,1.4,0.0,2.74,3.09,2.07
8243,4.2,4.99,47.61,44.07,1.88,3.16,0.0,1.41,1.08,0.0
8244,0.85,3.83,42.0,28.27,4.7,0.0,1.02,0.0,1.13,0.55
8245,6.83,5.11,40.35,77.57,3.83,4.05,0.28,0.0,1.47,0.18
8246,4.21,6.94,57.32,97.62,5.7,0.75,1.89,4.27,0.86,1.07
8247,2.18,1.87,60.51,49.5,4.92,1.78,2.92,0.86,1.66,0.66
8248,6.75,3.41,65.1,54.14,4.25,2.08,0.66,0.0,1.12,2.1
8249,4.71,5.74,55.32,40.53,3.19,3.21,2.05,3.6,2.94,0.0
8250,5.08,2.87,54.49,41.77,4.22,2.78,0.81,2.74,0.92,2.14
8251,4.44,3.77,48.15,45.26,3.73,2.66,1.93,0.69,2.91,1.69
8252,10.15,5.18,28.46,31.94,3.08,0.0,0.91,2.03,0.0,1.45
8253,7.95,7.07,24.7,77.03,4.93,0.0,3.99,1.05,0.56,0.0
8254,3.2,6.22,62.93,63.18,4.35,2.87,0.0,1.45,2.18,0.13
8255,5.32,5.88,36.81,69.45,3.08,0.0,1.68,4.69,2.36,1.1
8256,8.18,6.76,67.92,74.04,1.79,1.63,4.39,3.74,3.37,1.22
8257,6.05,1.92,41.53,35.18,5.53,0.0,0.57,0.0,3.07,2.11
8258,2.11,1.2,68.61,63.75,5.96,5.9,0.84,2.46,1.27,1.68
8259,1.79,4.5,44.25,57.22,4.86,2.27,0.65,3.44,0.52,1.44
8260,4.55,7.62,45.12,61.42,6.1,2.17,3.44,1.26,1.56,0.0
8261,4.71,6.23,51.43,38.05,4.54,2.08,2.56,0.63,1.66,0.0
8262,1.59,3.12,34.7,9.52,3.45,3.05,2.98,4.26,2.77,0.84
8263,3.52,1.1,42.57,22.82,3.58,2.32,0.18,1.33,1.99,0.5
8264,4.97,4.87,28.51,65.75,6.15,2.04,1.35,1.23,1.65,0.0
8265,2.88,4.29,29.36,41.06,2.29,1.58,1.94,0.0,2.52,1.04
8266,9.09,4.71,33.4,27.83,3.46,2.21,2.39,0.0,1.98,0.75
8267,1.44,0.4,41.37,1.85,1.07,1.63,0.35,1.33,1.69,0.93
8268,6.23,1.57,58.12,46.12,2.82,1.93,0.43,4.47,0.0,0.12
8269,4.12,6.22,10.34,34.81,4.83,3.59,1.63,0.54,0.26,1.47
8270,7.47,6.54,42.25,64.83,3.4,3.17,2.19,0.46,1.97,0.65
8271,6.98,4.97,14.59,33.86,3.24,1.16,3.36,1.12,1.57,1.26
8272,2.74,4.32,41.23,58.49,0.2,3.28,0.35,4.34,3.45,0.96
8273,7.83,5.75,66.97,16.23,3.63,2.9,0.48,1.49,0.79,0.39
8274,9.2,1.12,38.28,24.41,2.38,2.11,2.61,2.03,1.39,1.29
8275,9.75,5.39,72.28,53.27,3.7,1.34,0.0,1.56,1.76,0.63
8276,3.23,3.4,67.72,61.45,4.83,3.11,1.72,2.71,2.1,0.0
8277,3.85,3.73,59.59,57.36,2.46,2.79,0.3,2.26,0.38,0.38
8278,6.95,5.13,25.04,55.29,5.56,1.66,3.4,4.14,0.15,0.23
8279,10.88,6.9,37.06,46.75,0.72,2.71,1.71,0.44,1.78,1.02
8280,6.5,1.68,17.86,100.0,4.14,0.36,2.25,2.78,1.91,0.82
8281,3.2,1.21,27.12,92.53,5.07,3.33,2.07,1.86,2.87,0.35
8282,2.72,3.19,35.55,64.72,1.67,2.09,1.8,1.87,1.22,0.33
8283,3.27,3.7,64.23,53.29,2.42,1.58,2.36,1.54,3.03,0.79
8284,7.55,3.75,62.52,66.17,1.64,2.19,1.02,0.0,0.98,0.57
8285,10.49,1.63,34.34,25.89,4.95,0.13,4.09,2.78,1.4,0.95
8286,3.29,3.02,61.8,58.16,4.93,0.63,1.45,3.42,2.2,1.91
8287,6.41,3.35,44.1,97.25,2.36,3.24,1.69,3.78,1.79,1.13
8288,1.7,2.27,43.59,38.3,5.66,2.04,1.28,4.3,3.43,1.29
8289,6.08,4.46,37.6,30.21,3.16,0.81,1.92,0.58,1.17,1.35
8290,4.78,6.04,54.68,49.6,3.0,3.45,1.61,1.16,2.0,1.64
8291,8.04,4.88,13.32,65.97,6.19,2.7,0.72,1.89,2.51,0.0
8292,6.05,3.74,37.9,55.14,4.86,4.2,1.51,1.83,1.24,0.96
8293,4.94,4.72,66.46,42.41,2.97,2.42,1.64,3.64,1.16,2.45
8294,4.07,6.67,79.17,79.91,1.76,4.01,0.0,2.64,0.56,1.54
8295,8.22,8.08,22.06,61.58,2.6,2.01,0.95,3.57,1.7,0.09
8296,5.92,5.19,33.04,62.83,3.15,2.03,0.0,0.95,2.47,1.14
8297,1.74,1.02,52.35,86.17,6.11,0.0,2.76,2.69,1.24,0.03
8298,5.31,4.59,66.75,89.22,2.88,3.39,1.93,1.17,2.68,0.73
8299,4.57,2.53,61.18,68.23,1.93,0.8,2.5,2.92,2.37,0.5
8300,7.86,4.33,39.79,39.12,5.04,3.46,1.86,0.26,2.68,0.0
8301,5.26,2.48,43.98,75.89,5.11,0.32,4.35,0.0,0.59,0.34
8302,13.0,3.77,32.17,18.23,1.29,2.89,1.47,2.45,2.08,0.6
8303,9.09,5.84,24.34,76.05,5.7,1.43,1.46,4.93,0.29,0.0
8304,8.44,5.86,21.13,85.97,4.68,3.28,3.02,1.34,1.49,1.25
8305,2.35,2.06,29.88,84.87,1.7,2.67,1.24,3.11,0.72,1.23
8306,10.04,6.24,34.79,57.35,1.52,1.97,2.37,0.0,0.9,0.61
8307,2.01,6.72,26.33,57.81,3.17,3.46,1.73,1.58,2.87,1.45
8308,10.28,4.18,45.07,49.65,3.13,0.0,1.43,1.89,2.18,0.0
8309,4.13,4.2,57.15,46.42,2.14,0.0,1.29,3.07,0.43,1.75
8310,3.33,3.64,44.43,21.6,3.3,0.71,1.34,1.25,1.51,1.21
8311,5.2,4.39,53.88,56.12,6.1,2.92,3.45,2.19,3.06,0.9
8312,8.03,3.82,45.56,62.85,3.73,3.85,1.14,0.0,0.73,0.0
8313,6.77,1.44,31.46,88.99,4.9,3.31,0.85,0.0,0.53,3.31
8314,11.14,5.11,32.86,49.18,2.04,2.78,3.27,0.0,0.0,0.5
8315,9.94,1.49,41.52,24.3,4.66,2.61,0.75,0.12,1.5,0.78
8316,6.59,3.36,18.45,55.93,2.97,1.93,1.44,2.89,1.34,2.62
8317,2.17,3.36,54.6,26.03,4.19,0.0,2.46,2.28,0.27,2.73
8318,2.66,8.45,34.1,65.7,3.49,1.23,0.0,1.37,0.9,1.34
8319,7.56,1.13,57.54,64.34,3.04,0.76,1.96,3.13,1.87,1.94
8320,6.29,0.0,52.03,40.95,3.28,0.64,1.88,3.46,3.29,1.14
8321,2.48,7.61,38.86,35.3,3.83,1.64,3.04,2.69,1.04,0.59
8322,6.08,5.76,66.12,59.8,5.67,4.16,0.73,0.0,1.33,0.0
8323,0.5,4.86,28.81,63.99,4.2,3.24,1.4,4.06,3.78,0.07
8324,3.63,0.41,58.73,45.73,2.47,0.77,2.77,2.63,3.29,0.0
8325,1.5,2.57,29.02,66.02,3.31,0.0,3.23,1.35,5.34,0.46
8326,8.92,5.01,46.74,45.67,2.14,1.11,0.28,3.53,2.6,1.81
8327,5.48,2.24,60.11,79.84,3.86,0.14,0.01,2.02,1.64,1.41
8328,5.71,0.91,41.03,11.67,2.84,2.92,0.52,0.0,0.0,1.1
8329,6.31,3.01,37.95,52.76,5.11,0.0,1.33,1.43,3.73,0.07
8330,5.73,4.57,50.67,99.1,5.74,1.19,1.49,2.41,2.45,0.16
8331,7.1,7.46,35.58,78.4,2.59,0.93,1.79,0.21,3.53,1.04
8332,1.83,3.24,20.04,43.46,2.85,0.6,0.92,1.37,4.02,1.47
8333,4.75,3.58,38.18,72.54,5.36,3.3,0.78,2.12,0.41,0.0
8334,2.87,1.56,55.65,49.43,4.19,2.83,2.5,2.95,0.54,0.63
8335,0.5,6.62,46.6,66.08,2.06,2.22,1.26,2.19,2.84,0.0
8336,6.39,6.1,43.03,73.69,3.36,3.87,2.93,0.0,2.94,0.62
8337,3.35,2.63,60.13,62.11,3.06,1.63,0.9,3.05,5.03,3.24
8338,12.3,5.41,36.44,52.85,3.39,2.95,0.67,1.58,0.89,0.81
8339,1.69,1.83,42.65,62.82,6.93,2.84,2.48,0.98,3.08,0.0
8340,12.17,6.62,75.63,64.14,4.1,1.83,2.18,1.42,3.04,1.16
8341,10.2,3.71,37.64,50.11,2.71,2.56,2.78,3.33,0.63,1.41
8342,4.46,1.45,58.76,98.35,2.97,1.33,1.13,0.89,0.1,1.07
8343,6.88,4.81,25.13,64.3,3.14,0.0,2.0,2.54,0.71,0.14
8344,9.41,3.02,26.45,87.31,3.25,0.84,1.97,4.5,2.99,0.0
8345,8.28,3.15,63.64,78.61,2.92,3.55,4.28,4.2,2.3,0.77
8346,0.89,2.95,24.9,56.57,1.53,0.0,0.95,3.5,2.62,2.11
8347,1.77,0.0,61.69,11.76,1.37,3.89,1.6,2.02,3.29,1.05
8348,7.45,1.94,54.12,55.68,0.89,3.81,0.12,3.6,2.69,0.62
8349,6.87,8.4,54.13,34.49,5.11,2.98,3.2,1.06,0.43,0.38
8350,3.83,7.51,48.02,42.85,5.31,3.04,2.18,3.6,1.35,1.07
8351,4.62,6.56,61.39,55.71,0.31,0.0,0.0,0.82,2.05,0.83
8352,9.75,5.07,59.67,62.22,5.04,2.66,2.12,0.92,2.29,1.15
8353,4.74,4.75,44.29,64.16,4.83,0.4,2.43,0.99,0.0,0.32
8354,13.53,5.95,44.02,70.99,4.91,3.51,2.36,0.8,5.09,0.0
8355,7.39,6.76,23.95,87.32,3.25,4.0,2.23,2.43,0.62,1.05
8356,3.79,6.3,38.46,52.8,5.28,1.78,1.53,1.82,3.36,0.8
8357,10.19,3.52,83.74,54.58,3.07,3.65,4.92,1.8,3.12,0.0
8358,7.04,0.0,41.79,29.22,4.45,2.78,0.03,0.58,2.74,1.36
8359,7.42,2.95,66.81,90.89,0.0,3.05,0.02,3.41,2.7,0.0
8360,5.98,4.59,39.77,81.98,4.36,1.6,3.82,3.2,3.17,1.34
8361,10.52,3.65,29.29,64.2,1.94,1.95,2.36,1.64,0.65,1.44
8362,9.55,4.19,42.97,40.42,4.92,1.57,0.66,1.07,0.55,0.64
8363,4.46,3.08,49.33,64.51,3.31,3.88,0.0,1.53,4.15,1.05
8364,6.2,5.72,64.82,35.97,3.39,1.03,4.56,1.45,1.45,0.69
8365,7.28,6.45,10.31,68.33,3.6,3.57,2.75,3.24,0.0,0.02
8366,7.43,5.63,43.66,63.29,4.71,3.0,1.2,2.11,1.88,0.57
8367,11.09,4.88,51.12,47.35,5.55,4.35,1.13,4.39,3.94,0.19
8368,2.9,1.7,35.91,67.4,1.71,2.4,2.99,2.35,2.37,1.95
8369,2.82,2.16,31.78,67.94,3.23,1.53,0.77,1.39,0.65,0.0
8370,8.47,1.33,46.56,39.38,3.25,0.0,2.39,4.4,2.8,0.04
8371,4.57,2.86,37.06,38.51,5.53,3.39,1.18,0.0,1.26,1.04
8372,4.24,1.22,48.54,36.04,3.24,2.51,1.78,3.41,2.69,2.39
8373,7.2,3.52,46.81,1.43,2.44,2.28,0.7,5.09,1.51,0.03
8374,6.84,5.48,75.23,46.34,5.41,2.22,3.06,2.45,1.88,0.0
8375,5.02,2.44,57.94,49.36,2.83,3.34,1.37,2.9,0.0,0.94
8376,8.19,0.8,42.46,42.09,3.25,2.13,1.42,0.42,3.08,1.11
8377,8.5,3.66,45.67,63.84,3.52,2.38,0.14,0.0,0.0,0.43
8378,3.2,7.85,37.58,73.03,2.52,2.76,0.86,1.55,0.0,0.0
8379,7.11,7.74,47.89,64.89,1.11,0.0,0.83,3.53,1.79,0.16
8380,3.79,3.98,73.89,41.82,6.3,2.63,3.31,4.51,3.57,2.18
8381,4.9,7.56,49.4,47.14,2.89,3.57,0.39,2.27,2.94,0.52
8382,3.54,4.09,42.99,51.32,4.1,1.64,0.15,3.21,0.16,0.13
8383,0.5,1.01,54.77,52.84,3.55,3.57,0.54,0.52,0.77,2.09
8384,7.27,4.44,44.69,66.71,3.11,2.67,4.74,2.96,0.74,1.76
8385,6.11,1.9,49.84,54.8,4.93,3.82,4.76,1.63,1.52,1.62
8386,4.25,4.17,18.81,40.81,2.15,2.01,0.18,1.07,2.89,0.24
8387,8.89,2.65,36.04,84.54,3.07,2.49,2.14,1.07,5.56,1.82
8388,8.74,3.9,60.35,51.34,4.36,5.38,3.37,3.1,1.79,0.72
8389,9.78,7.51,33.75,59.2,4.84,2.27,2.31,3.3,1.18,0.93
8390,4.44,5.16,35.92,32.42,0.64,2.87,0.61,1.39,1.3,0.12
8391,5.19,4.25,45.3,20.73,4.3,2.4,1.95,0.0,1.7,1.12
8392,10.6,1.89,18.36,24.56,3.04,3.38,1.13,3.72,0.91,0.57
8393,5.92,0.0,26.14,75.53,4.86,3.37,3.67,2.51,0.0,1.8
8394,7.9,6.63,35.31,43.92,0.93,2.62,3.87,2.13,2.2,2.34
8395,0.5,1.59,81.55,54.96,0.84,1.7,1.06,3.04,1.45,1.12
8396,6.17,2.79,52.43,38.34,3.81,2.75,0.33,0.0,3.06,1.27
8397,6.75,5.91,53.5,38.6,2.76,3.22,1.82,2.29,1.13,0.0
8398,10.23,4.02,41.41,73.46,4.69,0.0,3.67,1.56,1.39,2.66
8399,7.15,3.7,81.6,42.06,3.17,2.03,0.45,2.89,1.54,2.07
8400,4.59,4.26,62.43,54.61,4.4,0.0,0.89,2.69,2.26,0.65
8401,0.66,4.82,53.83,62.91,3.42,0.56,1.27,1.79,1.37,0.05
8402,9.18,3.69,42.88,61.78,0.86,3.56,3.03,1.57,1.75,2.94
8403,2.74,0.0,49.24,46.84,4.0,3.65,3.15,0.31,2.39,0.99
8404,5.11,4.82,47.23,51.32,3.44,0.0,2.35,0.12,3.11,0.94
8405,5.53,2.42,38.2,24.14,4.06,1.36,1.25,3.37,4.04,0.0
8406,3.84,2.56,52.07,36.12,5.39,3.29,1.6,0.83,1.31,0.25
8407,11.0,6.94,34.31,27.28,3.76,2.14,0.61,1.08,0.0,0.08
8408,1.96,5.58,62.23,33.3,3.9,0.15,0.83,6.0,0.97,0.89
8409,5.32,6.71,26.66,51.5,6.7,1.87,0.0,4.06,1.38,0.36
8410,5.93,4.03,33.09,39.35,4.32,3.85,0.01,0.0,2.05,1.12
8411,11.35,2.09,9.75,65.09,2.48,2.83,2.3,2.54,2.41,1.9
8412,6.35,1.01,17.02,48.25,4.22,4.86,0.0,0.86,0.47,0.14
8413,0.58,1.25,35.12,83.19,4.32,2.13,0.0,2.82,0.5,0.92
8414,3.81,2.93,24.08,51.67,4.53,1.3,0.0,1.45,0.63,0.23
8415,8.57,3.96,49.71,66.76,3.82,4.35,2.01,1.54,2.53,0.12
8416,10.01,4.8,43.74,58.12,5.47,0.81,2.43,3.77,0.63,1.43
8417,7.64,1.63,64.7,47.85,3.9,2.05,0.0,2.61,1.92,1.34
8418,2.65,2.65,39.82,72.32,3.44,1.15,2.2,1.22,2.61,1.5
8419,8.28,6.62,35.64,63.93,3.52,1.33,1.66,1.93,0.11,0.07
8420,2.81,4.69,58.09,78.45,2.4,0.0,0.0,1.87,3.16,1.53
8421,0.5,1.61,45.02,64.61,3.03,0.32,3.95,0.0,2.96,2.02
8422,10.11,0.0,84.38,58.42,2.02,2.28,2.57,0.25,4.07,1.42
8423,6.38,6.1,45.82,76.23,3.24,2.37,1.01,0.78,4.76,0.0
8424,6.11,1.47,74.67,65.15,5.14,2.72,3.1,2.39,2.94,1.75
8425,8.42,4.72,61.37,64.73,3.83,2.13,2.64,2.52,0.0,0.33
8426,6.28,2.88,30.37,70.17,2.31,1.83,1.64,4.39,0.12,1.29
8427,5.17,5.93,64.69,67.07,5.89,1.73,3.26,4.53,3.58,0.15
8428,4.82,3.87,22.36,46.95,4.01,1.9,1.53,1.84,3.91,1.91
8429,0.5,4.22,31.7,49.72,6.12,4.85,2.36,0.15,4.01,0.59
8430,4.24,3.29,68.69,48.76,4.99,1.01,1.35,1.47,4.41,2.45
8431,9.38,0.45,47.21,73.85,3.84,3.72,2.11,0.08,2.09,1.23
8432,5.14,2.37,43.64,57.97,2.2,3.57,2.42,2.19,1.86,0.74
8433,1.73,3.23,49.0,79.84,5.25,0.57,1.93,0.53,3.2,0.59
8434,1.28,4.19,41.28,48.37,3.57,0.0,2.44,2.63,2.07,1.02
8435,4.27,2.26,36.72,35.65,4.66,0.61,1.1,1.55,1.95,1.59
8436,8.9,0.51,40.93,28.39,4.09,3.06,2.24,1.23,0.0,2.1
8437,6.96,1.38,62.11,67.61,2.02,0.34,0.0,1.36,2.26,1.66
8438,4.69,1.1,44.81,61.88,6.04,1.03,4.85,2.44,1.82,0.73
8439,8.73,5.85,57.62,68.57,4.16,3.64,1.84,5.26,1.02,0.21
8440,6.95,7.99,34.76,81.65,3.4,1.37,1.44,2.68,1.42,0.59
8441,5.48,7.73,44.16,32.93,1.73,0.0,0.48,3.07,1.04,0.93
8442,1.65,6.83,25.12,62.88,1.92,1.01,1.16,4.15,0.0,1.32
8443,5.74,2.4,1.14,51.2,2.75,0.54,0.49,2.07,1.65,0.61
8444,6.94,4.15,30.74,53.4,1.76,1.09,0.0,0.53,0.0,0.48
8445,5.23,3.26,30.48,50.56,4.76,1.6,1.25,0.41,2.59,0.31
8446,8.0,5.39,36.98,35.09,6.61,4.77,1.16,1.11,4.14,0.84
8447,7.87,0.85,52.14,73.8,3.27,3.06,1.2,1.22,2.23,1.41
8448,4.37,3.7,54.13,73.14,7.17,1.02,0.58,0.58,1.26,0.86
8449,3.06,2.63,42.25,27.54,3.21,1.41,2.22,1.89,1.3,1.2
8450,0.5,2.22,31.02,22.73,1.51,2.96,1.26,4.99,3.56,2.34
8451,3.84,4.38,39.84,30.62,4.61,1.15,0.06,1.11,2.98,0.2
8452,7.64,5.05,34.83,48.3,2.34,0.0,1.21,1.09,1.24,0.0
8453,3.13,1.39,38.19,53.51,0.94,0.0,1.42,3.05,2.87,1.63
8454,5.44,5.6,42.37,54.34,3.0,3.65,1.02,2.59,2.14,0.33
8455,5.59,6.05,35.3,63.52,5.72,3.62,2.33,2.29,1.09,0.41
8456,4.36,2.18,39.17,48.05,2.94,0.0,1.51,1.21,2.71,0.94
8457,6.38,4.04,43.88,24.08,3.77,0.0,0.91,1.63,0.39,0.46
8458,7.96,4.65,27.54,52.03,3.93,0.0,0.2,1.24,0.0,1.15
8459,8.4,2.96,27.32,77.0,1.08,0.1,0.65,1.24,1.35,1.41
8460,0.5,2.72,62.46,20.25,4.38,1.28,2.09,1.15,3.0,0.81
8461,5.99,3.76,48.61,66.29,1.2,1.13,0.97,2.0,1.98,1.32
8462,2.15,6.12,44.96,56.96,1.42,1.0,1.66,3.0,0.06,1.25
8463,0.5,4.91,32.04,55.44,3.37,3.09,0.24,2.03,2.9,0.0
8464,2.45,3.39,17.63,75.07,3.82,2.25,2.15,1.25,0.0,1.08
8465,4.73,4.46,29.01,82.76,4.89,4.51,2.19,0.82,0.06,0.49
8466,4.36,5.76,52.54,61.33,2.55,0.9,0.0,0.16,0.88,0.46
8467,10.67,0.21,37.07,70.16,3.75,4.97,3.05,0.0,3.12,0.46
8468,7.09,3.52,24.02,44.54,3.51,2.24,2.16,2.54,4.11,2.4
8469,6.67,7.12,32.71,51.49,3.55,1.97,2.37,4.01,1.42,0.5
8470,9.61,2.45,74.53,52.64,0.42,3.3,0.93,2.47,1.62,2.47
8471,1.56,4.68,44.18,39.08,5.02,4.08,1.65,2.58,1.54,0.0
8472,10.47,6.01,24.73,53.29,3.62,2.61,0.04,0.67,4.74,1.36
8473,6.96,1.85,25.1,34.8,2.63,4.62,0.43,2.19,3.4,0.0
8474,8.72,7.98,48.86,48.56,2.93,2.92,2.03,0.0,2.26,0.87
8475,0.93,2.35,59.8,43.75,4.65,1.44,2.1,0.4,2.9,0.28
8476,7.04,5.31,28.88,72.97,4.44,1.43,0.0,0.0,4.08,0.0
8477,9.65,1.58,68.18,41.12,3.98,4.31,3.44,4.24,3.37,0.45
8478,4.74,0.95,17.32,89.79,2.67,0.6,0.39,1.75,2.81,0.0
8479,4.97,2.72,52.56,68.85,2.98,3.02,2.06,0.0,2.26,1.51
8480,8.35,3.13,60.29,41.47,1.7,0.25,1.35,2.05,0.0,0.79
8481,3.67,0.49,55.09,66.03,3.44,4.18,1.98,3.16,1.95,0.0
8482,7.61,1.5,35.76,55.35,3.34,1.65,0.7,0.72,2.85,1.1
8483,2.93,7.25,47.65,66.75,5.15,1.1,2.29,2.23,1.52,1.32
8484,3.41,4.09,40.13,72.43,2.15,1.53,0.0,2.07,3.35,0.0
8485,0.5,2.98,20.34,40.21,4.24,2.22,0.18,0.52,3.08,0.0
8486,7.04,6.82,41.92,54.81,3.93,1.2,1.71,2.18,1.91,1.29
8487,2.17,4.53,65.21,59.17,2.58,2.38,2.15,0.58,3.84,0.0
8488,3.87,4.58,36.59,74.0,4.18,1.23,0.0,4.31,4.59,0.6
8489,3.42,2.44,40.7,47.93,3.4,1.69,0.92,1.72,0.23,2.39
8490,6.2,6.66,65.38,41.51,4.68,2.35,0.67,0.3,2.01,0.0
8491,1.13,2.08,46.48,38.89,2.74,2.32,2.84,2.47,1.34,0.0
8492,2.99,5.84,48.84,70.99,4.07,2.46,1.1,0.0,2.88,1.67
8493,3.72,3.75,38.0,53.35,2.76,1.52,0.0,3.4,1.66,0.16
8494,4.28,4.33,39.45,58.07,3.21,2.27,3.05,1.36,1.83,0.0
8495,1.5,3.77,79.66,88.52,2.79,1.08,2.12,0.1,3.25,0.44
8496,1.97,3.23,16.67,48.52,3.11,2.64,0.75,0.7,0.93,0.57
8497,4.09,6.22,25.08,68.11,3.7,0.57,0.45,3.34,2.27,0.0
8498,7.17,1.39,54.48,64.71,1.48,3.44,0.36,2.31,0.99,2.07
8499,10.95,6.28,29.66,56.36,5.01,2.55,0.73,0.3,3.51,1.27
8500,5.81,1.09,49.62,78.81,2.93,1.91,1.53,0.0,0.98,0.8
8501,6.51,3.51,67.37,41.95,2.49,2.88,0.0,0.0,2.95,0.41
8502,4.97,0.0,42.14,56.13,7.35,2.27,1.58,0.0,0.82,1.62
8503,7.82,6.26,63.25,47.02,5.91,3.95,1.64,3.41,3.32,0.26
8504,5.42,5.73,61.73,68.03,3.65,3.32,0.42,4.4,3.39,0.0
8505,8.45,4.58,45.62,61.72,2.55,0.67,1.57,4.58,4.39,2.48
8506,10.48,5.62,26.53,64.69,6.12,4.12,2.54,4.93,1.14,0.11
8507,4.39,4.95,32.46,68.66,0.63,1.29,1.01,2.3,0.35,0.13
8508,2.43,6.44,42.11,31.54,2.08,4.04,1.18,2.6,1.87,0.65
8509,5.7,2.31,36.45,59.53,1.71,0.87,1.54,2.63,1.29,1.23
8510,8.19,2.92,40.71,63.76,4.46,2.19,3.3,2.86,3.49,1.13
8511,5.24,4.05,30.21,42.1,4.45,1.9,1.66,1.04,0.05,1.48
8512,13.0,5.38,69.05,71.66,5.19,2.26,0.54,0.0,0.0,0.0
8513,11.77,4.41,53.89,55.76,0.36,0.48,1.16,1.51,1.64,0.98
8514,2.79,2.71,52.67,51.01,1.04,1.98,0.0,1.1,1.35,1.53
8515,3.53,6.86,30.97,56.03,5.07,3.51,1.8,1.15,0.49,1.2
8516,5.52,4.34,46.66,41.94,3.47,1.06,3.8,0.92,0.0,1.39
8517,7.07,5.18,43.3,59.91,4.67,5.34,3.44,4.46,1.03,1.29
8518,5.17,6.53,64.88,68.26,2.34,0.06,2.17,3.41,2.29,0.93
8519,6.1,1.24,38.38,49.2,3.18,4.47,0.48,0.0,2.08,0.86
8520,7.75,0.0,29.04,48.06,3.38,0.0,0.0,1.73,0.53,0.88
8521,3.41,4.89,70.1,10.69,6.52,1.91,0.68,2.05,0.0,0.55
8522,4.42,3.21,23.42,70.56,3.11,2.89,0.56,0.0,4.55,0.84
8523,4.97,5.22,68.57,47.45,6.53,0.59,1.73,1.34,3.65,0.39
8524,5.12,2.83,54.4,27.94,2.29,1.66,3.1,1.89,1.68,0.41
8525,6.69,4.84,43.13,100.0,2.94,0.61,1.59,4.96,1.79,0.19
8526,3.13,9.17,30.55,64.83,4.42,3.15,3.58,3.44,0.8,0.0
8527,4.38,4.58,34.87,59.71,1.71,2.22,2.31,2.51,4.25,0.0
8528,5.81,0.58,38.09,61.88,3.91,0.57,2.45,2.77,3.54,1.01
8529,7.63,9.05,52.23,48.06,3.12,1.62,0.0,0.99,3.99,0.58
8530,9.71,4.52,49.84,84.75,2.94,1.76,1.59,3.9,0.69,0.15
8531,9.34,4.18,36.93,54.82,1.73,2.36,1.39,1.63,0.1,1.7
8532,10.31,4.33,36.52,39.2,4.25,3.08,3.29,0.31,2.11,0.06
8533,6.23,5.6,15.46,31.27,5.17,1.86,2.24,1.44,0.0,0.99
8534,2.28,0.88,25.74,39.28,4.04,0.7,1.53,2.45,1.37,2.24
8535,0.5,6.64,30.3,52.47,1.07,1.77,1.81,2.57,0.7,1.14
8536,5.72,2.31,46.89,33.6,6.09,4.26,0.15,0.91,0.84,0.39
8537,4.18,5.74,33.52,61.81,6.19,1.45,1.07,2.93,2.92,0.0
8538,2.62,6.99,44.68,57.86,1.46,1.25,0.96,3.3,2.67,0.11
8539,6.29,1.92,48.6,38.42,5.02,1.56,1.33,3.58,1.76,1.65
8540,9.6,5.76,21.09,62.96,5.46,1.7,1.38,2.45,3.4,0.78
8541,2.65,4.23,26.77,26.67,4.27,0.46,0.32,2.29,1.19,1.11
8542,0.5,3.35,31.46,55.98,4.74,0.0,2.09,1.51,0.53,2.02
8543,5.11,5.98,73.27,48.06,3.5,1.42,0.1,0.0,2.25,0.22
8544,9.01,3.31,27.63,94.18,2.52,1.0,2.61,1.84,2.33,0.47
8545,8.51,6.27,47.68,41.77,1.09,0.29,0.0,0.51,0.58,1.6
8546,1.24,2.57,28.9,68.23,4.41,0.66,0.0,0.91,2.43,0.74
8547,4.47,6.45,47.07,48.13,2.28,0.0,2.12,3.37,0.89,0.97
8548,4.69,4.81,30.18,46.79,2.49,2.32,0.44,1.81,2.05,0.78
8549,4.23,6.76,47.47,59.94,3.57,0.99,0.51,3.24,1.12,0.0
8550,4.08,1.76,63.42,71.02,3.65,3.15,3.2,0.2,4.57,1.2
8551,11.81,2.38,27.83,100.0,3.35,0.0,3.18,1.18,3.22,0.59
8552,2.73,2.23,29.64,64.13,2.55,0.59,0.61,3.78,2.3,1.32
8553,2.38,3.98,48.88,54.04,2.46,0.4,0.0,0.0,4.63,0.69
8554,6.83,1.31,49.37,42.77,3.49,1.14,2.44,2.53,2.79,0.0
8555,2.47,5.62,41.55,74.03,5.09,1.44,2.39,1.06,3.47,1.58
8556,1.76,4.98,52.36,69.36,4.35,2.88,2.62,1.71,0.97,0.16
8557,10.44,4.46,37.12,31.66,2.02,1.59,3.42,2.91,1.73,2.81
8558,4.96,2.58,56.78,40.65,3.4,1.43,3.48,1.39,2.93,0.0
8559,6.68,4.5,37.04,53.15,4.07,0.45,0.0,2.32,1.24,3.05
8560,5.24,1.26,68.7,63.96,3.49,4.52,1.68,1.44,1.03,1.76
8561,10.44,4.59,33.04,80.49,3.43,3.65,1.64,3.29,2.0,0.25
8562,4.1,4.42,72.57,35.46,2.7,3.65,2.95,3.98,5.45,0.95
8563,6.91,0.0,43.33,52.78,4.8,1.97,0.0,2.44,0.83,0.87
8564,6.34,5.91,37.5,78.61,1.3,1.4,0.0,0.0,0.0,1.57
8565,4.24,6.17,25.11,44.39,3.7,0.0,2.17,3.32,2.54,1.21
8566,0.52,3.41,52.49,57.78,5.04,2.51,2.19,0.0,2.49,1.45
8567,3.04,5.0,73.84,71.2,4.94,3.53,2.83,0.25,3.09,0.0
8568,11.86,5.02,46.35,74.29,4.17,2.71,1.43,2.95,2.61,0.07
8569,2.88,4.71,39.07,68.95,5.34,0.91,2.18,1.74,0.0,0.0
8570,4.23,4.75,53.92,59.22,3.86,2.76,0.67,4.03,0.0,1.57
8571,8.97,5.83,57.89,53.86,5.43,3.77,2.62,4.63,2.43,0.31
8572,9.2,2.28,32.27,40.64,2.57,2.18,2.0,0.74,1.64,1.56
8573,1.92,6.13,21.33,65.26,4.97,1.9,0.78,0.96,0.74,0.67
8574,7.55,1.08,34.76,16.98,2.04,1.38,1.54,3.01,4.64,1.82
8575,8.51,2.91,48.54,70.12,4.45,0.0,0.0,0.75,0.98,0.62
8576,5.92,5.72,39.64,18.71,4.94,0.67,2.84,2.35,1.63,1.76
8577,2.87,4.56,42.74,61.52,4.51,2.87,3.87,1.33,1.71,1.3
8578,3.5,6.23,48.47,62.39,4.68,0.0,3.24,1.77,1.61,0.63
8579,0.66,4.25,28.64,87.23,4.48,1.56,1.68,1.39,0.55,0.0
8580,8.5,4.6,62.91,42.88,3.74,0.0,4.16,2.05,2.52,0.97
8581,0.5,4.28,51.18,24.49,4.7,5.04,2.47,0.91,0.08,0.0
8582,6.33,0.22,38.37,41.3,5.51,2.4,3.0,2.57,2.47,2.08
8583,3.63,5.65,63.49,74.6,6.45,1.05,0.69,3.43,4.56,0.0
8584,4.6,3.4,39.2,43.07,3.99,4.96,0.49,2.49,2.93,2.79
8585,6.44,3.35,50.02,65.16,3.55,5.22,0.7,2.84,0.0,0.0
8586,8.11,4.8,51.5,58.5,3.82,0.64,2.5,0.0,1.5,1.85
8587,0.5,1.74,31.9,52.59,1.81,1.36,1.75,3.52,2.02,1.55
8588,2.51,8.11,43.28,76.72,3.4,3.72,1.04,2.22,1.99,0.0
8589,1.36,4.05,18.75,77.1,3.92,1.51,2.08,2.53,3.05,0.24
8590,3.01,4.42,23.72,82.41,2.44,1.14,0.1,3.35,1.72,0.21
8591,5.59,1.67,37.97,44.97,1.67,1.64,0.58,2.37,0.59,1.87
8592,13.96,0.0,32.61,46.94,2.97,5.05,3.05,0.0,1.96,2.34
8593,7.68,4.35,39.5,41.96,5.47,3.82,2.2,3.17,0.35,0.0
8594,8.37,2.92,31.29,52.77,3.39,1.49,0.41,1.9,1.98,1.82
8595,3.96,0.47,41.54,24.96,2.75,1.55,2.36,0.43,3.14,2.7
8596,3.15,1.28,52.34,80.5,4.0,5.53,1.39,0.89,0.07,1.09
8597,11.46,5.73,59.57,78.84,6.03,1.85,2.59,3.9,3.11,1.69
8598,5.05,0.26,49.4,56.08,4.01,0.92,0.74,3.95,1.18,1.91
8599,8.33,8.39,66.61,56.65,0.44,1.07,0.31,1.88,0.73,1.36
8600,8.32,7.63,70.82,88.52,7.62,2.43,2.44,0.0,0.99,0.29
8601,3.28,5.82,39.57,40.17,6.86,4.75,0.88,3.74,0.0,0.0
8602,7.15,3.63,58.65,41.43,2.87,3.51,1.78,3.46,0.0,0.34
8603,3.48,4.74,34.53,52.29,7.99,1.57,1.05,3.51,1.67,0.0
8604,0.5,4.18,56.33,45.67,4.74,0.0,1.05,0.65,0.0,0.0
8605,6.94,2.9,43.65,52.13,3.95,0.82,1.31,2.82,1.88,1.1
8606,1.17,1.84,37.9,59.96,1.46,1.86,1.56,1.81,2.33,1.53
8607,3.6,0.0,30.11,59.49,2.31,2.68,1.67,2.86,2.64,0.15
8608,13.16,0.0,34.06,75.1,2.65,3.15,2.65,3.11,4.68,1.2
8609,4.92,5.26,63.11,81.49,2.3,1.71,0.0,2.33,3.77,0.2
8610,0.5,4.15,45.59,44.95,2.82,0.15,1.97,3.56,0.96,1.93
8611,5.53,3.63,34.59,31.6,3.73,2.2,0.72,0.67,1.85,1.48
8612,5.35,4.11,33.3,68.8,6.47,0.75,2.83,2.65,0.7,1.58
8613,8.4,4.05,44.87,64.44,2.38,0.55,2.3,0.0,3.53,1.8
8614,5.84,3.53,56.44,62.47,3.58,2.34,1.18,1.88,2.02,0.5
8615,4.3,3.43,50.1,59.07,3.67,1.66,1.95,0.6,1.98,0.24
8616,0.5,2.26,69.37,19.06,2.55,1.78,1.09,3.21,3.5,1.74
8617,7.88,1.45,52.75,57.95,3.08,2.13,2.22,1.15,1.44,1.36
8618,5.69,0.0,35.6,53.91,3.25,0.73,2.11,0.0,0.63,0.0
8619,1.83,3.99,31.24,71.75,4.33,0.83,0.55,5.01,1.72,1.71
8620,6.48,2.28,42.91,43.01,5.46,3.58,2.4,2.39,1.51,0.6
8621,4.34,5.3,40.47,70.99,4.07,4.07,2.41,1.56,4.97,0.72
8622,4.64,2.82,52.24,46.68,4.2,2.29,1.06,0.09,1.16,1.07
8623,3.37,2.73,38.11,48.78,5.6,2.49,2.24,1.77,0.97,0.75
8624,3.06,4.68,44.16,66.8,0.72,0.48,1.1,2.48,4.21,1.01
8625,1.92,4.89,48.12,26.94,5.8,2.25,0.63,3.15,2.19,0.0
8626,5.41,3.14,36.58,62.98,3.44,0.2,0.78,1.47,0.4,2.0
8627,10.37,0.35,29.63,52.05,2.26,2.58,4.05,0.0,0.07,1.14
8628,4.11,5.69,50.78,36.43,1.97,0.28,0.6,3.71,3.92,0.82
8629,5.63,4.24,33.46,45.17,4.68,5.63,1.33,1.59,0.0,0.0
8630,1.74,5.38,57.38,47.94,3.98,3.2,1.81,3.09,2.69,0.12
8631,2.58,5.48,47.24,51.17,0.07,2.8,0.42,0.72,3.4,0.0
8632,3.43,3.82,28.72,41.51,4.72,2.86,1.12,0.84,2.29,0.39
8633,5.7,4.11,36.84,83.22,3.22,0.0,2.19,0.39,1.7,1.19
8634,11.68,5.26,36.91,50.37,4.48,4.29,2.16,3.23,1.33,0.4
8635,6.37,3.66,52.59,63.72,5.7,3.91,1.26,0.92,0.58,0.0
8636,9.59,7.81,41.44,73.28,2.96,0.0,2.25,2.01,2.82,0.0
8637,8.37,6.67,56.27,44.74,3.32,0.24,1.95,1.66,3.39,1.3
8638,0.5,2.53,40.91,79.59,2.79,3.16,2.59,3.45,1.89,0.0
8639,1.61,5.39,13.78,51.84,5.88,4.88,1.64,3.03,0.06,0.0
8640,5.18,1.99,56.67,44.58,5.25,1.56,1.89,2.55,3.31,2.01
8641,7.48,3.26,77.49,35.24,3.35,0.0,0.78,0.04,3.94,0.59
8642,7.58,3.44,56.69,47.27,5.49,1.68,1.44,2.5,2.77,0.8
8643,10.05,4.14,49.26,100.0,3.47,2.54,0.84,0.88,2.29,0.0
8644,7.97,4.66,32.37,42.15,2.42,1.9,0.17,0.87,2.8,1.56
8645,4.77,1.88,62.52,53.66,3.6,4.62,0.02,0.37,0.47,0.89
8646,2.64,4.59,45.83,22.66,3.47,1.24,1.55,0.74,1.03,1.81
8647,8.58,3.88,47.94,43.73,5.28,1.66,0.45,0.39,1.96,0.0
8648,2.82,4.56,31.99,84.1,3.52,0.3,3.35,2.02,0.35,0.51
8649,8.54,2.01,44.89,51.03,4.08,3.48,1.96,1.94,1.25,0.35
8650,8.39,2.14,63.9,24.17,3.79,1.62,1.11,2.38,4.51,2.13
8651,10.4,2.21,40.11,57.17,2.39,3.01,4.04,0.46,1.1,0.9
8652,3.7,3.66,19.49,39.2,3.27,3.89,0.8,1.36,0.0,1.2
8653,3.41,3.83,64.6,41.31,4.66,1.81,1.44,2.52,2.19,0.67
8654,5.54,4.45,34.73,24.26,4.35,1.43,0.93,2.63,1.25,0.31
8655,7.44,4.63,6.94,40.87,3.93,3.22,3.95,3.12,3.39,1.58
8656,9.68,6.93,54.97,45.61,4.09,0.74,3.34,1.76,1.53,0.0
8657,7.68,4.59,32.47,75.17,6.36,4.32,3.17,4.89,1.05,0.34
8658,4.97,4.5,17.51,39.93,2.2,0.0,1.45,2.2,4.24,1.13
8659,8.09,5.78,57.65,66.28,2.39,3.4,1.72,0.0,0.0,0.69
8660,8.96,5.32,25.22,79.95,5.26,3.92,1.63,2.93,0.0,0.29
8661,7.18,0.0,35.81,23.88,4.51,3.67,0.0,1.98,0.0,0.85
8662,9.35,4.34,49.73,39.25,2.66,4.2,2.97,0.87,1.1,1.34
8663,7.01,7.62,44.45,12.59,5.09,1.5,2.31,2.19,0.43,1.01
8664,2.26,3.19,63.33,28.16,5.42,1.53,1.2,2.57,2.52,1.5
8665,8.65,5.14,47.05,45.19,1.76,0.72,0.35,1.72,1.64,0.99
8666,8.3,2.85,50.16,13.57,2.96,2.09,4.01,1.58,5.77,1.05
8667,5.72,3.86,34.74,73.23,2.1,0.86,2.25,0.96,2.96,0.93
8668,6.7,2.04,28.09,66.35,4.05,2.78,1.43,1.01,1.42,0.3
8669,0.5,4.34,46.43,58.13,5.1,3.42,2.74,2.1,0.56,0.0
8670,2.91,4.03,33.15,60.26,4.28,0.0,1.72,1.03,4.09,1.47
8671,7.5,4.14,32.21,43.75,4.27,0.99,2.11,1.45,0.0,1.75
8672,0.5,5.55,53.91,86.19,3.25,1.57,3.26,3.66,1.5,0.0
8673,6.01,0.0,66.78,26.7,4.17,4.1,1.45,4.58,1.67,1.15
8674,7.78,3.72,51.15,73.82,6.17,3.75,1.61,0.12,0.0,0.25
8675,7.47,4.63,28.26,74.28,1.09,1.75,2.48,0.0,3.36,1.37
8676,4.15,5.13,57.66,70.65,4.76,4.42,2.09,1.34,0.61,0.0
8677,4.15,7.25,22.72,47.63,1.58,2.5,0.95,1.03,3.65,2.3
8678,10.52,7.88,60.27,37.06,3.44,2.3,2.18,3.58,3.11,0.35
8679,4.95,0.0,36.35,45.04,2.65,1.01,2.25,1.39,0.79,0.0
8680,9.26,4.66,43.99,41.64,2.26,3.5,0.02,1.91,5.52,1.08
8681,5.48,1.01,35.88,77.78,4.15,0.84,3.95,1.43,2.42,0.37
8682,9.7,6.48,63.74,74.28,5.54,0.0,4.25,6.21,2.84,2.33
8683,5.76,8.08,33.46,65.5,4.34,2.78,0.01,0.0,0.0,0.0
8684,3.91,4.96,53.11,50.77,4.15,3.75,2.94,3.75,0.84,0.0
8685,3.71,5.24,37.67,65.57,3.0,0.46,1.43,2.21,2.36,1.27
8686,8.6,4.67,42.7,60.02,3.47,3.66,2.54,0.51,3.13,1.94
8687,2.93,5.19,56.14,54.68,4.2,2.09,0.01,3.24,3.35,0.0
8688,6.93,4.7,49.4,68.64,3.64,0.87,1.78,0.64,1.95,0.0
8689,10.89,1.38,46.01,80.12,4.09,1.87,3.58,0.0,1.55,0.31
8690,12.81,5.73,41.57,35.3,4.52,5.62,3.18,3.78,1.62,0.0
8691,7.03,5.79,44.09,54.72,5.28,2.81,1.91,0.0,3.6,0.94
8692,11.47,7.04,52.01,55.92,2.53,1.78,2.32,2.47,2.36,1.78
8693,2.98,2.1,32.95,23.48,3.96,2.9,1.42,0.09,0.0,1.62
8694,7.74,3.12,34.48,25.26,4.05,0.07,0.39,1.77,0.59,2.31
8695,11.9,3.11,23.08,67.03,2.28,0.0,0.93,1.02,0.73,1.07
8696,4.96,3.98,59.31,50.92,3.99,3.92,0.52,2.45,0.51,0.91
8697,3.65,5.29,27.61,64.54,2.15,1.5,1.56,1.97,0.0,1.62
8698,1.08,4.59,47.38,52.17,2.42,0.58,3.33,1.22,2.41,1.5
8699,8.09,3.4,41.44,51.5,3.39,0.0,2.17,2.71,2.0,0.95
8700,8.94,6.48,46.39,56.53,4.79,1.63,2.82,3.82,2.64,0.8
8701,4.78,9.37,34.3,64.54,2.42,0.0,0.0,4.04,1.46,0.69
8702,4.73,7.06,74.22,65.31,3.98,1.06,2.68,2.39,2.3,0.88
8703,9.14,6.49,37.52,68.15,3.59,1.62,0.97,2.33,0.8,0.0
8704,6.18,7.2,53.32,56.55,4.14,1.67,3.31,2.97,1.69,0.0
8705,10.9,0.52,28.49,17.69,2.54,2.36,1.29,0.0,0.0,1.97
8706,4.23,5.14,37.89,57.27,3.77,1.49,0.9,3.28,3.24,0.16
8707,2.07,0.45,69.45,61.39,3.45,3.48,2.0,2.31,0.12,0.0
8708,6.38,2.69,46.19,34.02,3.69,1.65,0.86,1.28,2.18,0.68
8709,9.85,5.22,47.5,41.03,2.04,0.0,3.84,1.0,0.84,0.44
8710,9.85,0.0,67.88,12.45,5.06,4.06,2.08,0.93,1.93,1.72
8711,6.73,1.38,54.05,82.46,2.38,3.44,2.32,1.37,0.0,1.34
8712,0.62,5.07,47.26,60.17,2.62,0.18,1.6,3.26,2.32,1.53
8713,0.5,5.97,41.36,75.68,3.46,0.81,1.2,4.22,0.26,0.92
8714,6.87,5.39,44.47,65.42,4.53,4.32,1.87,3.47,2.36,0.73
8715,5.24,7.91,30.23,74.23,3.91,1.32,1.69,1.24,1.64,0.53
8716,5.1,1.55,39.68,75.82,2.97,1.33,0.76,2.02,0.0,0.96
8717,1.0,5.77,29.6,81.67,3.86,0.0,2.3,5.17,2.61,0.0
8718,5.36,4.36,54.69,43.74,7.6,2.78,0.4,0.73,2.87,0.08
8719,1.31,6.07,59.66,58.85,4.9,1.96,1.26,4.04,3.27,0.57
8720,10.81,2.0,57.63,43.03,3.97,3.46,1.46,1.41,1.14,0.0
8721,4.35,3.6,67.48,45.23,3.75,3.64,3.22,1.0,1.25,0.53
8722,6.53,4.33,43.02,54.45,2.31,4.08,2.17,2.6,2.04,0.96
8723,10.83,7.3,46.03,56.54,3.08,0.0,0.91,1.24,3.4,1.58
8724,0.5,3.12,79.2,89.87,3.07,2.58,0.79,0.33,5.4,0.0
8725,2.78,7.09,41.8,48.11,4.55,4.38,1.25,3.63,1.84,0.0
8726,5.53,6.17,40.4,65.85,3.22,2.38,0.0,1.18,1.85,0.4
8727,5.3,2.27,48.09,41.51,3.44,3.69,0.89,2.32,0.0,1.85
8728,6.18,3.93,28.7,46.73,3.11,1.75,0.36,1.61,0.0,1.68
8729,7.18,5.67,88.97,46.88,3.54,2.23,3.81,0.61,3.21,0.06
8730,9.17,3.22,32.71,58.83,2.14,2.3,0.63,1.42,4.03,0.91
8731,8.51,3.48,33.0,68.46,2.38,1.22,0.22,5.27,1.72,0.53
8732,7.59,4.6,49.02,39.17,3.81,5.33,2.75,0.0,1.29,2.89
8733,7.2,4.85,53.19,61.56,2.9,2.18,1.68,2.61,1.53,0.0
8734,7.03,1.48,42.26,52.05,0.97,2.1,3.34,0.63,4.65,0.0
8735,5.49,1.2,69.35,83.79,1.46,0.0,0.0,1.19,2.25,0.36
8736,6.61,5.45,35.06,61.09,3.05,0.82,0.74,4.24,1.64,2.78
8737,5.49,6.88,22.48,67.09,3.52,2.64,1.04,1.74,2.34,1.53
8738,6.23,4.83,41.23,0.0,2.16,0.48,0.04,2.91,0.0,2.32
8739,9.13,5.86,71.34,63.92,5.99,2.51,3.56,0.76,3.17,0.0
8740,7.96,4.17,90.75,28.13,0.86,1.49,0.88,3.18,3.48,1.47
8741,6.76,1.55,37.93,55.65,3.04,2.53,0.9,3.62,0.0,0.0
8742,11.15,6.01,91.52,72.54,2.31,3.2,1.22,1.35,1.8,0.0
8743,9.03,5.01,47.08,76.35,4.34,2.02,3.34,1.06,3.52,0.33
8744,9.81,5.02,42.96,34.78,1.55,3.9,2.89,0.0,0.0,0.0
8745,10.09,1.67,53.33,41.13,0.13,2.94,2.76,1.54,2.35,1.66
8746,8.71,5.07,38.05,34.99,3.04,2.35,1.17,2.69,1.81,0.22
8747,13.33,4.99,17.88,45.0,4.29,3.67,2.05,2.05,2.07,0.65
8748,5.24,1.57,19.35,79.6,4.56,0.0,1.43,1.83,4.84,0.0
8749,5.0,4.78,49.69,48.98,1.48,0.36,1.82,0.15,3.86,0.0
8750,5.33,2.34,63.85,70.02,0.91,3.3,0.0,0.39,0.25,0.0
8751,4.06,2.56,35.83,15.26,3.48,1.97,1.1,5.97,1.71,0.0
8752,9.1,7.54,42.3,55.39,3.46,3.01,3.48,0.85,1.47,1.77
8753,9.53,4.02,16.41,45.27,4.09,3.18,1.64,0.0,0.25,1.07
8754,0.5,6.18,50.7,44.94,4.27,0.0,2.14,0.0,1.54,0.08
8755,11.88,6.73,53.92,87.85,0.7,0.33,2.13,3.96,2.41,1.78
8756,5.96,3.11,43.37,82.38,5.66,0.08,2.82,1.38,1.02,0.78
8757,2.42,3.02,90.55,47.85,3.26,4.4,1.35,4.16,1.87,0.03
8758,9.6,2.6,66.62,81.02,2.17,3.66,2.21,0.0,0.12,1.62
8759,6.06,3.83,20.15,47.29,4.08,0.81,2.37,3.44,1.73,0.7
8760,6.42,6.32,33.48,49.14,5.37,3.32,0.0,0.35,0.0,1.44
8761,0.5,2.73,39.56,40.63,3.81,2.04,2.3,1.13,0.0,1.56
8762,5.16,1.68,20.77,49.46,6.09,3.23,3.38,1.68,2.68,0.0
8763,7.77,5.91,36.55,61.27,7.47,2.89,3.72,0.0,4.46,0.98
8764,6.69,5.38,65.73,39.81,3.45,4.62,3.19,1.4,1.16,0.01
8765,7.16,3.81,67.85,56.75,3.25,1.86,0.32,3.0,1.11,0.28
8766,11.99,4.48,62.44,67.47,4.99,2.6,0.14,2.09,1.91,0.0
8767,7.57,3.26,26.76,45.22,3.36,3.43,1.42,0.85,3.26,2.89
8768,6.92,3.78,58.81,83.58,1.7,1.87,1.2,0.0,4.17,0.49
8769,2.06,4.76,55.3,73.44,1.82,4.61,1.17,1.53,3.92,0.89
8770,4.25,2.68,48.91,57.57,4.41,2.15,1.93,2.1,2.31,0.73
8771,11.37,5.86,31.52,46.94,4.03,0.0,1.96,2.01,0.31,0.49
8772,7.0,1.74,64.56,46.39,5.35,1.24,1.7,2.61,3.38,1.31
8773,10.85,3.76,16.2,32.27,3.18,3.62,1.85,1.96,0.0,1.35
8774,5.77,2.46,8.62,56.74,5.25,3.8,2.17,2.78,2.38,0.24
8775,4.38,5.57,51.13,66.0,3.35,1.56,2.96,2.02,3.47,0.23
8776,4.99,5.66,58.94,28.07,4.94,0.0,0.99,2.19,1.51,0.0
8777,0.84,4.7,62.26,60.47,3.21,3.34,2.3,0.0,3.44,0.67
8778,4.16,2.58,63.54,47.64,2.56,2.55,0.53,1.27,1.91,1.53
8779,6.54,4.26,46.12,83.58,4.51,2.06,2.94,5.3,2.43,1.45
8780,10.43,4.13,57.34,28.18,6.3,4.53,3.01,0.0,0.82,0.16
8781,7.55,4.14,48.19,58.41,3.31,4.72,1.55,1.93,3.89,0.0
8782,6.86,1.82,46.2,51.49,5.89,0.59,0.57,0.0,3.52,1.18
8783,4.16,4.15,63.7,50.92,0.0,0.75,0.0,2.82,0.4,0.12
8784,1.88,1.35,54.15,45.97,5.62,2.24,3.9,1.57,1.96,0.9
8785,0.5,2.8,51.77,86.89,3.1,1.78,2.85,5.94,1.07,1.28
8786,10.7,6.41,17.05,37.15,2.81,1.7,3.04,1.35,2.66,0.27
8787,6.31,2.05,54.23,66.34,0.55,1.38,0.0,2.59,1.65,0.71
8788,5.01,3.56,47.37,62.9,5.42,3.42,0.63,1.26,0.0,0.0
8789,0.5,3.28,47.87,60.42,2.36,1.14,0.7,1.2,2.54,1.32
8790,5.11,9.68,53.66,78.73,4.6,0.5,1.28,2.55,0.0,0.41
8791,8.7,2.34,36.68,58.74,4.31,0.0,0.0,0.0,1.6,0.98
8792,8.82,2.07,47.79,61.67,4.23,4.31,2.02,2.55,4.62,1.91
8793,5.23,3.48,60.28,52.18,5.6,3.19,1.98,0.0,0.42,0.34
8794,1.51,5.35,49.56,89.66,2.18,2.14,1.21,4.17,0.0,0.0
8795,10.29,8.57,56.2,31.56,5.69,3.49,2.84,3.82,1.52,0.0
8796,3.95,4.78,44.9,42.69,4.3,1.94,3.01,0.69,1.47,0.0
8797,4.97,1.89,41.08,49.09,5.12,0.55,0.96,0.59,0.53,1.49
8798,5.99,1.36,42.99,52.07,0.28,2.59,0.42,1.7,1.64,0.79
8799,3.92,1.64,71.54,56.27,2.7,3.32,2.89,1.49,0.57,0.38
8800,7.31,5.86,57.85,16.9,5.61,1.83,0.34,0.38,3.64,0.98
8801,8.03,5.15,40.68,70.99,2.95,0.76,0.73,1.44,3.22,1.25
8802,9.99,4.4,21.82,37.8,3.75,1.59,2.03,3.7,3.65,1.7
8803,4.76,7.54,26.59,23.55,4.61,1.1,2.8,2.42,1.3,2.05
8804,0.5,2.76,44.43,49.04,2.92,3.56,0.84,3.43,3.67,0.67
8805,7.14,3.08,49.61,71.06,3.01,4.09,3.29,1.45,5.0,0.0
8806,7.37,5.31,53.31,55.16,3.37,2.33,2.08,0.0,1.47,0.0
8807,7.0,2.38,45.27,14.54,4.63,3.68,1.7,2.07,0.46,3.23
8808,14.09,6.47,20.87,74.54,4.7,1.76,4.51,1.43,1.55,0.01
8809,5.99,6.93,16.37,67.65,6.27,3.63,0.54,1.86,0.68,0.29
8810,4.99,4.52,37.54,59.82,7.52,3.86,2.71,1.86,1.48,1.52
8811,9.36,2.95,0.57,65.01,0.5,4.12,2.45,2.01,2.12,1.07
8812,8.95,6.0,40.81,68.38,4.74,1.91,0.06,0.0,0.83,1.69
8813,6.79,7.5,39.19,68.52,2.25,1.35,0.84,0.0,3.48,0.82
8814,4.94,2.84,54.08,64.55,2.88,2.32,0.0,0.83,2.13,2.18
8815,2.27,2.27,28.7,34.68,6.38,3.19,2.88,2.75,2.04,0.25
8816,5.56,4.23,58.45,39.11,5.75,1.98,3.21,1.3,4.59,1.52
8817,3.85,2.36,36.85,60.78,4.78,1.88,1.24,0.46,1.33,0.95
8818,3.08,8.73,55.0,75.93,2.72,1.47,2.89,3.67,2.59,0.86
8819,8.14,4.01,43.68,30.47,4.43,1.29,0.83,1.09,2.29,0.46
8820,8.16,3.08,29.17,0.0,5.56,2.54,0.34,3.15,3.36,1.51
8821,1.45,5.87,36.77,61.6,3.07,2.72,2.63,2.34,3.03,1.74
8822,7.03,0.07,48.37,33.7,0.73,3.45,1.71,1.27,2.68,3.54
8823,6.44,8.29,64.01,57.26,5.0,2.49,0.06,3.7,0.86,0.0
8824,7.82,3.12,39.4,55.75,3.35,1.54,1.02,0.74,3.09,0.67
8825,4.01,6.28,49.57,41.07,2.42,0.08,1.46,1.86,0.97,0.8
8826,7.98,0.57,24.33,38.12,4.2,2.9,2.82,2.29,1.0,0.36
8827,7.95,5.74,38.11,64.48,1.31,2.54,0.98,1.49,1.4,0.72
8828,6.6,0.0,53.58,49.37,5.47,4.74,2.67,0.0,2.59,0.0
8829,6.31,5.88,40.08,84.09,5.39,3.86,2.29,4.68,0.15,0.0
8830,6.83,2.63,35.15,51.39,1.98,5.04,4.26,1.52,3.22,1.13
8831,5.03,2.61,48.86,45.12,4.25,1.82,0.41,0.0,3.65,1.9
8832,6.86,5.74,77.11,58.69,4.67,1.24,2.41,5.69,3.3,0.97
8833,6.36,6.23,65.06,66.03,4.13,1.04,3.99,1.75,2.46,1.03
8834,6.86,6.76,30.27,37.43,1.46,1.47,0.0,2.04,2.6,1.99
8835,5.66,3.52,50.05,48.65,4.09,2.87,2.01,2.34,0.49,0.36
8836,0.5,1.8,39.27,77.78,4.82,2.97,1.01,0.53,1.1,1.04
8837,3.05,3.08,52.41,39.71,6.02,3.01,3.01,1.02,0.0,1.2
8838,1.83,1.79,31.29,19.9,6.26,2.87,0.43,2.27,1.3,1.07
8839,4.2,3.58,24.12,16.65,2.75,1.58,2.33,5.88,1.13,2.72
8840,1.23,2.72,69.95,82.07,6.96,3.31,4.4,2.43,1.65,0.0
8841,7.36,4.55,40.22,48.54,0.1,2.1,1.11,2.84,0.95,2.5
8842,4.85,3.02,9.92,80.82,4.55,0.0,2.27,4.3,2.78,2.73
8843,10.09,0.0,50.79,58.9,2.13,4.75,0.26,0.0,1.72,0.86
8844,4.04,4.45,67.71,49.16,4.37,2.93,0.99,1.52,5.6,0.0
8845,9.79,3.08,49.74,74.39,4.3,0.54,0.92,4.36,2.41,0.2
8846,7.91,2.98,41.52,55.2,5.49,1.89,2.34,1.16,4.76,1.6
8847,2.77,2.3,77.08,55.2,4.79,2.15,0.19,2.43,2.63,0.98
8848,10.76,3.88,45.15,40.92,3.72,2.12,0.0,2.75,0.76,0.0
8849,4.65,3.72,30.69,89.82,5.56,2.19,0.0,2.18,1.18,0.24
8850,2.41,4.45,47.43,46.67,3.9,1.51,3.47,2.28,1.77,1.3
8851,10.34,4.65,57.17,45.47,2.72,0.0,1.35,1.76,0.51,1.24
8852,9.26,4.82,23.35,63.28,4.17,3.38,2.82,2.89,3.95,1.86
8853,10.25,7.28,46.5,51.43,3.71,1.68,1.43,1.44,0.71,0.93
8854,10.59,2.26,41.67,30.07,2.67,2.27,2.5,4.98,1.91,1.03
8855,7.58,2.79,32.31,37.71,3.01,1.42,0.72,1.76,0.0,0.98
8856,7.7,4.42,28.04,84.02,2.43,2.56,0.43,2.72,0.0,1.02
8857,3.34,4.14,51.49,55.06,5.94,2.58,2.45,0.66,3.21,0.67
8858,6.15,2.12,41.15,75.06,4.38,2.93,3.9,2.49,1.95,0.85
8859,6.28,3.56,60.11,56.51,4.44,3.59,0.92,1.72,2.07,1.86
8860,7.19,2.51,53.8,72.41,5.23,1.64,3.85,2.13,0.0,1.79
8861,8.16,4.79,40.42,60.95,3.85,0.78,1.36,2.87,0.74,1.42
8862,7.29,4.87,36.3,75.42,3.24,2.02,0.0,3.06,1.58,0.0
8863,7.99,2.8,33.64,47.69,2.69,3.44,2.54,2.92,1.47,1.74
8864,12.68,1.83,50.79,47.87,4.46,3.05,0.0,2.53,5.95,1.96
8865,3.59,0.94,86.57,49.11,4.5,1.26,1.85,3.18,3.01,0.67
8866,2.42,1.81,49.28,68.58,4.95,5.01,2.4,2.31,3.64,0.73
8867,6.82,2.21,39.2,50.26,3.37,1.49,2.04,1.51,2.89,1.68
8868,0.57,3.9,47.45,59.19,4.69,0.0,2.56,2.87,0.99,2.27
8869,9.55,0.0,44.31,27.95,4.2,0.46,0.06,0.0,1.41,1.14
8870,3.88,1.0,53.03,44.73,3.05,3.74,1.93,0.12,0.0,1.44
8871,7.74,2.75,62.49,33.95,3.58,1.28,1.49,1.4,2.77,0.0
8872,1.92,2.41,51.53,62.36,4.38,3.69,1.08,0.0,1.39,0.34
8873,5.19,4.54,51.21,41.85,4.74,1.75,1.88,0.35,2.11,0.13
8874,4.95,3.18,46.92,57.69,0.55,0.0,0.92,3.12,2.26,0.16
8875,7.41,3.12,46.19,64.2,5.21,2.04,1.29,1.44,0.05,0.66
8876,2.93,2.24,55.79,28.17,3.1,1.64,2.28,1.04,0.4,0.0
8877,6.89,5.62,13.63,56.92,4.77,0.0,2.08,3.47,2.09,1.48
8878,5.79,3.87,41.63,23.87,3.03,0.0,0.87,0.48,2.11,1.84
8879,3.5,3.2,42.32,54.64,4.17,3.86,2.92,0.72,1.94,0.36
8880,5.14,3.99,55.26,33.44,4.34,4.72,0.24,2.03,1.1,0.04
8881,4.93,4.73,43.77,69.89,4.94,3.21,2.68,1.12,2.82,0.0
8882,6.17,2.93,55.91,25.3,4.6,2.55,1.81,0.55,3.06,1.03
8883,4.86,5.82,38.15,51.8,3.44,0.0,2.65,0.01,1.84,0.75
8884,7.14,3.19,56.68,38.06,3.44,1.41,0.63,3.42,1.31,2.27
8885,8.0,2.85,36.54,58.96,5.09,3.44,1.67,0.02,1.52,0.22
8886,4.78,4.13,35.53,64.24,2.09,1.94,3.2,0.0,2.28,3.41
8887,7.24,3.74,37.71,82.65,4.35,1.2,0.0,1.35,0.44,0.7
8888,6.09,3.93,51.37,67.61,5.6,2.35,2.21,1.02,3.65,1.27
8889,8.4,2.75,35.18,43.88,2.89,0.56,0.85,0.87,0.49,1.62
8890,6.64,6.11,41.01,47.87,5.03,4.37,1.43,3.45,0.29,0.65
8891,8.11,2.18,37.63,13.41,3.64,5.41,1.38,0.0,0.0,1.81
8892,7.81,4.67,57.7,23.36,2.78,2.66,0.87,3.66,3.02,1.45
8893,10.68,9.04,42.98,38.65,2.65,1.87,0.94,3.25,2.61,0.0
8894,10.87,4.7,40.12,37.36,3.65,4.1,1.72,1.89,2.0,1.09
8895,6.68,5.52,23.48,99.27,3.87,3.38,3.02,0.96,0.0,0.0
8896,8.2,1.26,57.98,25.6,4.24,2.64,1.81,1.73,1.86,1.82
8897,7.68,2.87,41.99,69.48,3.85,4.69,0.78,3.7,2.51,1.73
8898,3.43,3.41,63.88,35.64,3.95,3.36,3.09,3.63,3.89,0.86
8899,6.6,4.57,65.58,24.39,5.82,2.22,2.12,2.8,4.77,0.09
8900,5.68,3.91,57.31,49.91,3.5,1.21,2.67,1.02,1.36,1.87
8901,9.04,5.13,47.39,45.67,4.34,3.36,1.38,0.0,1.95,1.63
8902,9.43,6.66,50.44,77.07,1.63,3.64,0.96,3.62,2.38,0.0
8903,6.78,5.07,60.92,70.08,4.1,3.8,2.02,2.22,0.0,1.26
8904,10.1,4.3,40.08,46.49,1.62,1.26,2.97,3.81,3.06,2.47
8905,6.37,4.99,40.87,37.9,3.97,0.68,1.15,1.32,0.76,2.19
8906,13.37,2.63,40.59,84.17,2.72,4.54,4.15,1.1,5.83,0.54
8907,11.35,0.94,29.25,21.78,2.44,2.52,0.0,0.05,2.24,1.63
8908,8.63,3.08,52.13,65.33,1.02,2.62,0.13,2.46,3.37,1.76
8909,8.69,3.71,46.98,89.79,2.42,1.94,0.09,4.16,1.96,0.0
8910,9.46,4.4,47.58,36.8,5.62,2.82,2.12,2.05,2.05,0.81
8911,2.4,5.8,48.32,48.89,1.7,0.22,0.39,2.33,0.21,1.02
8912,0.5,4.5,64.78,43.55,4.25,0.01,1.29,0.2,2.8,0.0
8913,11.62,0.0,62.71,100.0,4.89,1.4,2.02,3.66,1.59,1.23
8914,6.61,9.67,37.47,81.97,3.75,1.72,2.62,2.41,3.03,0.91
8915,8.57,6.18,18.96,66.5,4.13,3.19,1.21,3.4,1.17,0.59
8916,5.37,8.62,54.23,86.21,1.54,1.39,2.58,3.07,2.47,1.79
8917,7.91,5.5,66.13,55.43,3.35,4.01,3.69,0.07,4.12,1.34
8918,7.49,4.91,39.69,88.71,2.93,2.58,1.86,1.66,0.91,0.0
8919,6.16,0.0,36.32,77.97,3.32,0.97,1.68,1.27,1.93,0.41
8920,8.08,6.64,29.71,89.97,5.67,2.89,2.28,5.9,2.2,0.49
8921,6.52,0.86,46.8,19.02,3.34,4.38,1.73,0.0,3.91,1.43
8922,6.33,2.21,40.4,16.08,2.76,1.6,1.32,0.0,2.82,2.22
8923,6.82,4.45,62.31,21.51,4.9,1.34,1.04,0.0,1.8,1.45
8924,6.5,4.36,8.23,45.79,3.14,3.46,0.61,0.62,1.1,0.05
8925,6.23,2.42,41.17,76.42,5.78,1.58,0.65,1.52,1.95,2.0
8926,7.87,1.85,41.66,41.59,3.14,0.93,1.62,1.67,1.87,1.78
8927,9.32,2.46,66.89,47.14,1.69,2.27,0.73,4.87,0.29,1.44
8928,4.01,0.17,47.36,58.87,4.03,1.73,1.27,2.11,0.47,0.22
8929,6.02,2.42,53.31,32.09,6.03,0.96,1.68,0.49,1.67,0.18
8930,3.76,2.91,28.62,50.25,6.11,2.82,0.72,3.03,1.87,1.03
8931,0.5,3.72,35.6,53.93,2.98,1.51,2.63,1.68,2.56,2.24
8932,12.62,3.52,24.97,29.46,0.55,1.97,1.67,3.49,1.82,1.89
8933,13.1,1.05,55.59,21.31,5.74,3.47,0.91,1.22,5.09,1.39
8934,12.27,1.34,56.6,60.08,0.9,2.58,0.0,1.3,3.06,1.69
8935,5.56,1.48,64.99,100.0,2.83,2.66,0.9,3.37,0.89,1.04
8936,2.63,1.99,29.85,70.52,1.96,2.73,0.45,3.21,0.6,2.34
8937,2.94,6.26,42.51,47.81,3.86,3.51,1.24,3.72,1.4,0.0
8938,4.89,2.69,66.28,38.68,4.59,0.76,0.0,1.94,1.66,0.0
8939,9.01,3.89,57.58,100.0,3.99,1.72,0.82,0.32,1.17,0.0
8940,8.41,3.84,38.32,37.51,4.49,2.88,0.46,4.05,3.09,2.98
8941,9.11,3.85,42.44,60.58,3.78,4.91,2.32,1.71,3.32,0.0
8942,2.44,2.47,47.92,71.45,5.55,0.67,2.34,1.93,4.71,1.4
8943,6.28,3.25,50.95,86.13,2.97,2.23,1.53,0.46,1.02,0.36
8944,4.73,3.38,57.98,62.98,3.93,3.62,0.0,2.36,0.0,1.42
8945,1.19,4.79,65.73,24.15,3.05,2.67,1.42,1.82,1.81,0.66
8946,3.87,3.23,73.07,95.83,2.26,0.13,1.06,0.27,0.0,0.0
8947,4.61,4.68,39.4,35.73,2.41,2.11,2.04,2.53,2.75,1.51
8948,3.19,0.38,65.5,62.56,4.22,0.72,3.33,3.11,3.25,0.7
8949,4.79,0.84,70.71,72.34,4.95,4.49,1.98,0.0,2.0,0.0
8950,2.18,6.05,57.62,46.71,2.37,3.53,0.0,2.22,2.72,0.0
8951,9.26,4.79,57.76,76.27,3.42,0.62,0.65,3.62,1.59,1.93
8952,3.68,7.16,61.84,15.07,2.22,0.2,1.42,0.68,2.68,0.0
8953,1.92,6.75,79.1,67.56,2.64,1.72,0.0,1.09,1.15,1.51
8954,8.59,2.22,80.34,20.13,4.87,0.78,0.89,2.87,1.51,0.0
8955,5.13,3.5,36.85,64.32,7.67,0.69,0.7,0.0,2.97,1.21
8956,10.2,4.48,37.56,75.82,3.74,4.4,2.12,2.11,3.3,0.32
8957,9.12,4.31,51.8,69.43,1.82,0.0,0.89,2.54,2.29,0.0
8958,6.67,7.39,54.31,65.84,3.91,4.67,1.36,5.66,3.04,0.32
8959,8.43,4.33,39.95,78.73,3.91,4.0,1.24,3.01,4.82,0.67
8960,2.06,3.56,28.29,46.19,4.46,0.0,3.36,0.45,2.99,0.5
8961,4.88,0.64,55.95,70.15,1.91,2.38,0.68,0.75,3.8,1.66
8962,8.46,5.36,47.21,80.2,1.66,0.0,0.81,2.27,1.73,1.17
8963,4.39,3.7,33.7,65.03,2.67,1.77,1.02,2.14,4.57,1.21
8964,5.4,5.08,34.49,53.58,2.31,0.0,0.83,3.23,4.78,1.65
8965,5.62,1.37,3.98,53.14,2.14,3.78,0.0,2.36,2.5,0.16
8966,2.59,5.15,48.41,45.47,4.97,2.59,3.56,0.0,1.53,1.29
8967,3.13,4.56,32.59,28.59,1.66,3.32,1.1,2.15,0.81,0.53
8968,5.64,3.46,38.42,27.11,6.04,2.79,2.59,1.89,2.02,0.79
8969,11.63,2.66,27.44,72.3,1.8,2.07,2.48,3.91,0.32,1.7
8970,2.9,1.84,32.87,29.38,5.77,1.02,1.11,1.21,1.29,0.0
8971,9.72,1.53,56.96,8.86,4.41,2.87,1.65,0.93,2.82,0.72
8972,3.93,1.15,32.42,16.34,4.32,2.57,0.25,2.92,1.41,0.99
8973,0.54,4.85,67.95,15.39,2.81,2.26,2.39,2.11,3.33,1.67
8974,6.24,4.2,28.6,67.96,2.29,0.0,1.77,2.33,1.71,2.09
8975,8.01,2.64,44.85,46.75,2.25,0.52,2.3,1.62,0.85,0.01
8976,2.34,4.76,64.15,78.94,3.03,2.94,0.0,3.25,1.29,1.28
8977,3.77,1.64,46.53,49.25,3.29,4.24,1.69,4.3,2.98,0.77
8978,3.61,3.6,24.32,55.65,2.13,1.52,0.0,2.79,2.31,1.15
8979,2.79,5.32,50.01,53.8,3.17,1.5,1.11,0.27,2.13,0.15
8980,3.95,0.04,42.88,82.38,1.74,1.77,1.67,2.48,3.18,2.41
8981,5.31,3.15,61.6,46.36,7.08,2.91,3.21,4.42,0.68,1.11
8982,7.63,5.91,53.74,52.4,2.83,1.77,2.32,0.04,0.0,0.66
8983,6.13,2.9,48.86,20.52,5.32,3.08,0.44,0.54,3.32,3.16
8984,5.08,5.38,60.43,54.7,0.49,4.12,1.24,0.38,2.62,0.88
8985,5.87,2.71,27.22,77.56,2.76,1.32,0.11,2.95,0.0,0.14
8986,10.15,2.34,39.71,36.41,3.16,1.13,1.25,2.37,2.6,0.76
8987,6.25,3.35,22.41,50.98,4.07,1.63,2.38,0.92,2.46,1.06
8988,1.1,5.26,56.99,58.56,2.12,3.17,2.61,4.22,3.81,0.0
8989,5.71,0.96,29.45,63.09,1.53,1.09,0.91,2.43,0.87,1.34
8990,13.18,4.12,68.96,32.48,4.73,2.86,3.95,0.0,3.0,0.29
8991,5.49,2.34,32.93,67.89,3.56,0.0,1.16,1.38,3.49,0.83
8992,4.52,3.46,26.01,45.21,1.01,0.64,1.33,4.0,1.03,0.47
8993,8.02,4.12,38.72,70.74,1.9,0.0,2.59,3.39,4.97,0.03
8994,6.39,0.01,42.17,71.6,4.55,1.97,2.72,1.52,2.61,0.82
8995,12.96,2.67,38.05,48.14,2.48,0.42,3.51,0.57,0.0,1.77
8996,8.81,1.53,50.68,47.61,3.03,1.56,2.3,0.0,0.93,2.75
8997,8.55,3.08,9.27,100.0,2.61,2.29,0.12,4.03,1.04,2.28
8998,3.01,0.87,58.53,29.95,1.54,0.76,0.08,2.36,1.28,0.78
8999,6.18,8.1,46.98,60.7,3.75,2.25,4.14,2.48,2.11,0.62
9000,11.83,4.13,24.09,49.08,2.96,0.73,2.92,0.46,2.25,0.58
9001,4.19,3.91,43.55,42.32,2.51,2.84,3.48,1.49,2.03,0.72
9002,3.76,6.25,58.82,59.3,2.37,1.06,0.76,4.07,2.4,0.25
9003,4.32,5.12,36.05,65.42,1.77,1.95,1.21,3.86,0.0,0.0
9004,8.32,2.43,51.42,16.92,3.97,4.55,1.47,0.86,1.29,0.91
9005,6.91,0.19,48.88,67.97,2.22,1.88,1.63,1.34,1.82,0.0
9006,3.46,3.31,31.05,21.31,1.23,1.17,3.5,0.38,0.22,2.08
9007,7.11,2.54,21.71,17.69,2.61,2.74,1.76,1.29,2.89,0.55
9008,5.09,7.81,42.06,80.38,4.25,3.0,1.18,0.51,1.02,1.14
9009,6.48,2.84,49.66,89.79,3.42,0.94,0.92,3.25,0.28,0.0
9010,3.99,2.61,60.43,37.36,3.38,0.17,0.47,2.06,2.14,0.0
9011,4.09,8.36,39.8,32.08,5.35,5.67,1.24,2.3,0.86,0.55
9012,11.18,3.39,33.88,28.02,1.1,1.9,1.1,0.7,0.9,1.47
9013,3.28,1.27,25.81,62.52,4.02,3.52,1.6,0.0,3.87,1.0
9014,8.81,4.28,43.01,36.95,1.07,1.98,0.65,0.88,1.07,1.98
9015,7.75,4.03,50.0,82.61,4.0,0.59,0.36,4.09,0.0,0.3
9016,7.7,4.88,26.14,76.85,2.1,2.6,1.35,1.18,1.83,0.77
9017,4.09,3.03,32.28,27.57,2.49,3.66,2.58,1.37,0.0,0.55
9018,6.63,6.07,39.59,81.07,2.71,1.43,1.98,2.62,2.38,0.33
9019,6.24,3.23,43.82,48.4,2.96,4.16,3.07,2.19,0.0,0.0
9020,8.28,6.44,50.87,63.05,3.95,3.28,1.21,2.92,0.0,1.05
9021,11.93,4.92,18.18,56.55,3.46,4.83,4.09,1.09,0.46,0.69
9022,4.97,4.39,36.52,31.95,4.47,2.08,3.31,0.62,3.13,1.32
9023,2.61,2.25,60.82,61.04,5.32,0.0,0.0,3.57,0.61,0.0
9024,7.78,3.05,45.86,28.44,1.72,2.2,0.0,0.02,2.54,1.93
9025,6.19,4.61,39.58,98.18,2.38,1.77,1.84,2.51,3.27,0.8
9026,6.63,4.81,55.59,47.87,4.71,2.45,2.22,5.56,2.03,0.34
9027,5.61,3.72,24.92,60.54,1.97,2.92,0.83,2.95,2.34,0.49
9028,1.79,0.78,41.42,68.01,4.3,2.88,1.5,1.03,3.91,2.12
9029,0.75,3.47,20.51,83.97,5.15,0.94,0.24,0.63,2.54,0.92
9030,4.66,1.09,35.8,69.99,0.51,2.75,1.37,3.11,1.22,0.65
9031,3.02,6.18,58.17,47.8,2.41,0.0,0.46,1.06,2.3,2.53
9032,8.17,2.98,56.46,83.51,2.57,3.62,0.18,0.0,3.32,1.39
9033,7.95,1.34,56.63,50.51,3.13,0.0,2.64,3.56,1.2,0.18
9034,8.61,6.0,24.23,34.29,4.57,2.92,1.67,0.0,1.28,0.0
9035,4.86,4.36,54.31,33.87,4.93,3.13,1.72,1.52,0.0,0.29
9036,5.84,4.64,25.37,60.47,4.25,3.71,3.18,2.47,0.94,1.63
9037,4.97,6.65,40.0,74.47,4.2,1.43,0.0,3.19,0.81,0.64
9038,4.8,5.17,15.16,64.78,2.45,0.74,2.37,2.43,5.06,2.26
9039,8.41,4.3,62.58,20.96,4.93,3.66,0.84,1.01,3.08,1.39
9040,4.17,1.67,37.15,50.38,0.91,1.95,1.82,3.44,1.19,0.42
9041,5.91,0.43,48.07,50.09,5.35,1.68,1.26,1.63,2.54,1.93
9042,9.9,4.48,37.08,35.4,3.92,1.33,2.17,0.0,3.53,0.0
9043,2.26,7.19,44.88,36.92,0.33,3.91,0.83,2.93,3.18,0.05
9044,10.44,0.58,20.19,67.69,2.9,2.15,2.99,1.15,3.55,0.0
9045,9.62,2.1,73.93,38.44,2.7,0.0,0.62,3.51,2.16,0.0
9046,10.41,5.09,45.6,44.97,2.0,3.43,0.4,0.0,2.65,0.4
9047,7.76,3.05,27.72,19.86,4.07,2.03,1.34,5.6,2.71,0.0
9048,5.76,5.21,50.55,60.43,2.57,1.87,1.81,3.12,4.11,0.42
9049,4.58,4.19,44.8,73.64,2.58,0.75,0.0,1.73,1.79,0.53
9050,10.6,5.02,29.85,50.27,1.64,1.24,2.33,4.34,1.45,1.39
9051,6.19,3.67,32.54,49.23,4.16,1.4,0.89,0.0,1.19,0.0
9052,6.68,1.54,68.5,50.11,5.47,2.84,1.52,0.25,2.82,0.52
9053,2.96,3.81,23.41,34.26,5.12,1.99,1.83,1.96,3.5,1.1
9054,13.92,4.59,45.12,64.02,1.94,4.04,0.92,0.0,1.22,2.07
9055,2.87,3.42,28.5,29.69,3.25,2.74,0.51,1.22,1.93,0.97
9056,8.69,4.53,38.32,37.4,1.76,2.84,0.0,0.0,0.46,1.58
9057,10.31,1.0,57.71,65.78,2.7,2.47,2.63,3.09,2.06,0.22
9058,2.27,5.3,51.03,38.56,3.06,0.0,0.05,2.77,0.92,1.19
9059,0.5,0.76,30.98,48.85,3.66,2.6,1.48,2.16,1.08,1.48
9060,7.27,4.21,30.03,49.7,0.0,1.13,1.23,4.14,3.3,2.56
9061,8.37,5.46,36.32,50.0,1.07,3.71,1.45,2.75,2.74,0.0
9062,3.31,6.18,28.04,80.25,2.59,4.03,1.24,5.01,2.07,0.73
9063,0.5,4.84,41.46,65.52,6.65,2.57,1.65,2.97,0.3,0.0
9064,9.22,6.88,43.45,56.73,5.59,4.08,0.71,1.79,2.96,0.24
9065,7.01,3.78,61.89,96.52,2.7,0.08,0.76,0.76,1.75,0.0
9066,6.25,6.14,43.3,70.47,4.48,2.7,2.91,1.74,0.85,0.05
9067,7.17,2.77,26.67,56.82,2.98,0.0,2.61,2.35,2.22,0.0
9068,7.49,0.74,50.85,55.49,4.8,0.82,1.08,0.29,0.46,1.41
9069,7.07,5.53,45.46,35.82,1.74,0.77,0.0,1.11,4.37,1.34
9070,7.53,2.37,49.68,66.7,4.91,0.95,1.92,1.89,0.68,0.61
9071,6.63,3.63,37.36,57.75,4.35,0.78,1.22,2.17,1.53,0.0
9072,5.59,2.05,47.32,87.99,0.97,1.7,1.26,1.39,2.21,1.42
9073,3.44,4.8,51.41,44.09,5.85,2.67,2.86,1.93,2.75,0.0
9074,9.25,3.09,56.15,19.97,2.94,3.25,0.0,0.72,3.0,0.99
9075,0.5,2.13,42.39,53.9,3.04,0.0,1.77,4.28,2.39,0.7
9076,7.38,3.09,65.39,66.06,3.5,2.66,2.26,3.09,0.05,0.0
9077,11.86,3.41,53.64,46.41,4.32,1.13,1.61,1.16,3.93,0.0
9078,4.73,3.02,38.58,44.11,2.56,0.7,1.0,3.86,3.62,0.0
9079,5.74,0.27,52.02,66.1,2.22,2.27,0.98,2.82,2.85,0.79
9080,3.58,3.2,54.58,89.86,3.56,1.84,0.0,2.79,0.0,0.14
9081,5.88,3.26,31.37,27.45,5.08,2.55,3.0,4.06,0.0,2.06
9082,6.27,7.85,62.05,67.95,2.35,0.0,2.7,4.86,0.57,1.17
9083,4.28,5.68,33.52,50.81,3.5,3.72,2.47,0.32,2.46,0.36
9084,5.76,3.97,35.61,57.77,5.2,3.57,1.49,0.22,1.46,0.7
9085,5.28,3.5,88.25,52.41,4.58,2.56,0.45,2.58,2.59,0.0
9086,5.57,2.08,23.88,52.29,3.4,1.55,0.9,4.5,0.12,1.68
9087,8.74,4.99,44.33,66.7,4.73,3.04,3.44,3.13,3.71,1.85
9088,13.55,8.61,57.37,54.08,2.43,1.0,3.92,3.6,0.2,1.79
9089,6.05,2.66,36.93,54.52,3.82,3.31,0.69,1.28,3.22,0.92
9090,4.93,0.81,48.49,100.0,3.49,1.45,3.22,4.17,5.54,0.62
9091,11.56,0.0,20.28,67.09,1.02,4.13,0.5,2.76,1.96,1.72
9092,8.28,2.3,43.64,62.82,4.39,1.13,0.0,3.45,1.72,0.03
9093,6.6,4.33,45.62,35.63,2.03,3.95,1.48,1.18,0.43,0.5
9094,4.79,3.38,52.27,41.7,3.98,3.15,3.49,2.38,0.46,0.16
9095,8.2,3.29,46.65,69.58,3.97,2.82,0.0,2.42,4.1,1.78
9096,1.78,4.83,67.49,54.07,0.63,1.07,0.19,2.27,2.25,1.32
9097,6.98,2.87,41.23,51.1,1.82,1.27,2.02,2.07,1.51,0.82
9098,6.53,3.41,32.19,40.96,4.44,1.05,1.02,1.85,1.34,2.1
9099,7.98,5.03,47.09,51.45,4.99,0.9,1.23,2.05,2.08,1.89
9100,6.45,2.31,0.0,63.7,1.82,0.65,1.6,3.31,0.94,0.58
9101,5.91,5.12,45.33,70.41,3.64,1.3,0.23,3.43,2.77,0.05
9102,4.68,7.46,20.62,50.38,5.64,0.59,0.0,0.0,2.01,0.05
9103,5.1,5.32,52.87,59.51,3.13,1.77,0.95,1.59,0.38,0.3
9104,3.2,5.08,58.15,46.69,4.21,0.0,3.33,2.92,3.79,0.87
9105,4.73,4.06,40.19,84.6,1.51,2.16,1.02,3.61,0.23,0.0
9106,7.18,3.0,28.52,30.43,3.03,3.77,0.48,1.87,3.62,1.99
9107,3.72,7.21,25.27,35.98,1.93,3.16,1.31,3.92,0.0,0.43
9108,7.08,5.89,49.7,60.31,0.15,1.04,0.16,1.18,0.99,1.43
9109,10.47,5.51,57.76,75.44,7.22,2.21,1.44,2.72,3.56,0.0
9110,11.95,5.75,60.72,89.49,2.44,2.23,4.13,1.14,2.51,1.24
9111,13.78,5.88,46.56,52.61,1.4,4.42,0.0,2.06,0.03,0.63
9112,7.15,5.15,35.64,39.6,4.36,0.09,2.33,1.5,2.73,1.35
9113,5.68,0.0,22.36,34.55,4.76,2.07,1.03,2.77,1.79,0.0
9114,4.46,6.83,54.81,99.52,4.01,3.56,0.88,2.36,0.0,0.39
9115,5.84,5.98,15.54,68.54,1.69,0.67,1.54,3.64,1.62,3.48
9116,8.3,4.2,45.93,68.11,2.33,4.34,2.58,3.43,0.0,1.1
9117,10.06,5.5,58.28,63.44,4.09,1.56,0.57,2.88,0.06,0.75
9118,7.35,4.17,51.57,59.75,4.02,1.54,0.0,5.03,2.73,2.2
9119,2.63,3.15,61.48,25.68,3.61,1.72,0.0,1.7,1.07,0.47
9120,9.0,2.69,46.92,61.55,1.57,3.67,3.46,0.95,1.54,0.0
9121,4.1,8.24,59.21,45.81,6.27,1.31,1.8,2.95,0.0,0.21
9122,3.35,4.27,75.54,50.18,3.56,0.0,0.0,0.0,2.03,0.12
9123,5.54,7.19,49.11,65.72,3.72,3.26,3.9,1.33,1.49,0.0
9124,10.78,7.76,53.12,45.83,1.69,2.16,3.79,3.55,1.29,2.11
9125,5.71,4.75,65.85,37.69,3.64,0.4,2.01,4.19,0.0,1.39
9126,8.44,4.72,42.4,53.84,3.82,2.55,2.55,0.54,0.64,0.09
9127,0.5,2.32,19.89,63.05,7.25,1.92,2.92,3.88,0.93,0.66
9128,7.01,5.02,30.24,53.11,5.08,3.31,2.19,0.18,2.86,1.53
9129,2.87,2.66,42.99,63.74,3.23,0.0,2.43,5.75,0.98,1.93
9130,7.51,1.84,64.56,58.54,3.69,5.59,3.4,3.8,0.09,0.26
9131,3.84,5.94,42.23,39.53,4.25,0.37,1.25,1.25,0.21,0.94
9132,7.23,1.48,56.32,61.41,2.74,0.05,2.13,2.67,2.61,3.43
9133,5.31,3.48,48.95,67.28,4.9,0.86,3.69,0.92,2.91,1.18
9134,3.48,6.61,39.51,73.67,2.11,0.0,2.55,5.32,2.48,0.54
9135,4.55,5.12,8.32,20.83,3.11,0.0,1.52,3.97,4.29,2.48
9136,9.33,2.42,45.6,56.65,1.92,2.63,1.53,1.68,2.06,1.77
9137,9.68,6.4,46.28,39.22,2.39,0.12,1.8,0.61,0.39,1.33
9138,6.09,5.76,72.76,60.73,5.18,0.0,0.91,0.0,0.97,0.96
9139,9.58,4.12,63.96,87.76,3.09,4.41,3.01,1.52,1.81,0.46
9140,7.68,6.06,18.49,51.65,4.72,1.57,3.14,0.0,0.64,1.71
9141,4.89,5.6,58.28,29.5,4.0,1.6,1.3,0.52,3.09,0.96
9142,7.58,3.8,27.04,97.23,4.27,3.39,1.85,4.53,3.59,0.65
9143,6.15,1.16,56.17,48.78,4.6,0.0,1.93,2.67,0.05,0.9
9144,1.42,3.71,36.0,53.6,6.36,2.99,2.64,0.85,1.57,0.74
9145,9.81,5.35,54.61,27.06,4.09,0.33,0.0,2.49,0.48,1.23
9146,6.25,6.92,28.16,33.72,5.74,2.99,1.92,4.32,1.35,1.91
9147,6.91,4.79,38.03,30.53,2.62,3.84,0.71,2.46,0.4,0.24
9148,0.5,3.09,35.51,54.45,6.69,2.71,2.3,1.89,0.41,0.67
9149,7.27,5.09,48.36,60.48,4.19,3.02,1.94,3.4,0.94,1.89
9150,4.32,2.45,49.3,24.61,4.16,0.44,3.2,2.49,2.89,0.73
9151,1.23,4.63,32.53,34.04,2.08,0.73,0.0,0.2,1.27,2.63
9152,5.64,4.08,16.92,30.1,3.07,0.81,1.77,0.0,1.49,2.57
9153,6.52,3.21,48.64,35.85,0.0,1.64,0.0,3.71,1.64,2.45
9154,0.55,3.44,42.23,100.0,3.38,1.91,1.88,3.86,4.0,0.38
9155,8.58,7.42,25.46,46.06,5.47,0.0,1.2,3.47,0.64,0.84
9156,11.83,2.32,35.25,50.58,3.71,2.63,2.73,0.27,1.57,0.0
9157,6.72,5.46,52.32,74.58,0.56,0.81,2.07,2.25,0.5,0.91
9158,8.13,0.18,39.32,81.74,1.36,0.93,2.61,0.0,3.4,1.48
9159,4.93,4.12,30.05,43.81,3.61,0.0,0.0,1.21,3.85,2.21
9160,5.51,5.45,68.89,22.69,3.98,2.45,0.62,2.67,2.51,0.06
9161,13.9,2.18,55.63,74.27,3.51,1.85,3.07,2.31,1.7,1.66
9162,9.31,2.38,45.87,15.81,4.91,5.09,0.25,1.58,1.32,1.85
9163,8.05,1.87,38.98,52.36,2.02,1.21,0.0,3.25,1.08,0.0
9164,6.02,3.78,24.17,60.04,3.98,0.5,1.09,1.44,3.57,1.78
9165,7.7,6.81,68.2,76.05,1.01,1.56,4.48,3.5,1.31,0.0
9166,9.47,6.17,26.18,68.98,3.38,0.0,1.03,3.7,1.78,1.44
9167,6.31,2.2,68.91,79.0,4.55,0.0,1.07,1.66,1.49,0.79
9168,13.98,7.75,62.2,51.82,1.83,3.98,2.06,1.61,0.92,0.9
9169,5.51,5.26,23.58,38.87,3.53,1.89,0.9,3.74,4.04,1.06
9170,6.16,4.51,54.41,59.69,5.07,4.0,2.83,1.43,0.0,0.0
9171,6.63,2.97,28.24,77.83,4.84,4.23,1.49,0.62,1.19,0.11
9172,4.68,7.37,40.87,92.04,2.64,2.17,1.24,0.36,2.08,0.0
9173,10.78,8.16,40.67,26.42,5.24,1.34,3.04,0.0,1.93,1.33
9174,1.01,1.87,62.16,61.03,0.75,3.7,0.27,0.29,2.51,0.97
9175,9.82,3.94,28.3,72.16,3.58,2.3,2.16,3.03,2.84,0.99
9176,8.1,0.94,79.47,59.53,0.61,4.36,2.44,4.31,0.0,0.84
9177,3.4,7.05,24.71,54.44,2.87,2.65,0.0,1.7,4.3,0.79
9178,3.23,2.91,49.82,66.71,3.18,2.38,2.27,4.29,2.65,0.0
9179,3.29,9.27,42.99,50.17,1.8,0.0,1.38,1.01,0.0,0.0
9180,9.74,3.94,34.07,58.26,4.28,0.32,1.78,2.54,0.99,1.83
9181,8.09,5.49,33.12,63.41,4.57,1.36,1.91,2.92,1.67,1.57
9182,5.75,1.64,29.4,44.09,3.94,3.3,1.98,3.63,4.57,0.54
9183,5.89,6.12,36.91,19.99,3.06,3.08,2.61,3.21,3.0,1.43
9184,8.36,6.31,55.44,22.1,2.88,3.38,1.59,0.68,0.42,0.0
9185,3.13,8.92,69.43,34.36,3.92,4.94,0.0,1.89,0.3,0.0
9186,3.98,6.79,42.14,47.77,2.84,2.34,1.85,1.99,0.29,0.63
9187,7.64,4.6,58.85,52.58,0.01,1.4,1.41,0.54,3.68,0.36
9188,5.98,4.68,58.46,35.45,6.64,0.0,3.39,0.71,3.32,0.84
9189,5.96,1.67,57.09,83.26,2.77,1.83,0.4,3.87,3.05,1.79
9190,4.39,3.95,70.88,42.63,5.7,2.2,2.3,4.2,0.21,0.63
9191,10.48,2.22,47.93,80.32,1.55,1.01,0.55,0.0,1.84,0.0
9192,8.76,0.71,48.48,63.86,2.55,3.08,3.02,0.69,2.25,0.94
9193,8.53,4.63,18.71,53.7,2.45,2.02,1.94,1.56,0.48,0.68
9194,3.03,3.2,26.45,92.84,4.39,4.22,0.3,2.35,3.53,0.71
9195,6.0,7.54,49.87,48.0,4.26,2.21,1.03,3.52,0.64,0.17
9196,5.96,2.81,51.18,12.0,4.67,2.33,0.0,1.83,0.89,0.2
9197,8.12,4.84,41.03,47.27,3.98,1.34,1.97,3.44,3.91,0.36
9198,5.76,3.42,18.98,34.96,1.84,1.27,1.1,1.67,0.0,0.68
9199,2.17,4.49,62.93,77.98,5.87,2.39,1.94,3.43,2.14,0.0
9200,9.34,5.51,39.76,9.53,1.89,2.25,1.63,3.97,3.48,1.17
9201,2.81,2.3,56.03,72.37,2.33,0.0,2.14,4.48,3.27,0.54
9202,5.15,4.7,19.67,54.98,3.2,2.08,0.65,0.63,0.58,0.14
9203,10.77,2.54,55.54,58.31,4.77,3.18,2.43,2.36,2.31,1.42
9204,4.11,4.16,40.24,64.86,4.09,2.14,1.81,2.61,1.14,0.0
9205,11.36,0.45,46.96,58.2,4.61,0.6,0.05,1.87,0.0,0.82
9206,0.5,7.4,44.0,43.96,3.4,2.01,1.76,5.94,2.14,0.8
9207,11.44,6.59,34.66,86.37,1.99,3.18,2.15,2.27,2.89,1.36
9208,5.21,4.87,31.14,45.12,3.4,2.98,1.54,2.67,0.57,1.56
9209,14.32,3.12,15.98,32.87,2.98,0.57,2.22,2.83,2.78,1.67
9210,0.76,2.12,42.34,48.12,3.14,2.89,0.0,2.9,3.48,0.0
9211,8.0,3.07,49.96,45.44,3.8,4.24,2.12,2.8,0.82,1.39
9212,5.3,0.0,75.03,56.93,1.64,1.79,2.28,0.76,1.73,0.25
9213,1.66,6.91,50.85,53.83,3.43,4.07,2.03,1.74,2.2,1.41
9214,3.16,6.89,53.76,54.25,3.46,0.31,0.98,2.54,2.43,0.0
9215,7.6,5.15,33.07,55.36,4.35,3.86,1.26,1.43,1.71,1.24
9216,10.32,5.21,57.24,63.21,5.39,0.0,3.05,2.86,2.11,2.68
9217,4.24,2.2,44.86,72.16,3.67,2.33,0.0,3.56,3.44,0.3
9218,8.81,8.95,35.71,81.16,1.26,1.28,0.76,2.2,0.0,2.29
9219,7.22,0.04,63.63,47.32,3.64,3.55,1.82,1.75,3.55,0.71
9220,7.35,0.0,57.52,89.27,2.44,0.0,0.51,0.0,3.29,1.34
9221,0.97,4.86,44.1,31.18,4.01,1.62,2.28,1.76,3.8,0.95
9222,4.68,4.12,47.07,51.44,0.56,1.17,0.1,3.19,1.68,0.83
9223,3.49,1.65,30.16,48.33,2.37,0.82,0.47,1.5,1.04,2.64
9224,4.91,6.52,55.91,41.9,4.96,2.34,1.46,0.0,3.74,0.23
9225,4.6,2.6,55.55,60.1,1.73,2.13,0.99,2.26,2.05,1.9
9226,2.71,2.62,42.52,60.49,1.94,1.32,0.82,0.0,1.28,0.0
9227,3.57,4.66,24.7,49.84,2.35,0.2,0.48,3.0,2.03,1.42
9228,7.54,3.96,22.72,6.61,3.92,2.5,1.66,2.97,2.33,1.5
9229,4.95,1.95,50.34,31.99,3.92,1.79,1.01,2.19,2.61,1.21
9230,5.31,4.39,13.59,37.65,3.73,1.43,0.43,0.0,1.08,0.98
9231,9.61,4.65,38.4,50.52,3.08,0.0,1.11,1.21,1.8,0.48
9232,12.03,0.76,46.92,77.82,5.72,4.28,0.03,3.1,1.34,0.0
9233,8.57,2.82,27.66,54.14,3.07,2.16,1.17,0.0,1.46,2.54
9234,6.43,3.96,38.3,1.93,4.87,1.5,2.0,1.8,3.3,1.14
9235,2.66,3.61,54.81,52.8,4.31,2.66,1.62,1.07,2.94,0.37
9236,10.82,4.6,55.13,57.58,4.1,0.12,1.06,4.49,1.78,0.11
9237,8.93,4.7,48.56,28.87,4.64,3.19,0.17,0.35,0.7,2.78
9238,9.25,2.22,31.72,72.66,1.48,2.94,1.49,3.14,0.63,1.88
9239,5.71,5.49,18.67,70.28,4.56,1.7,2.71,4.38,2.66,1.75
9240,3.79,0.0,43.4,46.81,2.33,2.0,0.65,2.08,2.15,0.05
9241,4.78,1.47,34.52,84.33,3.29,0.59,0.74,3.11,2.66,1.16
9242,2.85,5.44,59.6,63.67,5.71,3.26,1.66,2.27,1.73,0.23
9243,7.49,4.63,38.05,69.56,3.15,1.67,0.0,3.39,1.56,0.59
9244,5.81,2.4,25.17,58.75,5.56,2.89,3.34,4.28,1.38,1.46
9245,7.03,3.5,42.82,91.68,4.82,1.14,1.42,3.94,2.52,0.0
9246,9.07,3.7,44.42,74.87,4.88,0.0,1.87,2.85,0.0,0.13
9247,10.47,0.0,39.85,63.24,2.42,2.91,1.17,0.0,1.55,1.5
9248,5.78,3.83,60.75,36.78,1.65,1.49,1.16,4.0,1.36,0.69
9249,7.29,0.0,54.54,56.2,3.57,3.11,2.88,1.56,2.4,1.31
9250,8.58,3.09,63.88,74.67,0.62,1.56,1.36,0.0,2.03,0.0
9251,4.13,2.6,55.92,64.98,2.7,0.82,0.0,0.0,2.44,1.39
9252,7.11,2.42,45.77,27.24,4.74,0.9,0.46,3.46,1.61,2.65
9253,9.66,3.82,45.56,62.05,2.67,2.47,2.1,1.83,1.53,0.0
9254,4.93,5.85,29.6,65.65,2.17,2.23,1.31,3.42,1.16,2.67
9255,3.16,3.73,31.39,94.12,0.0,2.0,0.59,3.4,3.2,1.96
9256,8.19,5.81,25.27,51.7,1.43,1.25,1.16,4.53,1.5,1.03
9257,2.32,0.0,70.04,38.62,2.55,3.93,2.75,3.08,2.61,0.63
9258,7.85,4.92,66.45,81.57,4.67,1.7,0.15,2.16,1.0,0.0
9259,1.24,2.99,29.71,40.46,3.52,0.0,1.82,1.25,0.88,0.0
9260,5.81,4.77,53.25,30.31,1.02,1.0,1.52,4.19,2.92,1.75
9261,6.7,3.51,40.88,66.46,3.06,0.0,2.1,1.05,2.66,1.45
9262,0.5,4.24,50.73,24.81,4.68,2.56,1.51,3.19,4.8,2.3
9263,0.62,5.86,36.62,58.87,3.92,0.48,0.65,3.06,0.92,0.0
9264,4.11,6.28,47.57,53.76,1.39,2.09,3.37,2.61,1.03,0.0
9265,3.72,1.17,30.9,75.79,5.33,2.34,2.78,3.24,1.56,2.08
9266,4.02,6.62,46.06,65.58,2.51,2.71,2.67,2.81,2.68,0.99
9267,2.3,4.63,43.32,45.14,3.02,2.71,1.95,2.07,0.79,1.69
9268,2.7,8.47,43.17,49.36,3.5,0.52,1.91,1.7,1.57,0.0
9269,5.63,3.2,53.97,58.68,3.34,2.45,2.01,2.17,3.18,0.0
9270,5.45,4.33,47.88,15.03,3.74,5.01,1.88,2.01,0.0,0.0
9271,13.19,3.96,37.2,79.7,3.77,2.64,1.32,0.0,1.09,0.55
9272,11.82,6.1,30.11,75.23,2.77,3.3,2.36,1.31,3.65,0.53
9273,9.77,2.48,85.93,54.33,4.56,0.04,1.51,0.0,1.18,0.3
9274,8.86,4.84,28.89,71.69,1.48,1.08,1.15,0.14,1.98,0.87
9275,5.01,1.97,68.37,15.63,4.62,3.23,0.78,1.54,1.75,1.26
9276,6.95,2.27,22.97,48.01,4.66,3.73,1.77,2.26,1.64,0.41
9277,3.92,5.87,34.92,79.76,5.34,1.52,0.0,4.59,0.0,0.51
9278,8.19,6.19,38.88,56.23,5.65,2.92,1.88,3.39,0.36,0.0
9279,1.28,1.13,63.35,56.12,5.95,2.88,0.52,0.0,0.0,0.0
9280,9.37,4.3,42.45,67.95,1.98,0.0,0.0,0.0,3.62,0.04
9281,6.27,4.97,27.01,72.96,4.51,1.24,3.48,2.19,3.42,1.78
9282,0.59,3.39,27.38,84.35,3.09,1.9,2.42,2.56,2.59,0.0
9283,6.73,7.23,60.68,81.06,7.32,1.82,1.56,1.19,0.89,0.0
9284,2.86,1.28,57.98,62.37,3.3,0.0,1.73,1.91,1.62,0.77
9285,5.27,2.09,53.6,44.63,3.33,4.09,3.84,1.24,2.52,0.0
9286,3.26,4.36,32.8,43.42,7.19,3.1,0.42,1.33,2.89,0.0
9287,6.97,3.11,32.29,100.0,4.05,5.67,2.88,3.79,1.41,0.0
9288,5.63,3.4,56.65,84.95,3.45,1.67,1.92,2.82,1.39,0.82
9289,2.35,0.62,68.1,49.78,5.62,3.31,1.94,2.26,2.57,0.33
9290,2.8,5.67,52.37,68.09,5.91,1.39,1.52,3.65,0.0,0.8
9291,0.5,3.6,62.59,85.44,4.51,0.0,2.03,1.72,1.46,0.74
9292,3.01,4.02,61.02,100.0,3.23,3.63,0.36,2.61,2.2,1.43
9293,3.46,3.59,42.75,66.21,3.14,3.31,1.65,0.59,1.45,0.76
9294,8.53,4.07,31.96,35.02,1.21,3.16,0.0,0.93,2.33,0.67
9295,8.1,3.02,25.46,21.0,4.51,5.1,1.46,0.0,2.03,0.66
9296,6.22,4.6,75.36,27.19,2.86,5.44,2.39,2.88,0.0,2.34
9297,3.66,0.4,71.75,41.94,6.31,4.25,3.4,1.87,3.01,0.97
9298,6.79,6.12,28.34,46.81,3.26,2.78,1.43,4.73,3.29,1.1
9299,6.16,4.89,33.86,19.77,2.46,2.57,1.69,2.23,0.0,1.02
9300,2.08,2.74,60.55,78.54,6.99,0.64,1.13,0.0,1.72,0.56
9301,8.42,2.92,32.15,31.38,3.45,0.0,2.29,1.64,1.72,1.07
9302,6.99,4.48,34.76,49.5,2.11,2.38,2.01,2.31,1.64,1.32
9303,2.34,3.62,24.77,73.74,2.59,1.56,0.72,2.8,2.71,1.24
9304,3.1,4.75,47.96,55.39,3.33,2.14,0.91,0.0,2.44,0.71
9305,12.85,3.85,48.97,61.27,4.57,3.67,2.77,3.3,1.72,0.0
9306,0.5,3.56,52.59,38.55,4.15,0.0,0.56,2.67,1.23,0.0
9307,4.34,0.0,69.56,55.24,4.01,1.33,0.0,0.61,1.18,0.36
9308,8.55,5.26,47.22,31.78,6.39,2.57,1.03,1.76,0.89,0.0
9309,6.06,2.04,44.59,26.62,2.1,3.68,2.49,1.64,1.06,1.33
9310,1.97,2.89,48.85,58.68,4.76,0.88,1.01,1.03,1.49,1.93
9311,8.22,2.3,20.84,58.4,3.49,3.02,2.3,2.85,1.43,1.99
9312,7.13,6.74,64.76,39.02,1.68,3.52,1.12,0.2,2.89,1.7
9313,3.2,4.01,42.92,30.55,6.99,2.02,2.26,0.03,2.71,0.0
9314,7.17,3.49,9.91,56.49,3.82,2.52,2.66,4.23,0.0,0.57
9315,8.28,7.15,31.56,53.53,3.77,0.0,0.46,2.16,3.04,2.76
9316,3.0,7.09,12.68,58.86,3.89,2.9,1.37,1.53,1.45,0.0
9317,2.77,5.84,51.4,55.01,3.82,4.33,1.35,3.73,0.4,1.62
9318,4.78,4.52,48.22,70.96,2.44,0.51,0.77,2.48,2.43,1.03
9319,1.18,5.58,41.55,48.16,4.99,0.81,4.09,2.28,0.84,1.24
9320,5.42,4.8,78.15,50.3,5.72,0.0,2.72,1.35,2.64,1.09
9321,5.43,2.93,32.18,65.64,0.0,0.82,0.96,3.66,1.19,1.16
9322,0.5,5.85,50.36,58.94,2.89,0.0,1.17,0.99,0.9,0.91
9323,4.2,3.99,59.99,32.15,3.27,1.72,2.37,2.26,2.75,1.18
9324,6.86,2.28,44.5,20.84,2.02,3.66,0.08,1.58,0.0,0.77
9325,6.86,2.67,51.69,9.92,4.98,2.5,1.62,2.32,4.1,1.37
9326,7.73,4.65,52.79,89.7,5.8,0.0,3.53,3.63,3.07,1.62
9327,5.5,3.68,58.55,25.13,4.53,2.23,0.85,0.79,4.69,1.83
9328,3.6,3.46,54.85,65.11,2.66,2.35,4.15,2.62,4.11,2.33
9329,5.98,6.27,32.58,67.44,4.6,2.81,1.17,2.47,0.0,0.0
9330,8.26,4.69,20.29,36.3,3.39,4.94,4.68,2.77,0.9,1.3
9331,1.36,3.24,27.54,76.32,1.22,1.76,2.66,3.84,2.49,1.8
9332,4.98,0.08,35.7,57.85,3.65,1.25,0.0,1.94,1.46,0.27
9333,3.55,0.73,47.79,39.34,1.65,0.92,2.06,2.45,4.12,3.16
9334,7.76,2.69,41.25,45.81,4.25,2.39,3.49,1.83,2.65,0.0
9335,9.86,6.24,71.84,80.81,3.9,0.41,0.13,1.03,2.22,2.54
9336,1.72,4.4,41.85,81.29,0.55,2.12,1.8,1.61,3.13,0.4
9337,12.9,5.85,18.74,61.38,1.99,0.74,0.21,0.11,2.22,2.69
9338,5.39,7.25,24.68,49.76,3.48,2.38,1.43,1.68,0.86,1.17
9339,4.37,3.65,32.28,62.41,1.05,1.23,1.58,3.56,3.99,0.82
9340,4.81,5.45,41.96,51.77,5.1,4.23,1.77,2.08,2.35,0.89
9341,5.3,5.44,35.53,62.76,2.5,0.0,0.74,1.06,0.0,0.0
9342,5.0,5.45,25.18,27.54,2.68,1.42,0.22,1.5,1.75,0.0
9343,5.29,4.64,53.14,77.32,2.99,1.88,0.0,1.49,3.11,0.21
9344,7.85,3.92,29.94,68.64,3.96,2.63,2.01,2.08,3.82,1.22
9345,4.74,5.19,45.86,89.94,1.23,1.97,1.93,1.32,2.44,0.28
9346,1.31,8.28,25.65,43.7,2.28,2.65,1.94,2.92,4.32,1.81
9347,0.5,0.66,44.49,45.01,3.76,0.95,2.76,1.95,3.57,0.44
9348,6.15,6.88,65.66,60.95,2.94,1.16,3.34,3.24,2.69,0.0
9349,5.64,3.19,45.2,69.12,2.6,2.8,2.98,2.91,0.82,1.57
9350,8.91,1.79,63.33,56.03,0.0,1.48,2.61,2.2,3.74,2.25
9351,4.11,5.38,69.04,63.22,2.7,0.0,1.5,2.62,2.23,0.62
9352,7.42,1.92,40.2,43.49,4.52,0.03,0.79,2.1,5.61,1.52
9353,7.06,2.6,59.02,40.37,3.54,4.09,0.69,1.42,2.85,1.41
9354,2.18,4.19,41.77,56.57,4.46,3.31,2.2,1.93,2.92,1.35
9355,2.33,2.49,51.39,88.38,6.03,0.95,0.0,0.5,2.5,0.28
9356,9.37,7.18,33.89,61.96,3.16,4.29,3.34,4.2,2.01,0.49
9357,1.07,3.51,45.21,37.25,6.35,5.02,3.91,3.0,0.0,0.51
9358,4.93,2.28,64.4,79.73,1.62,0.03,2.5,3.27,0.97,0.75
9359,3.93,4.14,42.27,89.0,3.94,2.77,2.79,3.99,0.0,0.74
9360,1.83,4.26,51.3,61.21,3.24,0.0,0.99,2.55,4.16,0.18
9361,10.77,3.08,21.94,68.21,2.12,1.53,0.75,3.13,3.15,2.47
9362,1.25,2.24,47.07,63.87,3.04,0.69,0.0,2.49,3.92,0.0
9363,6.44,7.37,68.94,25.77,6.49,1.19,0.94,0.0,4.19,0.0
9364,5.72,4.83,41.99,35.2,2.6,0.5,0.21,2.97,0.77,1.15
9365,10.1,4.39,58.21,55.84,7.61,4.18,1.52,3.83,0.66,0.0
9366,8.98,7.83,73.53,44.53,3.27,3.37,0.0,0.25,0.56,0.37
9367,7.56,3.58,45.54,35.47,1.13,3.31,0.23,0.0,1.27,0.5
9368,7.05,3.36,52.2,85.07,1.35,1.48,0.25,5.95,0.8,0.07
9369,12.06,2.15,53.79,73.36,1.94,0.07,0.76,0.76,1.32,1.66
9370,4.21,4.65,49.1,85.73,5.63,2.56,3.28,2.77,2.44,0.0
9371,8.09,2.71,43.12,12.78,3.92,2.98,0.0,0.37,0.0,0.08
9372,1.76,5.92,36.15,94.09,2.32,2.54,1.47,4.98,0.0,0.61
9373,4.86,3.65,41.28,67.46,2.85,1.54,1.35,0.53,3.19,1.5
9374,7.77,7.03,36.57,60.32,2.38,2.15,1.08,0.97,3.26,0.56
9375,3.66,6.23,31.39,75.26,4.87,2.42,2.29,2.65,4.05,1.13
9376,4.81,4.45,64.7,36.28,3.24,0.0,1.19,2.12,3.35,1.26
9377,11.13,5.5,23.29,28.65,4.44,2.87,1.07,0.27,3.53,1.41
9378,6.1,7.71,45.57,56.52,4.47,2.37,0.39,5.47,1.21,0.34
9379,11.3,3.1,12.79,57.65,3.35,3.02,1.33,0.08,1.1,0.0
9380,9.07,0.45,61.79,64.8,6.02,2.8,2.96,2.96,1.62,0.44
9381,4.94,2.5,49.22,66.6,4.8,2.79,2.12,2.07,1.05,0.83
9382,11.79,5.85,40.19,88.29,3.36,2.79,4.13,0.0,2.59,0.0
9383,2.74,4.43,41.04,100.0,1.16,0.51,1.29,4.99,2.31,0.0
9384,7.43,0.0,20.57,57.01,5.87,4.34,1.11,2.52,0.0,1.49
9385,7.54,4.58,37.26,52.11,3.75,0.0,1.5,1.03,1.34,1.91
9386,9.77,3.24,19.98,54.35,5.8,3.83,2.18,0.59,4.24,1.11
9387,6.25,2.18,50.71,48.84,4.48,0.49,0.88,4.55,2.84,1.49
9388,4.17,2.18,47.22,42.85,2.58,0.87,0.02,1.97,0.91,0.0
9389,3.79,2.4,58.79,86.22,4.07,2.11,0.99,1.14,0.0,0.18
9390,7.5,5.25,51.03,46.61,1.78,3.74,1.55,3.24,3.04,0.0
9391,4.28,5.91,55.92,48.32,3.25,1.42,3.24,0.0,2.95,0.0
9392,9.67,2.94,30.33,47.71,0.89,2.19,1.59,2.84,0.0,0.81
9393,10.66,4.13,41.65,58.94,3.79,2.63,2.23,1.42,0.96,0.63
9394,2.03,3.31,36.44,57.22,5.13,1.97,0.33,0.98,0.52,0.08
9395,8.24,3.35,19.24,0.0,4.61,0.0,1.81,1.29,2.65,1.64
9396,2.21,3.92,45.86,52.57,4.16,0.63,2.1,2.29,1.83,0.91
9397,2.91,2.64,69.33,43.21,4.55,0.89,1.76,2.35,0.06,1.01
9398,9.47,3.56,39.91,24.15,2.93,3.06,1.63,2.46,1.36,0.71
9399,6.9,2.06,52.81,42.85,4.99,2.05,1.34,1.94,3.6,0.0
9400,10.58,0.47,46.76,66.38,3.9,3.15,4.38,1.93,0.66,0.42
9401,3.03,0.15,45.43,56.08,0.91,1.46,2.51,2.65,0.0,0.54
9402,6.94,5.36,27.61,80.38,3.28,1.36,1.56,2.43,2.53,1.52
9403,2.99,7.43,39.17,57.43,2.54,0.09,0.86,4.5,2.72,0.53
9404,7.35,5.28,12.85,55.18,2.97,2.51,0.85,3.12,1.17,0.9
9405,14.88,6.61,55.41,30.06,1.64,3.46,0.72,1.99,0.0,0.0
9406,6.92,0.82,50.44,63.03,1.72,1.89,1.03,1.26,1.03,0.67
9407,4.05,6.86,55.33,47.35,2.27,3.15,2.63,2.36,0.3,0.0
9408,1.28,5.07,40.21,62.55,4.74,2.88,2.39,2.99,1.46,1.12
9409,0.5,6.08,32.34,63.63,4.81,1.63,0.0,3.72,1.42,0.0
9410,10.52,4.72,40.85,65.27,4.21,2.54,2.66,0.88,3.07,3.54
9411,7.49,8.13,74.32,80.07,5.44,2.17,2.15,0.0,0.42,0.0
9412,1.51,7.92,38.45,34.83,5.58,2.59,1.99,4.26,0.0,0.0
9413,7.67,6.78,37.23,75.14,5.29,0.0,2.14,1.04,3.16,0.0
9414,9.55,5.02,45.72,65.55,1.92,0.0,3.02,1.59,4.68,1.76
9415,3.07,2.23,49.65,44.89,5.0,0.84,0.12,1.78,3.46,1.25
9416,9.4,6.32,60.97,43.95,5.94,0.95,1.63,4.27,0.08,0.0
9417,7.78,3.64,73.49,46.93,4.14,0.0,1.52,2.08,2.89,0.29
9418,5.23,6.39,26.89,68.38,2.37,3.06,3.22,4.0,3.87,1.54
9419,8.94,4.85,56.37,51.83,3.71,0.0,0.0,2.8,0.5,0.53
9420,5.17,2.24,29.68,43.92,3.4,2.94,1.09,2.18,2.91,0.27
9421,3.46,3.93,44.37,47.07,5.6,0.94,2.48,3.05,3.94,0.37
9422,9.77,6.64,38.01,50.01,2.75,2.69,0.05,0.0,0.2,0.63
9423,3.98,5.45,43.25,57.55,2.14,1.84,0.0,2.09,0.97,0.8
9424,7.02,6.6,49.94,25.18,7.15,0.74,0.77,0.83,0.0,0.0
9425,4.73,3.21,36.1,48.84,4.44,0.45,1.03,2.14,0.55,0.0
9426,4.11,2.97,28.94,58.11,4.28,0.56,3.09,4.14,0.19,0.0
9427,6.89,2.27,40.02,68.94,1.89,1.23,1.7,0.0,2.55,2.26
9428,7.74,4.19,23.27,46.74,4.76,1.23,1.37,3.81,3.46,0.44
9429,5.74,3.67,49.23,17.04,1.25,0.81,0.0,3.8,0.28,0.16
9430,10.17,2.34,33.11,45.6,4.24,3.69,0.0,3.61,2.47,2.02
9431,4.43,3.22,35.4,73.86,3.04,2.11,0.03,0.0,0.49,0.0
9432,3.73,0.74,41.47,60.49,2.6,2.56,0.0,1.98,2.22,0.69
9433,7.03,3.19,58.46,49.16,0.83,1.2,2.22,1.68,3.49,2.98
9434,4.66,1.95,68.87,60.14,0.0,1.06,0.0,1.56,3.89,1.21
9435,4.6,4.01,69.12,79.16,2.74,1.4,1.3,2.43,3.1,0.02
9436,2.67,2.39,35.82,53.53,5.25,2.88,0.34,0.46,2.61,1.91
9437,9.73,5.59,39.12,23.61,5.0,0.28,0.98,1.4,0.67,1.17
9438,8.54,1.94,49.97,31.27,0.3,2.04,0.86,0.0,0.0,0.12
9439,10.04,2.57,22.42,51.44,4.09,3.02,1.37,2.64,2.26,0.45
9440,6.87,5.71,70.31,45.04,1.69,1.8,0.31,0.41,2.88,2.22
9441,5.73,4.48,65.1,34.66,3.77,3.48,1.15,0.0,2.0,0.01
9442,6.7,6.42,42.77,47.95,0.71,1.64,1.23,0.27,1.36,2.68
9443,2.23,0.67,42.45,41.71,2.16,0.68,0.97,5.86,1.56,2.17
9444,7.47,6.34,41.54,41.9,0.95,1.34,2.58,2.01,0.0,0.78
9445,6.11,5.58,66.73,74.57,3.18,1.33,0.93,0.4,2.19,1.08
9446,14.31,4.74,45.14,76.08,3.62,1.05,3.09,3.01,0.85,0.79
9447,6.15,2.14,39.0,44.59,2.29,1.34,0.11,1.45,0.18,0.09
9448,13.46,5.02,29.16,100.0,6.34,6.39,1.89,0.91,2.9,0.97
9449,7.66,4.25,54.76,49.55,0.0,2.97,2.07,1.84,2.34,0.42
9450,5.64,1.51,78.3,62.62,6.08,7.05,4.21,1.12,2.8,1.07
9451,10.18,5.35,82.3,80.84,1.96,3.12,0.33,0.78,0.0,0.55
9452,10.18,2.3,63.47,100.0,3.26,4.28,2.59,1.75,3.23,0.02
9453,7.14,3.33,34.97,64.81,3.67,0.84,1.76,1.4,0.0,1.62
9454,4.33,7.51,46.11,65.98,0.0,2.68,1.89,2.45,3.1,0.0
9455,5.24,5.12,25.71,12.54,2.18,2.93,1.03,0.1,2.17,0.39
9456,12.13,2.94,69.63,35.04,5.06,1.85,1.26,1.96,1.49,0.0
9457,6.37,3.55,26.17,66.95,1.67,0.0,0.46,0.0,0.0,2.74
9458,6.98,4.14,39.07,60.52,2.48,2.09,2.25,3.16,2.34,0.0
9459,7.58,6.94,40.48,53.45,0.12,1.74,2.47,0.33,0.91,1.62
9460,7.29,5.13,67.45,26.77,4.7,3.29,1.63,0.91,1.68,0.02
9461,8.44,0.54,41.8,41.69,4.27,4.83,0.0,1.75,0.0,0.22
9462,3.13,1.41,62.5,92.51,5.1,4.07,0.93,1.56,0.0,0.34
9463,6.42,3.95,39.54,60.24,5.77,3.0,2.77,3.33,1.88,0.79
9464,6.29,4.92,59.12,29.66,4.18,2.67,0.59,0.0,1.43,1.39
9465,7.44,3.96,51.61,40.67,4.23,2.29,3.66,2.52,3.63,2.29
9466,7.26,1.18,60.53,19.34,4.17,3.83,1.48,1.35,0.84,0.72
9467,11.3,5.74,49.98,61.85,1.05,2.23,0.27,1.51,2.45,0.18
9468,11.34,2.99,50.73,40.14,4.46,2.59,1.61,0.0,1.06,2.3
9469,4.19,1.4,63.69,69.56,7.04,0.81,1.74,0.42,1.86,0.53
9470,1.84,9.53,63.17,68.88,4.29,1.22,0.35,2.49,2.79,0.0
9471,4.38,0.57,52.72,48.0,2.33,0.78,1.34,1.85,3.72,2.55
9472,3.86,0.0,51.73,62.54,5.41,2.55,2.65,2.0,4.51,1.22
9473,7.03,4.81,32.53,25.15,4.64,0.99,1.72,2.1,0.0,1.25
9474,6.36,1.94,19.3,86.47,3.53,1.45,1.98,1.16,4.66,0.0
9475,1.71,3.68,63.4,54.49,6.66,3.5,1.05,4.07,3.28,0.38
9476,6.31,2.09,47.85,53.76,3.84,4.36,0.8,2.25,1.49,1.54
9477,5.54,4.64,59.0,68.05,4.66,0.14,2.94,1.11,1.77,0.31
9478,5.42,4.82,48.24,100.0,4.53,3.13,1.27,3.45,1.51,0.0
9479,9.92,4.06,41.9,36.28,4.82,1.75,1.84,1.93,0.0,2.02
9480,4.62,4.71,58.43,54.55,4.1,2.01,3.27,2.09,1.64,0.11
9481,6.05,3.32,39.93,48.39,5.45,2.31,2.78,1.66,0.93,1.47
9482,5.61,2.45,31.04,38.06,2.65,0.5,0.0,1.15,0.0,0.0
9483,9.05,2.33,19.44,0.0,1.32,3.78,0.83,0.0,2.87,2.55
9484,4.43,4.1,39.04,70.53,3.03,1.45,2.47,3.24,5.07,0.88
9485,6.79,1.92,37.57,74.68,2.26,0.57,1.16,3.88,2.82,0.0
9486,8.66,4.28,70.3,76.14,2.36,1.94,0.69,0.41,0.83,0.28
9487,7.94,6.32,44.95,94.0,1.63,1.73,2.51,4.55,2.01,0.42
9488,5.94,5.72,48.57,47.42,5.05,1.53,2.07,2.3,1.67,1.23
9489,6.54,4.73,59.52,86.19,2.28,0.74,1.65,2.47,3.93,2.06
9490,3.85,1.67,15.53,34.17,5.43,2.48,1.05,1.04,2.52,0.31
9491,2.73,3.46,59.62,45.25,3.2,3.68,1.83,1.35,2.8,1.58
9492,7.35,4.92,84.37,36.11,0.38,0.49,0.0,1.5,0.0,0.0
9493,5.69,1.76,69.55,46.56,5.46,0.62,1.76,2.66,4.62,0.11
9494,10.18,0.72,37.0,67.4,1.66,2.99,0.0,0.0,1.83,0.77
9495,8.07,5.57,53.85,70.43,5.37,3.35,2.41,2.63,3.0,0.69
9496,6.54,6.05,51.58,62.33,4.39,2.77,1.68,0.0,2.21,0.0
9497,9.56,4.77,46.56,70.02,3.6,4.02,1.53,1.32,1.24,0.0
9498,8.18,2.69,54.73,68.63,1.5,2.01,1.31,2.56,5.4,0.63
9499,2.5,4.94,49.89,59.5,1.2,0.63,0.54,1.96,0.0,0.0
9500,3.7,2.33,44.0,48.25,0.78,2.72,0.06,1.52,1.45,0.0
9501,1.05,3.33,57.24,72.03,2.99,2.44,1.66,4.34,0.0,1.12
9502,8.83,4.52,57.83,17.66,3.34,5.47,0.89,0.0,0.3,0.66
9503,8.13,2.6,46.25,30.4,2.92,0.0,1.09,1.4,3.69,0.0
9504,4.6,7.05,68.37,37.13,4.09,0.72,0.0,1.42,1.23,1.09
9505,0.74,5.07,34.4,13.15,4.37,3.86,3.33,3.72,2.34,0.0
9506,3.52,5.89,45.33,62.11,5.29,2.54,0.89,2.65,2.08,0.68
9507,9.04,5.16,38.05,50.14,4.99,3.22,3.64,0.0,2.99,2.01
9508,8.53,3.44,48.96,44.24,3.29,2.34,2.09,0.93,1.88,2.11
9509,8.1,1.15,44.25,56.99,4.97,0.71,1.14,5.27,1.89,1.3
9510,5.79,4.31,38.82,16.31,3.84,3.24,1.67,1.8,0.0,1.3
9511,4.57,3.01,100.0,43.98,2.62,0.62,0.0,3.66,0.0,0.07
9512,8.52,4.11,43.68,26.82,1.86,0.83,0.56,1.06,1.93,1.59
9513,6.25,2.66,57.11,94.97,5.88,1.97,1.78,1.4,1.34,0.0
9514,8.04,2.51,56.75,66.97,4.47,4.17,1.63,2.93,0.91,0.65
9515,8.61,6.46,34.12,54.54,4.45,1.74,0.75,3.86,2.02,0.28
9516,6.41,3.5,53.84,37.23,7.07,2.16,1.21,3.7,0.0,0.56
9517,8.06,3.25,39.06,70.77,5.55,4.61,2.8,1.26,2.84,0.0
9518,7.01,6.27,65.8,40.06,3.33,0.31,0.2,0.0,2.22,0.22
9519,6.46,3.71,18.73,10.2,4.11,5.67,5.0,1.55,2.09,1.66
9520,0.86,1.82,35.38,39.12,2.5,0.72,1.21,1.93,1.38,0.44
9521,6.45,7.61,32.66,97.43,3.44,5.6,0.39,0.0,3.09,0.81
9522,0.5,4.11,36.37,63.36,3.23,2.53,1.47,2.0,2.45,0.0
9523,4.73,5.15,24.49,51.45,1.84,1.8,2.47,2.64,0.73,1.13
9524,6.04,2.48,38.72,59.4,2.73,0.04,1.39,1.71,0.0,1.58
9525,6.06,1.99,41.8,68.05,4.86,1.47,0.0,2.3,4.01,0.7
9526,7.74,5.02,59.29,72.49,4.98,0.93,2.82,1.36,0.42,2.23
9527,2.18,6.41,29.84,80.57,3.82,0.83,0.02,3.54,1.4,0.68
9528,10.35,4.72,31.86,52.06,4.46,1.89,1.56,2.45,1.04,1.06
9529,1.97,0.65,46.88,42.4,1.2,1.99,0.18,1.36,0.19,0.53
9530,8.16,4.57,39.66,100.0,2.69,3.72,0.44,3.03,2.8,0.28
9531,2.97,2.33,62.92,63.49,3.89,1.33,1.34,1.3,1.36,0.0
9532,0.5,3.21,43.23,77.84,3.61,1.88,0.86,2.08,1.3,0.0
9533,2.1,4.26,26.29,64.85,3.54,2.58,1.23,3.03,1.81,0.0
9534,0.5,5.5,31.43,43.74,2.1,2.69,1.37,4.18,1.83,1.01
9535,7.18,4.07,21.2,65.33,1.77,1.82,1.58,1.96,2.86,1.48
9536,6.96,3.54,46.9,62.19,2.52,2.3,1.6,0.0,3.04,0.0
9537,7.57,3.96,73.33,71.82,4.28,3.11,1.94,1.0,1.37,0.24
9538,5.95,3.95,69.67,57.5,2.5,2.62,1.5,0.0,2.91,0.12
9539,1.35,7.77,38.35,53.69,2.03,0.0,0.91,0.46,3.31,0.43
9540,3.14,4.38,60.66,31.62,3.71,3.42,1.88,0.0,3.4,1.17
9541,5.43,2.17,46.88,88.13,1.57,1.13,2.99,4.64,1.07,0.0
9542,12.08,2.64,22.64,64.74,4.64,2.64,1.43,4.28,1.24,0.76
9543,1.68,5.57,43.53,49.07,4.0,4.06,4.31,4.98,3.81,0.7
9544,2.95,2.56,46.47,45.55,4.74,0.11,1.2,0.8,3.65,0.0
9545,4.54,3.7,46.85,46.6,2.54,1.99,0.86,1.94,2.58,0.0
9546,5.75,4.63,63.55,34.45,3.82,4.39,1.84,2.55,2.74,0.0
9547,6.76,4.64,64.93,28.25,4.3,3.67,1.85,0.0,3.59,1.5
9548,6.04,2.88,30.43,85.83,2.45,1.41,0.93,3.0,0.0,0.04
9549,2.16,4.26,54.41,41.1,1.26,2.47,1.72,2.33,4.39,0.12
9550,8.86,6.04,14.01,30.36,1.34,2.03,1.66,2.11,0.0,0.91
9551,3.96,1.14,59.79,75.09,5.39,5.38,3.91,2.24,2.35,0.0
9552,10.53,4.59,47.14,63.43,1.33,2.12,1.09,2.57,1.61,1.18
9553,7.28,2.9,25.78,75.95,5.05,3.75,2.44,1.67,0.16,0.0
9554,12.58,5.1,34.73,94.53,2.15,1.53,0.59,1.53,0.4,1.47
9555,5.22,3.93,21.33,51.75,5.5,2.68,1.97,2.29,1.96,1.64
9556,7.99,4.32,51.2,35.66,4.28,1.73,3.2,1.4,4.2,2.23
9557,6.35,1.16,44.66,35.52,5.38,0.25,1.81,0.81,2.57,0.0
9558,8.72,4.65,24.87,26.84,4.16,2.05,1.62,1.85,3.05,0.0
9559,10.09,6.16,32.45,49.06,3.3,4.32,3.15,2.32,3.69,1.57
9560,6.77,4.42,52.5,66.79,2.63,5.86,0.0,3.54,2.37,1.6
9561,10.06,3.24,43.35,39.03,4.2,1.06,3.17,0.54,1.89,1.72
9562,5.54,5.73,62.73,83.82,0.37,0.06,0.0,3.73,2.52,0.56
9563,4.59,7.78,28.85,76.57,5.12,3.0,1.79,2.08,1.86,0.0
9564,7.81,3.11,35.87,34.63,6.47,0.0,0.65,4.0,2.72,0.1
9565,1.39,8.28,59.96,36.34,4.85,2.94,2.02,1.38,0.0,0.13
9566,8.99,6.73,41.91,85.79,3.5,0.49,3.05,3.42,3.75,0.62
9567,5.04,5.09,45.08,50.79,1.75,3.54,1.37,4.59,3.75,0.0
9568,5.93,5.45,65.04,26.1,3.83,0.46,1.59,1.79,0.94,0.47
9569,4.06,5.32,32.41,66.3,4.08,1.13,2.11,5.29,0.98,2.7
9570,4.24,2.76,30.5,100.0,0.99,2.96,2.33,2.38,0.56,0.82
9571,8.96,5.81,57.82,63.0,5.51,1.33,2.81,0.0,0.0,0.0
9572,4.01,6.24,58.83,78.63,3.32,3.25,1.98,4.41,2.6,0.1
9573,3.23,4.37,48.68,67.92,5.57,2.74,3.17,2.32,4.8,0.0
9574,0.88,3.75,47.64,57.23,4.11,0.0,0.97,1.4,3.02,2.01
9575,9.64,0.0,43.71,80.13,5.17,2.17,1.95,0.41,5.54,1.42
9576,4.6,5.9,49.25,36.49,1.24,3.23,2.5,0.0,2.4,1.75
9577,3.69,3.83,19.11,82.18,4.65,2.01,3.1,2.75,1.39,0.79
9578,3.74,7.4,35.26,64.3,4.9,3.45,1.93,0.0,1.57,1.03
9579,9.04,4.18,47.83,40.31,1.37,3.01,1.9,1.55,0.41,3.1
9580,11.29,5.37,41.83,55.87,2.17,4.11,0.55,1.39,1.24,1.0
9581,8.22,5.96,28.49,13.93,4.65,0.91,0.85,4.13,2.75,0.89
9582,10.09,4.74,41.69,61.28,0.92,0.62,0.28,0.0,1.19,0.94
9583,7.93,2.18,31.04,37.03,2.22,3.56,2.14,2.78,0.29,2.55
9584,8.63,5.66,69.64,35.46,5.13,1.24,3.48,0.0,4.27,0.75
9585,8.81,2.53,49.41,70.44,2.15,0.73,0.26,0.0,0.0,1.46
9586,4.34,0.0,34.42,36.64,4.07,2.68,2.14,4.05,2.78,0.0
9587,6.47,6.31,14.88,70.32,3.04,2.52,2.28,2.8,1.03,0.0
9588,9.69,4.69,22.19,44.69,1.52,3.26,0.39,1.71,0.42,1.23
9589,7.62,6.94,47.81,29.48,2.28,0.61,0.79,1.06,1.15,0.0
9590,3.24,3.87,39.12,53.72,3.6,2.33,0.77,3.55,2.13,0.0
9591,6.04,2.24,71.33,45.94,5.58,4.08,0.0,0.0,2.26,0.0
9592,7.81,3.63,53.35,75.63,2.37,3.77,1.43,1.52,1.29,0.48
9593,7.19,6.17,49.53,100.0,3.54,1.77,0.4,2.5,0.0,0.7
9594,0.5,2.08,46.45,71.67,5.72,4.36,4.61,2.06,0.7,0.76
9595,9.28,4.26,50.44,68.08,4.71,2.48,1.53,1.2,2.6,1.6
9596,9.73,5.27,32.09,77.87,5.25,2.29,2.85,1.78,1.48,0.0
9597,4.09,7.67,40.91,62.16,3.91,0.63,0.0,3.4,1.32,0.0
9598,9.75,5.99,26.6,81.83,4.61,1.34,2.64,4.15,4.82,1.55
9599,5.41,3.05,55.36,74.55,4.51,3.25,1.54,2.36,1.86,1.53
9600,1.65,1.01,34.27,8.06,4.42,1.17,2.2,2.01,1.62,0.0
9601,2.73,5.38,61.67,46.4,2.03,0.0,0.0,2.52,0.94,0.0
9602,2.04,1.86,46.2,37.18,5.05,1.21,2.13,0.91,2.65,1.14
9603,10.41,2.45,45.6,81.92,2.64,3.28,1.55,3.67,1.81,0.64
9604,9.48,5.63,40.99,28.95,3.58,4.4,2.71,0.38,1.1,0.0
9605,4.6,0.67,14.68,92.9,1.75,1.52,0.46,1.12,1.39,0.73
9606,4.98,6.05,33.56,65.89,3.62,5.91,1.75,3.11,1.4,0.02
9607,5.5,3.57,19.28,39.07,2.1,1.38,1.6,4.57,2.4,1.83
9608,5.3,5.17,51.0,24.36,3.26,1.1,0.82,4.69,0.15,1.35
9609,6.32,2.77,47.0,26.37,4.29,3.13,2.63,2.37,0.5,1.17
9610,6.75,5.31,41.93,70.41,1.54,4.18,1.42,0.98,3.2,0.0
9611,4.04,2.21,63.01,41.85,4.2,3.26,0.46,0.76,2.74,1.17
9612,5.09,6.19,41.41,83.89,2.79,0.66,0.96,0.46,1.97,0.02
9613,5.34,3.19,37.47,28.58,5.24,2.88,0.05,2.54,0.0,1.62
9614,7.08,4.78,45.09,60.48,3.23,0.96,1.38,2.69,0.17,1.25
9615,1.36,5.05,37.26,75.94,4.3,3.66,1.75,1.53,2.3,0.49
9616,5.08,5.64,40.66,49.93,1.85,3.65,0.84,0.0,1.82,0.37
9617,1.25,1.51,49.38,76.59,4.78,0.94,0.32,2.7,0.0,0.08
9618,4.01,2.13,72.42,66.6,4.6,1.4,0.0,2.1,0.0,0.71
9619,5.67,1.76,42.49,43.06,5.54,0.6,0.73,0.0,0.44,0.2
9620,9.69,2.09,19.03,31.38,1.27,2.9,1.5,2.2,3.6,1.83
9621,5.43,7.53,51.26,65.57,4.82,3.49,1.49,0.0,2.18,0.0
9622,7.41,5.02,52.66,23.63,4.0,1.88,1.87,3.59,0.95,0.3
9623,4.75,0.0,51.87,77.37,2.05,3.71,1.13,0.66,1.74,0.2
9624,7.95,1.81,56.55,100.0,5.64,1.66,0.8,1.64,3.95,1.2
9625,8.55,6.18,75.33,92.66,3.5,1.91,0.67,2.97,1.46,1.28
9626,8.92,5.42,53.11,62.26,1.77,5.03,0.95,1.9,2.4,1.83
9627,4.93,1.51,79.88,49.67,0.82,3.04,3.26,0.67,1.43,1.06
9628,3.31,2.83,48.44,88.81,2.49,4.86,1.93,3.74,1.54,0.48
9629,6.19,3.0,37.56,20.03,3.59,4.31,2.58,1.14,1.46,2.08
9630,8.35,2.91,43.28,77.55,3.87,2.19,0.69,0.11,0.0,1.41
9631,7.67,3.91,62.95,57.86,1.6,4.97,0.11,1.79,2.28,0.48
9632,1.51,6.86,64.83,45.54,3.41,2.96,2.33,1.54,3.7,0.61
9633,8.22,5.7,49.31,38.3,3.57,2.13,1.01,0.0,1.68,0.91
9634,6.38,2.58,23.63,70.61,4.61,3.79,1.58,2.77,1.49,0.5
9635,9.61,5.22,25.45,93.97,4.07,2.6,3.73,1.21,1.92,0.92
9636,8.46,3.99,33.9,48.69,0.9,3.08,0.26,2.14,1.59,2.0
9637,8.23,3.65,69.69,47.93,5.53,3.89,1.05,1.38,0.97,0.52
9638,6.42,3.82,58.71,75.98,4.28,1.21,0.4,3.14,4.39,0.0
9639,3.35,3.41,4.01,75.96,4.0,0.61,3.02,2.43,2.55,3.36
9640,3.51,1.04,48.55,68.19,5.33,0.19,1.39,1.72,2.32,1.68
9641,6.58,0.66,27.25,56.65,4.21,0.56,3.31,2.64,1.37,1.33
9642,9.31,1.04,63.14,36.12,4.8,2.14,2.06,1.7,1.51,1.02
9643,13.16,3.91,42.35,46.38,1.69,0.0,1.12,0.74,0.88,0.41
9644,6.2,3.57,34.88,86.63,6.38,4.68,0.98,3.49,0.44,0.62
9645,9.78,1.99,34.63,35.33,4.7,1.51,0.54,1.62,2.86,0.67
9646,8.36,3.56,52.75,48.8,1.46,1.11,0.06,1.89,2.92,1.28
9647,0.5,4.71,28.62,20.4,3.03,3.51,3.13,2.23,3.28,0.34
9648,3.32,2.06,74.08,81.86,4.46,0.45,1.19,3.64,3.32,0.25
9649,7.07,1.65,47.51,52.48,2.75,2.13,1.96,4.02,2.21,3.22
9650,9.5,8.22,44.2,69.27,0.0,0.0,0.0,1.58,0.0,1.08
9651,6.31,4.69,40.57,69.0,1.17,3.65,1.97,2.77,2.06,0.27
9652,10.01,4.65,65.64,53.57,1.46,4.33,0.27,1.62,1.92,0.76
9653,0.5,1.09,36.43,52.19,3.53,3.61,1.4,1.84,1.76,0.36
9654,1.94,6.73,44.22,55.44,7.53,2.23,3.16,1.14,0.97,0.0
9655,6.92,6.73,49.24,90.35,1.54,1.44,2.09,1.71,1.08,0.57
9656,3.52,5.61,66.02,41.73,1.41,0.0,1.93,4.64,0.0,1.71
9657,4.62,6.54,37.62,80.55,2.38,0.62,0.0,1.78,3.31,0.0
9658,2.76,4.48,80.31,61.22,6.2,1.99,0.78,0.0,5.35,0.0
9659,8.66,2.87,42.31,15.96,3.94,3.04,1.08,0.0,2.8,2.4
9660,6.31,3.05,18.65,84.36,3.23,3.24,0.0,1.69,1.37,0.38
9661,2.82,5.32,61.85,48.33,2.79,1.94,2.53,2.06,0.77,1.53
9662,5.03,7.75,51.9,52.35,1.83,2.95,0.59,2.02,0.0,0.0
9663,7.94,0.0,81.16,52.65,2.29,4.25,1.8,1.88,2.11,0.0
9664,2.28,2.22,31.26,46.52,5.58,1.5,2.94,2.33,2.67,0.75
9665,4.91,0.0,35.9,35.99,0.87,5.33,0.87,2.8,0.44,0.72
9666,5.92,7.05,48.21,50.72,2.43,1.76,0.0,2.72,0.0,0.7
9667,8.9,4.01,35.18,39.86,1.02,0.0,0.5,1.04,3.3,0.62
9668,7.85,2.12,13.95,87.33,3.13,3.26,1.78,1.75,2.79,1.74
9669,2.32,4.98,58.38,38.45,3.72,4.36,0.0,2.03,2.05,1.19
9670,6.28,7.1,49.16,73.48,1.74,0.0,1.41,1.64,2.24,1.62
9671,6.03,5.47,46.49,36.24,3.89,3.91,0.58,0.96,0.0,0.65
9672,4.28,4.28,26.8,65.46,2.92,2.54,0.0,1.51,1.34,1.36
9673,7.4,7.56,69.25,54.35,2.66,3.33,2.42,0.5,1.51,0.66
9674,7.57,6.52,43.42,43.71,3.09,3.53,0.14,2.62,0.85,0.44
9675,5.91,5.77,36.32,65.29,2.38,0.0,1.28,1.93,2.4,1.18
9676,8.88,3.72,38.41,100.0,1.08,2.05,2.76,3.38,0.26,1.55
9677,6.46,2.09,42.93,90.64,3.71,2.63,4.87,2.49,0.96,1.47
9678,6.48,1.61,39.89,49.33,3.49,3.69,1.73,2.4,3.67,0.97
9679,8.36,7.7,53.76,75.93,3.6,2.82,0.74,2.1,0.86,0.5
9680,7.3,3.0,74.02,45.65,4.2,0.0,5.99,1.04,1.33,0.6
9681,7.02,5.44,49.65,41.7,4.19,3.79,1.33,3.82,0.0,1.28
9682,6.3,0.76,51.34,24.31,1.0,1.37,2.63,4.7,3.14,0.88
9683,8.13,3.27,28.02,61.58,3.19,3.96,0.76,0.09,1.25,1.57
9684,8.95,1.79,38.47,29.18,3.54,3.44,0.49,2.26,0.05,0.0
9685,4.17,4.55,27.35,51.02,2.73,2.18,1.92,1.78,1.74,1.01
9686,9.59,8.93,35.91,56.53,3.0,0.83,0.33,4.31,0.0,1.4
9687,11.51,2.15,42.95,41.44,0.26,0.74,0.0,0.08,1.56,2.49
9688,6.7,3.32,4.8,81.89,4.27,2.06,0.45,4.89,1.62,0.55
9689,4.76,5.23,67.49,51.96,5.51,0.0,0.36,2.53,0.82,1.16
9690,4.34,7.99,29.48,66.99,2.02,4.65,1.13,2.88,1.47,0.62
9691,4.27,1.48,61.13,33.1,6.16,2.2,3.33,1.69,1.39,0.0
9692,3.38,2.1,19.14,15.9,4.64,0.39,0.48,3.98,3.33,1.38
9693,3.99,4.48,38.83,54.78,5.67,0.17,2.08,1.76,1.34,0.68
9694,9.64,9.04,22.72,31.8,1.48,1.32,0.7,0.6,1.42,0.0
9695,5.46,3.94,55.98,53.71,5.18,3.78,3.45,0.09,3.0,0.0
9696,1.98,2.98,56.85,57.02,2.65,0.0,0.0,4.51,3.18,0.06
9697,3.72,6.62,57.82,28.8,1.79,0.91,1.98,0.94,1.88,0.0
9698,12.79,4.35,66.83,41.98,1.57,1.79,1.28,1.65,2.6,1.84
9699,10.4,5.33,47.39,79.1,4.3,1.39,2.04,0.55,0.79,1.84
9700,5.78,3.63,70.37,64.11,2.88,2.19,0.0,2.55,0.0,1.31
9701,7.23,2.98,29.82,16.33,4.74,1.52,2.27,3.47,2.53,0.15
9702,0.5,3.12,47.47,78.38,4.54,0.13,3.89,0.32,0.19,0.0
9703,6.85,6.82,74.35,60.28,3.15,3.04,0.48,1.94,3.1,0.79
9704,0.5,4.83,64.17,73.01,3.59,2.17,0.0,3.4,1.96,0.3
9705,3.74,6.82,56.39,46.67,5.94,3.18,0.74,2.48,0.43,0.0
9706,7.84,4.6,38.43,10.85,3.99,2.54,2.47,0.63,0.0,0.0
9707,6.53,5.8,59.29,72.12,2.23,4.7,2.94,2.54,1.28,0.0
9708,1.07,0.43,47.55,21.72,5.09,2.58,1.3,0.0,2.57,1.23
9709,10.7,2.25,40.2,44.64,4.44,3.6,3.15,1.39,0.0,1.75
9710,5.9,5.5,61.23,79.31,3.14,1.88,3.44,1.87,0.0,0.23
9711,0.5,4.43,50.33,100.0,4.94,0.0,2.67,1.97,0.0,0.3
9712,4.47,3.14,60.77,61.74,3.78,5.92,0.81,2.38,0.34,0.0
9713,8.7,5.84,9.42,68.61,2.55,2.25,1.25,0.0,0.67,2.07
9714,7.86,2.35,13.85,28.54,6.61,0.0,3.14,2.7,0.6,0.73
9715,3.54,3.75,58.52,43.91,4.82,1.27,1.84,1.18,2.78,0.0
9716,6.83,5.58,65.13,61.96,4.46,4.37,2.82,3.03,0.0,1.05
9717,2.53,4.21,54.59,74.46,2.82,0.74,3.22,2.65,1.45,1.08
9718,4.65,7.37,29.25,66.66,3.19,0.0,0.0,3.55,1.71,0.84
9719,7.08,5.81,39.29,32.58,2.2,1.71,4.08,2.26,2.55,1.4
9720,3.55,6.09,44.74,48.68,5.73,1.84,1.91,1.03,2.98,0.16
9721,7.86,3.08,46.35,71.3,5.96,2.9,2.76,2.5,2.42,0.33
9722,5.99,5.68,41.01,27.53,1.62,2.03,1.85,1.7,3.09,2.14
9723,5.19,4.01,54.13,43.81,5.06,3.54,0.39,4.1,2.88,0.26
9724,6.83,8.51,54.32,68.79,3.97,0.09,2.95,3.94,3.67,2.65
9725,2.43,0.34,57.49,31.66,2.57,5.31,0.42,3.43,0.0,0.98
9726,6.85,3.26,60.84,45.54,4.65,2.56,0.23,0.92,1.73,0.05
9727,4.26,3.22,47.47,70.9,4.05,1.37,0.87,0.54,1.51,0.67
9728,2.41,4.86,40.76,64.7,3.59,0.82,1.35,2.5,4.0,1.09
9729,3.25,5.24,59.32,71.16,3.21,2.98,0.28,4.58,0.75,0.35
9730,10.88,3.51,24.11,54.33,2.63,0.99,1.24,1.55,3.64,1.64
9731,4.9,4.51,67.45,47.59,4.79,2.36,3.82,0.66,2.53,0.57
9732,5.97,2.63,38.82,53.29,4.98,2.68,1.98,1.64,0.86,0.63
9733,7.71,5.79,48.98,49.86,5.35,1.44,2.71,1.79,2.13,1.7
9734,8.17,8.42,54.26,49.55,1.2,0.0,1.79,3.62,3.93,1.63
9735,3.99,4.43,46.53,65.75,2.15,2.56,2.3,3.2,0.22,0.01
9736,5.92,3.23,53.27,54.26,1.24,3.11,0.56,3.1,0.72,1.05
9737,7.55,3.63,49.29,56.94,3.82,0.39,0.47,2.01,1.12,1.5
9738,6.59,3.01,33.15,14.68,3.49,2.49,1.72,0.85,2.62,0.1
9739,3.89,3.36,37.38,28.4,4.55,4.73,2.06,2.05,1.43,0.0
9740,3.29,6.34,69.22,56.56,3.08,4.37,0.59,4.74,2.92,0.0
9741,7.68,4.02,60.25,67.3,4.02,2.76,0.67,1.07,0.32,0.0
9742,5.83,0.43,49.89,48.94,5.75,1.57,2.28,0.0,1.56,0.6
9743,2.33,0.36,38.03,54.67,0.65,0.0,0.4,1.1,0.41,2.38
9744,1.67,6.92,33.38,100.0,3.97,1.46,3.81,2.61,1.84,0.85
9745,5.78,5.78,26.37,29.76,3.09,3.38,1.09,2.79,2.27,0.0
9746,2.12,6.93,37.32,59.08,5.05,1.06,0.0,3.14,1.3,1.14
9747,5.98,6.65,53.87,79.83,3.52,0.0,0.0,1.53,0.0,1.16
9748,5.14,3.5,53.48,53.73,4.09,2.85,0.7,1.38,0.0,0.19
9749,8.84,4.68,25.61,27.19,2.9,0.4,0.71,1.43,1.89,1.38
9750,4.87,0.35,18.3,47.27,4.95,2.25,1.43,0.0,1.85,1.34
9751,7.92,3.52,35.76,43.01,7.23,2.2,2.53,0.18,2.13,1.14
9752,8.05,1.77,37.38,70.96,2.79,6.2,2.89,0.0,3.65,0.59
9753,9.58,2.47,31.27,43.82,2.04,3.75,0.0,0.01,0.39,1.56
9754,2.64,4.2,42.03,87.3,2.1,0.0,1.1,1.0,1.38,0.29
9755,13.06,5.74,55.54,48.26,0.62,0.66,3.11,1.24,0.89,0.31
9756,3.0,4.03,62.13,65.44,5.29,1.86,0.0,2.25,0.76,0.44
9757,8.31,1.67,53.79,63.48,2.89,3.83,0.01,0.3,1.87,0.0
9758,7.32,2.86,64.71,61.76,1.76,1.83,2.33,3.19,4.14,1.0
9759,6.61,0.92,47.12,32.47,2.98,3.04,2.3,1.09,0.0,2.12
9760,7.9,5.46,72.11,3.37,5.77,0.0,1.32,3.06,0.16,0.0
9761,5.27,2.58,6.29,54.73,3.66,2.57,2.58,2.91,6.24,0.55
9762,5.49,5.0,47.6,60.28,0.76,2.92,0.0,3.38,0.72,1.36
9763,7.11,3.86,54.94,42.21,2.14,1.52,0.32,3.16,1.62,2.32
9764,2.48,0.95,29.07,32.68,5.96,0.75,4.11,0.28,3.75,2.41
9765,0.5,3.82,22.88,36.75,3.3,3.06,0.17,4.02,0.0,0.0
9766,8.71,1.15,55.39,82.84,2.04,2.4,2.54,1.31,2.9,0.75
9767,5.6,3.58,39.39,88.16,5.21,0.0,0.0,2.05,0.9,0.0
9768,3.59,3.3,47.91,59.46,2.09,0.0,0.8,1.22,2.12,0.55
9769,6.51,4.15,51.91,54.31,2.25,3.23,1.74,0.92,1.07,2.42
9770,12.08,4.58,29.27,41.7,2.4,3.5,0.65,2.89,0.42,1.92
9771,5.93,2.31,12.17,58.71,5.77,2.34,1.53,0.0,0.73,0.0
9772,7.78,1.04,42.66,41.44,2.11,1.4,0.0,2.96,3.02,0.72
9773,9.75,2.47,52.9,65.98,2.94,1.02,0.0,0.0,2.36,2.51
9774,6.17,4.79,24.16,81.95,2.9,2.29,2.84,0.0,1.55,2.21
9775,4.07,4.64,75.95,15.14,1.75,1.95,1.58,3.12,3.5,0.54
9776,4.54,5.42,49.89,66.0,2.97,0.0,2.63,5.0,0.64,0.0
9777,5.12,1.27,41.61,36.66,4.81,0.02,1.09,3.56,3.46,1.55
9778,6.24,0.0,62.66,70.14,2.03,5.08,1.03,2.96,2.97,0.06
9779,7.45,8.08,57.89,42.89,2.81,1.08,2.83,2.83,3.01,0.52
9780,2.45,4.58,28.1,50.62,5.08,0.31,1.07,0.76,2.26,1.02
9781,7.49,6.85,42.34,22.1,4.57,0.62,2.9,2.5,2.4,0.15
9782,5.64,7.2,46.32,89.6,1.75,2.39,0.2,0.59,1.94,1.05
9783,5.91,3.45,32.4,29.15,3.76,3.49,2.13,0.04,1.22,1.5
9784,8.09,5.11,37.07,28.12,3.43,2.95,1.81,0.32,1.39,1.2
9785,0.5,2.44,45.34,74.28,3.02,1.34,1.24,2.34,2.29,0.0
9786,0.5,5.45,40.45,84.52,4.59,3.12,4.43,3.56,2.65,0.8
9787,7.58,1.7,48.08,78.44,2.51,0.62,1.36,3.49,0.02,1.57
9788,10.39,3.45,54.23,43.54,5.44,3.72,0.75,2.1,0.56,0.32
9789,0.5,1.36,95.86,23.83,2.13,4.1,0.54,1.1,0.18,0.2
9790,6.24,5.97,16.38,55.29,3.31,2.2,1.8,4.4,1.35,1.3
9791,9.32,4.12,18.85,56.94,4.21,2.89,2.29,0.83,2.65,1.98
9792,7.22,5.7,30.26,75.65,2.68,1.44,1.95,2.24,1.2,0.22
9793,3.34,5.38,29.02,69.93,6.19,2.06,3.53,1.32,3.98,1.99
9794,4.52,4.74,49.54,67.09,1.45,3.53,3.5,2.45,2.67,1.21
9795,6.27,0.34,49.32,72.71,1.61,2.71,0.0,3.49,2.81,2.96
9796,5.13,3.51,61.45,86.18,3.37,2.34,1.82,2.42,0.0,0.0
9797,4.63,0.78,30.49,69.55,0.88,1.25,2.3,0.0,1.16,0.28
9798,3.94,2.7,37.36,47.18,3.61,3.96,0.93,0.09,2.01,0.09
9799,1.49,0.98,49.5,75.22,1.19,0.86,1.41,0.31,1.6,2.1
9800,9.8,5.22,37.81,86.54,3.38,1.54,1.77,3.77,0.0,0.57
9801,4.95,2.59,39.52,54.3,5.22,2.54,0.92,2.7,2.81,0.68
9802,6.47,4.89,33.95,44.44,2.47,0.54,2.94,3.22,1.24,0.73
9803,5.42,5.72,42.33,23.76,4.58,1.42,1.46,2.49,0.16,0.56
9804,4.39,4.84,49.9,76.08,3.5,2.75,2.01,2.37,1.81,0.85
9805,1.34,3.05,44.25,42.95,3.51,2.12,1.16,2.49,3.8,2.04
9806,0.5,5.99,42.18,84.0,3.73,5.08,3.75,5.54,4.03,0.08
9807,3.51,7.34,49.4,85.36,3.2,0.12,2.57,3.77,3.35,0.73
9808,11.97,3.2,24.96,43.81,2.15,3.4,1.34,3.56,1.3,1.52
9809,7.51,5.76,44.5,82.32,3.56,3.11,2.22,4.5,3.79,2.79
9810,12.21,0.77,29.8,75.19,4.55,1.68,1.33,0.0,0.89,0.65
9811,2.39,6.19,31.53,44.01,4.84,1.43,1.05,1.13,0.07,1.16
9812,12.98,1.18,49.81,68.27,3.21,3.41,3.21,1.94,4.2,1.33
9813,6.77,5.2,37.08,19.33,4.63,4.87,0.0,0.69,3.34,0.04
9814,5.52,2.95,25.16,52.23,5.96,1.18,1.23,2.75,1.14,1.28
9815,6.08,2.37,49.15,86.18,4.79,3.91,3.6,2.38,3.11,0.4
9816,7.46,4.97,67.78,57.65,5.87,2.81,0.33,0.81,2.44,0.6
9817,2.2,3.31,32.75,83.25,3.48,2.64,1.27,1.98,3.8,2.55
9818,7.12,3.3,34.46,38.84,4.59,1.24,1.78,0.84,2.46,1.92
9819,2.69,6.09,55.77,58.1,2.72,4.4,0.75,5.36,1.48,0.24
9820,5.97,0.33,33.52,76.91,3.69,1.28,1.1,2.38,0.0,0.23
9821,10.24,2.96,64.06,12.82,2.61,2.31,0.08,0.31,0.04,1.21
9822,5.18,4.43,40.01,61.43,1.89,3.28,0.16,0.62,1.54,0.28
9823,8.73,5.6,70.15,80.47,3.57,3.49,1.7,1.44,2.8,0.14
9824,3.62,2.27,25.21,63.09,1.99,1.18,0.0,5.64,0.57,0.44
9825,5.39,3.58,29.31,16.23,3.04,2.21,0.0,0.99,3.1,1.64
9826,5.62,6.34,49.08,62.09,1.13,0.0,0.0,0.0,0.0,2.12
9827,13.28,6.47,66.76,71.58,3.57,4.56,2.02,0.0,1.11,0.67
9828,9.91,6.08,49.9,65.78,4.51,2.17,1.89,1.57,0.94,0.9
9829,11.66,2.69,80.77,50.18,0.0,1.21,3.15,0.0,2.34,0.0
9830,2.26,4.57,30.65,41.76,0.84,2.26,2.96,1.42,0.27,0.45
9831,8.15,2.16,29.29,76.81,3.75,3.41,1.49,1.15,0.18,0.0
9832,3.17,2.43,37.33,29.65,2.67,2.82,0.43,4.4,1.35,1.7
9833,0.5,3.92,34.15,13.67,4.92,3.81,1.41,1.77,0.53,0.77
9834,5.01,6.62,27.28,67.71,0.21,0.0,0.42,4.95,2.25,1.11
9835,9.74,2.13,37.53,69.29,1.05,3.31,0.58,2.54,0.47,0.08
9836,4.44,3.42,51.56,68.2,3.27,2.35,0.52,1.37,0.42,0.89
9837,3.17,6.84,35.66,59.1,5.6,1.0,1.56,0.62,0.79,0.51
9838,3.84,3.17,42.93,65.66,2.99,2.42,0.04,1.41,0.61,0.9
9839,1.6,2.88,55.55,50.18,4.05,0.54,1.68,3.67,1.97,0.34
9840,5.25,4.52,43.98,59.32,1.12,6.65,2.44,0.0,0.0,0.64
9841,5.67,3.36,31.0,80.79,3.9,2.28,1.36,1.32,1.41,1.0
9842,7.39,6.02,64.18,80.28,2.72,1.72,3.48,0.5,2.39,0.48
9843,9.98,3.24,37.62,42.3,6.48,2.16,2.18,2.87,2.32,0.79
9844,3.48,4.69,45.55,32.92,4.02,0.05,1.41,3.59,3.89,1.28
9845,12.46,4.15,50.99,31.25,0.87,0.94,1.32,0.0,2.09,1.37
9846,11.7,4.98,70.91,59.29,4.05,3.21,2.7,0.08,2.29,0.83
9847,4.56,2.41,47.51,84.91,3.69,1.93,0.84,2.12,0.09,0.71
9848,8.79,2.7,58.15,64.66,4.24,3.31,0.17,2.0,1.21,1.39
9849,1.46,5.89,39.85,47.92,5.96,1.19,4.97,0.0,2.21,0.0
9850,5.77,7.81,49.72,79.67,3.81,0.0,0.48,0.78,1.4,0.08
9851,5.09,1.17,35.51,72.27,3.8,1.83,2.96,4.78,2.11,2.09
9852,4.93,3.27,26.64,58.79,4.22,0.0,0.56,0.68,1.81,1.66
9853,5.85,4.35,45.59,33.64,5.07,3.11,2.09,4.02,0.52,0.59
9854,2.13,4.15,38.74,44.65,1.82,1.41,1.64,4.17,2.11,1.25
9855,8.5,4.1,76.56,37.61,3.54,2.05,0.0,3.49,3.92,1.72
9856,8.11,4.97,45.3,87.7,2.43,4.18,1.67,4.81,0.24,0.0
9857,7.54,6.12,55.93,44.36,2.1,0.99,0.0,2.61,2.75,1.64
9858,5.16,5.63,44.36,70.38,2.33,3.05,1.03,2.25,3.18,0.0
9859,10.06,4.48,60.13,46.24,4.51,0.82,0.9,1.94,3.45,0.66
9860,4.21,2.52,15.83,66.94,3.3,5.35,0.13,4.32,0.0,0.85
9861,5.97,0.89,58.37,58.53,1.9,0.0,1.31,3.34,3.27,1.59
9862,0.74,2.38,41.32,58.93,3.35,0.82,1.33,3.99,1.38,0.26
9863,9.35,3.18,23.88,47.47,0.41,5.48,0.0,4.16,0.85,2.52
9864,6.81,1.67,65.24,77.58,3.98,3.89,2.32,1.03,1.96,0.0
9865,7.86,4.69,14.1,71.68,1.89,0.0,1.8,0.97,1.08,2.56
9866,1.15,3.72,50.71,41.28,1.75,4.04,0.31,3.64,2.65,0.0
9867,3.08,2.73,42.02,60.53,3.4,0.32,0.0,0.34,2.23,0.0
9868,6.99,7.29,52.17,47.29,4.69,1.59,2.55,0.16,1.98,0.0
9869,5.18,3.45,39.25,61.08,0.0,3.62,0.0,5.15,1.21,1.56
9870,3.91,5.26,62.69,26.82,3.76,1.33,1.91,0.0,0.0,0.75
9871,4.78,0.27,38.38,24.72,4.66,3.76,0.23,0.0,0.84,0.0
9872,6.72,4.84,47.8,27.83,3.24,4.89,1.48,2.37,0.97,0.28
9873,7.63,1.82,32.7,72.06,4.42,0.0,1.71,0.99,0.55,0.0
9874,5.16,3.09,51.84,39.6,1.36,1.45,0.8,2.97,0.02,1.01
9875,5.61,6.52,47.68,75.87,3.41,1.42,2.79,5.49,2.74,1.5
9876,7.89,4.0,60.04,32.6,2.59,1.59,0.41,1.77,2.46,1.32
9877,9.34,1.85,40.9,25.92,2.8,1.65,3.58,0.51,2.4,1.61
9878,5.36,2.92,49.83,83.91,4.03,2.9,1.49,1.08,1.82,0.91
9879,2.11,9.11,50.93,51.63,1.96,2.38,0.73,2.8,1.8,1.1
9880,8.91,2.24,44.35,65.38,2.69,3.22,3.61,0.0,2.59,0.0
9881,2.23,0.99,39.18,36.25,3.42,5.53,2.68,1.26,0.14,1.48
9882,4.76,4.25,48.4,64.75,4.04,3.99,1.76,1.12,1.32,0.0
9883,4.89,5.8,4.03,49.28,1.6,3.04,0.8,3.09,0.08,2.46
9884,6.79,1.7,36.19,51.71,4.34,1.9,2.32,0.27,2.6,0.02
9885,9.89,3.18,66.64,59.53,2.68,1.8,2.15,1.87,0.68,0.0
9886,12.01,8.04,40.38,25.14,3.48,1.67,2.01,2.31,1.6,1.06
9887,9.16,4.51,39.17,61.42,3.43,0.11,0.87,1.92,2.62,1.81
9888,0.5,4.5,56.6,30.7,4.24,3.22,0.0,1.73,1.12,0.0
9889,2.74,7.29,31.44,51.86,4.62,0.01,0.0,0.93,1.6,0.03
9890,6.24,4.63,31.81,47.42,2.44,1.39,1.08,1.68,2.87,0.38
9891,7.5,5.62,48.8,35.8,2.37,2.37,2.68,1.56,2.84,0.0
9892,4.06,5.03,27.82,58.48,2.92,1.07,2.98,3.95,2.22,0.76
9893,3.68,4.26,50.11,71.4,3.64,0.0,1.34,1.23,3.94,0.89
9894,8.5,6.07,35.02,54.95,3.62,0.0,3.08,1.48,0.43,2.24
9895,4.46,3.41,36.32,61.49,3.61,1.49,1.11,2.0,2.0,0.0
9896,10.53,3.16,14.0,71.58,2.19,3.88,2.01,4.2,2.98,0.96
9897,4.87,8.01,49.02,69.32,5.41,2.69,2.09,1.64,1.64,0.0
9898,7.04,5.87,58.49,16.59,4.66,3.38,0.01,2.64,2.73,1.09
9899,5.72,6.13,60.68,70.36,2.9,0.58,2.34,3.26,0.87,0.0
9900,3.84,2.69,60.18,2.14,3.43,3.04,2.73,3.11,3.65,0.29
9901,5.29,8.14,29.34,80.04,0.86,0.71,2.6,0.71,5.11,0.1
9902,1.42,4.11,20.29,57.14,1.54,3.49,1.97,3.09,2.52,1.55
9903,6.51,5.19,55.16,80.04,3.46,2.45,2.58,3.83,1.3,0.0
9904,3.5,3.36,55.96,69.86,3.79,4.53,1.26,2.66,0.63,1.36
9905,4.37,4.31,41.21,100.0,2.94,0.8,1.48,3.43,2.17,0.0
9906,4.4,3.41,54.0,25.98,4.64,3.81,1.22,4.31,2.18,0.18
9907,6.25,4.56,29.91,39.94,2.25,1.09,0.35,3.11,1.15,1.6
9908,7.29,0.0,33.84,49.9,5.16,2.45,1.9,0.0,2.02,1.01
9909,6.53,3.7,72.18,63.09,4.02,2.24,0.19,2.21,1.43,0.17
9910,6.66,3.34,32.33,57.59,3.42,0.14,0.45,1.28,0.0,0.0
9911,6.03,4.63,32.41,79.75,4.36,0.59,0.0,2.91,1.08,1.48
9912,7.22,3.17,51.17,27.65,4.23,2.83,3.52,2.52,3.22,1.77
9913,6.56,5.53,37.94,55.36,4.76,2.94,4.91,1.12,1.5,2.46
9914,5.77,2.72,59.25,62.32,1.35,2.23,1.89,2.05,1.56,2.51
9915,1.37,4.48,37.22,81.83,2.99,2.6,0.98,0.0,1.15,0.55
9916,6.26,3.48,42.89,24.11,2.95,2.43,1.4,4.57,0.7,0.0
9917,6.98,5.31,40.6,78.48,2.12,3.91,1.56,3.02,3.95,0.0
9918,4.02,1.41,56.67,0.0,5.88,2.12,0.61,0.6,2.24,1.6
9919,1.66,3.47,37.36,52.74,3.63,3.68,1.81,1.95,2.41,1.12
9920,4.82,1.4,24.88,48.42,2.87,1.69,0.0,1.69,0.0,1.6
9921,2.65,2.78,34.19,39.25,3.82,2.69,0.0,2.19,0.89,0.79
9922,4.13,1.88,62.23,73.23,3.48,0.8,0.0,3.03,0.33,1.7
9923,1.9,1.02,46.93,68.38,4.68,1.05,3.19,4.08,1.24,0.71
9924,14.32,5.53,29.18,68.27,6.6,2.99,2.13,4.31,2.65,1.21
9925,5.97,5.9,63.64,38.45,2.54,0.0,2.72,0.53,2.49,2.86
9926,1.11,2.66,45.38,55.88,1.54,4.94,1.82,2.12,0.65,2.89
9927,8.46,2.29,45.32,57.52,1.61,0.43,0.06,0.0,0.0,0.51
9928,7.67,7.14,47.08,74.52,5.0,2.02,2.92,1.57,0.81,2.01
9929,7.66,8.02,25.3,67.25,5.54,0.62,2.18,2.3,0.0,2.38
9930,5.92,7.61,66.55,50.54,1.99,0.31,1.94,3.86,0.37,0.39
9931,5.79,5.27,64.65,47.4,1.85,4.46,3.29,1.34,4.01,0.02
9932,4.15,3.39,26.57,40.93,5.65,0.73,1.23,0.25,0.46,0.52
9933,2.42,5.38,63.22,36.29,2.51,3.63,1.49,2.12,0.0,0.87
9934,4.39,2.81,49.66,58.43,3.25,0.0,0.08,0.52,3.83,1.1
9935,1.82,3.16,22.74,48.02,1.88,0.77,0.12,3.19,1.6,0.88
9936,8.04,1.78,45.92,71.84,5.18,2.88,0.59,1.7,1.37,1.55
9937,6.33,4.62,42.2,56.33,5.1,3.06,1.98,2.25,3.22,0.78
9938,7.02,1.78,52.02,42.76,0.94,2.2,0.0,0.83,0.11,0.9
9939,6.01,0.94,51.45,68.1,3.82,1.21,2.17,4.62,1.04,0.51
9940,2.48,3.1,57.66,74.48,4.91,2.02,0.11,1.37,0.84,0.0
9941,0.5,3.79,66.27,26.69,4.11,2.93,0.26,0.5,0.39,0.0
9942,7.85,4.14,36.18,76.99,4.4,2.45,1.69,1.56,0.0,1.27
9943,10.79,4.55,15.24,100.0,2.22,2.24,2.86,1.69,1.89,1.89
9944,1.74,2.72,50.0,69.76,5.44,2.36,0.99,0.0,2.19,0.04
9945,3.34,3.15,44.12,42.2,4.5,4.01,1.27,2.22,3.85,1.21
9946,0.5,2.55,21.01,42.27,3.78,1.44,1.5,2.7,0.19,1.13
9947,2.83,4.48,41.71,90.53,4.59,5.33,0.0,2.94,2.6,0.0
9948,6.6,1.46,53.68,67.12,4.38,0.0,1.43,3.01,1.82,1.51
9949,5.49,5.28,65.12,71.56,5.27,0.71,0.11,0.17,1.27,2.32
9950,12.39,2.91,46.66,66.93,6.52,3.78,2.06,3.22,3.03,1.25
9951,6.32,1.88,40.97,43.59,3.56,0.63,2.01,1.91,3.58,0.96
9952,0.5,1.4,38.41,100.0,3.03,2.96,1.51,2.44,1.74,1.58
9953,5.97,2.87,56.12,41.88,4.04,2.9,2.86,2.01,3.42,0.5
9954,4.91,5.56,42.93,42.39,2.56,2.21,0.0,1.35,3.45,1.65
9955,0.63,4.57,58.95,19.34,6.04,1.12,0.53,0.44,2.04,0.95
9956,10.14,3.81,43.98,99.38,3.46,3.08,3.11,2.62,0.25,0.0
9957,0.5,4.09,22.73,64.32,2.79,0.7,2.58,3.32,3.87,1.45
9958,8.52,4.25,40.94,51.5,2.23,1.84,0.0,0.71,0.18,1.86
9959,6.3,2.44,43.67,66.67,6.09,2.6,3.26,0.0,1.49,1.19
9960,1.29,2.74,57.74,48.33,3.43,4.2,2.57,2.93,0.1,0.1
9961,5.43,3.92,42.02,76.35,5.87,1.92,1.77,2.39,2.22,0.79
9962,8.76,3.29,70.73,64.07,0.85,4.3,2.58,0.0,2.48,2.4
9963,1.3,1.92,37.29,16.73,0.61,1.39,1.0,1.95,0.86,0.23
9964,3.81,6.01,32.67,32.16,1.08,0.77,0.0,1.63,1.09,0.0
9965,6.5,4.85,18.17,67.03,4.34,4.8,1.28,0.95,1.53,0.0
9966,4.61,2.21,38.58,66.31,1.87,3.7,3.05,4.17,0.3,0.64
9967,1.92,8.16,43.94,51.45,2.12,1.26,0.44,2.31,4.25,0.5
9968,10.93,3.43,46.84,42.44,5.79,3.44,2.8,1.74,2.27,3.03
9969,5.94,4.41,56.59,54.1,0.18,0.82,0.79,2.67,2.19,2.08
9970,9.25,3.67,48.19,89.76,4.85,4.63,2.0,2.32,2.15,0.05
9971,7.86,4.69,33.81,71.13,0.0,0.0,1.82,3.2,4.49,2.21
9972,2.62,2.8,55.6,65.21,2.38,3.15,3.7,1.76,1.71,0.0
9973,7.57,3.81,36.39,46.2,1.6,2.94,0.16,3.61,0.73,0.83
9974,4.63,0.53,28.88,56.2,2.2,0.68,0.69,4.57,3.81,0.79
9975,10.6,4.56,48.91,8.1,1.64,2.91,3.68,0.71,1.38,1.19
9976,4.75,4.28,55.35,55.5,5.04,3.65,1.94,2.4,1.21,0.0
9977,1.88,3.31,53.13,79.11,2.39,0.0,1.89,2.52,0.27,0.26
9978,6.53,2.98,44.65,59.6,3.59,2.09,2.81,0.26,3.0,0.8
9979,2.5,3.25,59.61,44.26,3.51,1.54,1.61,2.17,1.37,0.51
9980,4.26,1.13,41.55,24.35,2.3,3.09,2.63,3.77,5.11,1.06
9981,0.5,5.82,63.68,46.4,3.16,1.48,1.35,0.37,2.93,0.93
9982,3.03,1.97,51.67,7.84,1.74,0.92,0.23,0.0,0.0,2.48
9983,5.15,2.03,40.16,53.9,1.96,1.23,1.36,0.68,1.69,0.0
9984,5.57,1.61,58.62,35.74,4.11,3.0,2.37,0.91,2.87,1.01
9985,4.97,0.69,58.1,89.8,2.83,3.25,0.0,2.96,1.88,0.97
9986,3.0,3.79,17.84,43.85,5.93,2.1,2.15,4.67,2.07,0.0
9987,3.14,2.91,51.27,61.06,3.04,1.78,2.46,3.5,4.56,0.97
9988,8.82,1.69,19.5,20.72,2.87,2.13,0.15,2.47,0.0,3.06
9989,6.82,7.16,54.99,55.3,2.83,0.0,0.71,2.05,0.05,0.77
9990,6.88,5.33,29.98,72.93,1.99,2.92,0.84,1.6,0.91,1.39
9991,5.5,4.76,55.26,52.33,0.0,5.78,2.88,2.63,2.87,2.33
9992,2.88,1.24,45.14,46.14,1.7,2.55,1.92,0.74,2.83,1.74
9993,8.63,3.23,40.24,64.05,0.21,0.23,0.25,1.07,4.88,3.73
9994,8.67,5.05,48.01,43.16,2.36,0.5,0.97,4.02,0.0,3.38
9995,3.87,4.6,34.3,55.72,3.05,2.77,1.69,2.86,3.78,2.82
9996,7.31,3.39,49.42,67.94,1.64,1.57,1.03,5.49,2.75,0.92
9997,9.81,3.82,52.03,52.71,3.77,4.4,2.16,2.14,0.0,0.0
9998,7.24,4.27,48.04,87.29,0.25,2.48,1.0,0.92,2.23,0.21
9999,5.96,1.53,48.83,63.97,2.61,3.81,2.07,0.06,3.34,0.74
10000,10.99,5.25,27.24,68.12,3.23,1.6,0.75,3.41,1.57,0.85
10001,5.52,3.29,59.17,24.34,2.67,0.42,0.51,0.58,1.57,1.56
10002,11.82,1.8,78.94,48.06,2.27,0.88,0.96,0.96,5.71,1.68
10003,1.95,4.55,58.58,57.61,1.75,0.47,2.67,0.6,1.35,0.1
10004,7.14,3.75,48.65,48.29,2.43,4.73,3.44,1.68,1.2,0.76
10005,8.44,1.94,57.36,25.68,5.01,2.78,2.81,0.77,3.7,0.32
10006,5.98,5.92,49.56,56.49,4.34,4.1,0.28,0.33,0.74,1.18
10007,4.99,8.16,47.29,53.79,3.18,1.54,2.41,4.02,2.5,1.17
10008,9.01,2.4,38.02,50.27,0.4,1.43,1.58,2.24,4.43,1.36
10009,0.98,3.74,42.01,74.14,2.33,2.43,2.67,3.04,1.96,0.0
10010,6.56,4.27,43.88,70.05,3.32,3.23,3.08,3.56,3.36,1.58
10011,5.6,4.99,54.9,40.53,2.14,1.43,0.65,1.05,2.02,0.37
10012,8.26,0.0,54.29,98.31,4.37,4.69,1.54,0.0,3.27,0.27
10013,4.76,0.03,66.19,68.73,2.31,1.36,0.73,0.49,1.59,1.17
10014,10.08,3.47,32.53,68.78,2.52,2.91,1.18,1.51,2.44,1.45
10015,8.91,2.49,36.1,72.43,3.94,1.74,1.75,1.78,2.77,1.25
10016,6.55,2.6,62.4,35.27,3.04,4.09,3.0,0.0,0.97,0.0
10017,5.88,4.33,54.06,56.51,4.01,2.86,3.05,3.05,2.13,1.35
10018,9.61,0.51,21.83,33.53,3.76,4.64,0.29,1.11,1.29,1.54
10019,8.11,7.97,28.84,19.92,3.26,1.65,0.0,3.41,1.11,0.44
10020,7.36,4.2,67.71,85.57,4.89,1.15,1.5,3.42,2.02,1.16
10021,4.14,4.61,33.37,73.0,5.68,2.22,2.08,0.55,1.63,0.62
10022,9.62,4.4,51.53,40.74,4.47,2.23,0.8,0.0,0.0,1.01
10023,4.7,4.04,31.87,35.33,5.07,4.39,2.66,2.77,1.53,0.78
10024,9.04,4.65,56.03,86.76,3.7,2.23,2.76,1.96,1.68,0.38
10025,6.54,7.37,53.82,43.11,3.29,1.04,0.0,2.86,0.6,0.0
10026,2.57,4.2,27.34,76.07,2.82,3.74,3.16,3.69,0.0,1.46
10027,6.35,3.85,47.68,67.45,2.36,0.04,1.53,2.05,1.89,0.0
10028,4.68,5.68,39.91,62.44,3.96,2.52,1.53,1.15,0.03,0.15
10029,6.94,1.66,49.91,28.21,3.22,0.0,0.17,0.78,4.46,1.24
10030,9.8,6.42,26.84,51.43,3.58,0.36,2.17,0.95,0.0,1.2
10031,5.57,6.92,34.4,73.07,1.5,0.08,0.99,2.77,0.87,1.83
10032,11.75,3.02,28.9,49.66,2.99,0.0,0.0,1.49,2.87,2.56
10033,2.65,2.13,63.46,38.99,1.53,0.0,0.71,0.0,1.19,1.59
10034,6.96,4.09,55.05,58.66,4.31,2.68,2.74,1.56,3.04,0.64
10035,8.42,4.08,43.91,74.21,4.14,0.0,0.06,3.75,2.53,1.16
10036,8.32,5.36,30.94,23.71,5.1,3.58,2.16,2.65,5.86,2.07
10037,7.59,1.59,46.75,57.51,4.38,5.08,2.88,2.65,1.91,0.21
10038,5.31,3.78,67.64,60.0,3.53,1.05,2.5,3.47,1.53,0.0
10039,3.13,6.64,43.6,53.91,1.81,2.48,0.77,1.74,4.28,1.71
10040,6.07,4.89,32.55,30.44,1.79,0.48,0.17,1.18,2.85,0.0
10041,8.53,3.97,65.24,54.97,4.19,4.05,2.14,0.5,2.03,2.08
10042,7.79,3.85,32.48,38.79,5.7,1.31,1.65,3.76,2.1,0.58
10043,4.1,4.3,27.93,51.86,2.68,3.63,1.96,1.57,1.95,1.33
10044,9.05,1.75,31.83,82.1,3.89,3.87,1.92,0.22,1.07,1.32
10045,4.76,4.87,62.48,80.75,2.17,0.0,2.21,1.06,0.0,0.9
10046,7.07,0.08,37.56,40.6,2.96,1.29,0.0,0.0,0.0,0.0
10047,3.16,2.09,58.3,41.98,2.87,1.78,1.9,3.54,0.0,0.84
10048,2.9,6.74,57.43,78.58,4.57,1.95,0.76,0.79,3.89,0.96
10049,2.66,3.03,39.27,11.66,1.05,0.0,0.0,1.88,0.86,3.34
10050,6.99,4.79,30.91,36.76,3.28,4.48,2.52,0.09,1.02,0.26
10051,7.43,3.28,61.57,28.98,3.63,1.28,0.79,3.85,0.64,0.65
10052,10.47,4.42,64.36,43.18,6.15,2.33,1.8,1.23,1.28,1.63
10053,7.33,3.1,59.71,59.03,6.85,3.42,1.74,3.01,3.58,0.56
10054,3.56,3.36,13.48,58.46,3.65,1.91,2.34,3.92,1.61,0.77
10055,6.9,1.77,43.02,45.63,1.92,2.49,2.35,3.2,1.04,1.28
10056,7.67,3.17,54.25,65.06,4.58,1.85,3.77,2.24,2.02,0.92
10057,8.38,4.08,18.12,88.24,4.72,2.26,2.13,0.0,1.48,0.58
10058,9.9,5.38,29.9,57.85,5.2,3.59,2.92,0.77,1.18,0.0
10059,4.34,3.17,24.19,33.65,3.96,1.39,3.43,0.82,3.3,0.61
10060,5.12,4.05,53.7,65.37,3.14,1.25,0.0,1.44,1.64,0.0
10061,3.07,3.12,59.52,67.41,3.54,3.44,0.0,0.61,2.1,1.19
10062,6.38,5.28,40.5,46.54,3.48,2.7,3.08,2.46,0.7,2.15
10063,5.1,9.04,42.74,2.65,4.06,1.35,1.16,2.35,1.61,1.41
10064,3.7,6.47,19.86,31.19,7.0,1.25,2.51,5.4,2.14,0.74
10065,7.34,7.55,45.77,47.13,4.25,0.79,0.0,0.86,1.4,0.0
10066,0.79,3.76,53.57,33.15,5.35,4.47,2.58,0.64,2.98,0.91
10067,7.59,3.42,21.14,65.06,4.26,2.75,2.14,0.52,0.0,0.55
10068,6.77,1.26,53.68,80.87,5.56,1.14,2.6,0.67,3.8,0.0
10069,1.08,3.77,35.01,47.81,4.01,4.06,2.34,2.31,1.76,0.0
10070,0.74,7.96,27.62,69.17,5.29,0.4,0.0,4.37,2.72,0.83
10071,9.31,3.19,31.25,50.32,0.2,4.96,0.15,0.0,0.0,1.43
10072,4.05,4.1,22.13,81.13,6.43,3.17,1.95,2.51,2.03,0.15
10073,7.5,5.51,64.84,100.0,4.36,1.76,0.73,2.9,3.23,0.28
10074,3.58,4.38,32.34,63.06,3.8,2.41,2.11,0.15,0.67,0.0
10075,7.17,5.41,59.14,90.85,4.21,1.32,2.52,1.55,3.49,0.52
10076,7.36,3.81,54.77,39.91,2.45,0.21,0.0,2.39,0.0,0.23
10077,3.57,5.53,24.05,40.93,3.74,2.41,0.0,2.11,1.63,0.23
10078,5.27,3.85,31.44,73.9,2.86,2.53,0.0,4.24,0.0,0.76
10079,9.22,3.99,25.92,42.27,1.2,2.91,1.4,1.24,2.03,1.25
10080,1.38,2.83,42.26,68.31,3.12,1.66,1.95,5.86,0.0,1.11
10081,9.16,5.87,44.45,73.09,0.57,4.52,2.13,4.62,2.21,1.36
10082,3.92,3.94,48.57,46.41,2.58,1.95,1.41,2.47,0.97,0.16
10083,3.71,7.57,59.9,58.95,5.0,3.19,2.38,2.3,0.53,0.0
10084,10.02,4.12,53.6,58.41,3.0,0.27,2.48,0.0,0.4,0.49
10085,3.81,0.62,46.98,34.45,1.18,4.93,0.54,0.7,3.03,1.24
10086,7.0,4.95,28.72,42.85,3.76,1.6,0.0,2.52,0.64,0.36
10087,4.32,2.13,46.07,58.34,4.25,0.0,0.87,5.41,0.67,0.33
10088,6.69,6.11,24.83,100.0,3.43,1.75,2.53,2.56,0.92,0.82
10089,10.18,1.63,14.14,49.31,3.22,0.98,3.76,0.7,2.92,2.42
10090,3.96,3.57,50.76,57.54,4.21,0.61,2.69,4.07,0.0,1.39
10091,4.88,5.01,64.29,37.68,1.98,0.0,0.23,1.61,1.51,0.67
10092,5.3,4.8,32.39,1.66,2.66,4.52,0.68,2.25,3.36,1.88
10093,5.02,4.73,32.59,61.09,0.34,1.12,0.71,5.3,1.18,0.91
10094,4.99,5.04,45.36,73.71,1.18,5.14,1.15,2.38,2.29,0.0
10095,5.1,6.84,43.07,92.26,0.37,4.14,0.02,2.42,3.21,0.0
10096,5.22,5.58,44.07,64.79,4.55,0.78,0.57,5.46,3.51,0.49
10097,5.17,1.45,37.95,58.91,3.83,2.95,3.33,2.33,2.96,2.01
10098,2.44,5.26,79.46,51.33,2.64,3.0,2.85,3.83,2.32,0.0
10099,5.97,4.03,70.59,51.44,2.96,1.7,4.1,2.6,0.7,1.12
10100,5.36,4.26,40.58,64.31,2.81,4.21,0.0,1.66,0.0,0.0
10101,13.72,3.35,45.22,62.43,3.81,3.88,1.73,0.0,3.92,0.07
10102,9.1,5.23,34.32,49.56,3.17,1.45,2.11,2.69,2.0,0.6
10103,11.68,2.39,65.94,15.2,2.77,0.36,1.77,0.0,3.23,1.67
10104,7.5,2.2,35.72,69.44,7.0,2.09,0.86,2.28,4.59,0.76
10105,5.43,5.53,44.47,43.77,5.27,2.38,1.24,3.14,4.71,0.0
10106,7.66,3.3,40.88,56.86,3.93,0.0,3.08,2.56,1.6,1.36
10107,9.01,3.87,54.23,70.7,3.24,2.21,0.34,2.36,0.0,0.0
10108,3.3,1.98,54.54,70.75,3.57,1.59,1.5,2.81,0.07,0.0
10109,0.93,3.95,56.72,59.23,7.46,4.83,2.2,3.82,1.62,0.0
10110,6.25,0.14,41.73,61.99,0.86,2.74,1.95,0.0,0.0,1.47
10111,2.47,4.95,51.23,38.49,4.84,1.33,1.5,0.91,1.64,0.8
10112,7.23,4.02,43.2,68.26,4.83,2.84,2.8,2.49,0.82,0.28
10113,7.28,2.66,27.12,46.69,2.67,2.16,1.79,2.88,2.92,1.17
10114,4.23,3.97,30.59,20.06,1.55,1.98,0.0,4.27,3.45,1.57
10115,5.8,4.17,43.62,27.95,4.47,2.68,2.04,3.4,4.77,0.61
10116,8.14,2.16,46.59,62.39,2.71,2.58,0.76,1.87,1.02,0.0
10117,1.55,2.4,66.74,77.07,2.07,3.45,0.0,1.7,1.18,1.08
10118,2.35,2.12,34.96,32.91,5.17,1.74,1.37,1.99,4.1,0.0
10119,6.07,2.69,58.89,64.07,4.29,4.04,4.52,2.29,0.56,1.74
10120,7.17,2.84,47.64,81.09,4.08,1.29,1.47,0.25,2.1,0.05
10121,1.31,4.46,54.77,24.34,3.54,0.95,0.0,3.34,0.6,1.67
10122,6.09,2.54,43.27,26.33,4.49,0.86,0.66,2.34,0.0,0.54
10123,8.0,2.82,68.22,52.93,3.54,0.7,1.39,1.85,4.57,0.0
10124,4.14,7.8,52.76,36.12,4.82,2.21,3.66,0.0,1.16,0.03
10125,4.24,3.62,37.36,42.1,3.55,2.65,2.02,1.71,3.39,1.61
10126,4.49,3.56,30.07,20.08,4.19,0.59,0.0,2.07,2.46,1.09
10127,3.06,2.83,66.3,27.47,3.33,2.72,1.15,2.23,3.08,1.43
10128,11.43,2.79,44.42,84.51,3.46,0.0,2.07,3.06,0.26,1.05
10129,9.91,6.58,46.16,51.32,4.57,2.55,2.58,2.43,0.2,0.73
10130,12.63,0.0,48.16,87.67,2.81,2.51,2.56,0.56,0.5,1.97
10131,3.48,5.02,30.49,84.55,1.76,1.19,0.2,3.49,1.09,0.0
10132,6.92,2.06,32.06,64.71,4.7,0.86,1.7,3.14,2.42,0.34
10133,12.56,3.2,62.27,39.43,3.85,0.8,2.38,3.06,1.08,0.76
10134,8.99,3.07,30.68,64.67,6.71,1.25,2.25,3.48,0.64,0.57
10135,8.6,5.14,35.64,73.23,4.66,0.0,1.21,2.88,0.0,0.0
10136,9.62,1.43,32.82,66.27,3.03,2.96,0.44,0.72,1.12,2.99
10137,5.8,5.28,53.57,84.39,5.52,0.0,2.28,0.61,3.44,0.01
10138,0.5,0.06,28.3,59.8,4.1,0.51,0.0,1.83,4.22,0.73
10139,2.62,2.62,65.76,70.39,0.72,1.33,1.36,0.62,0.42,0.0
10140,0.5,3.62,56.49,55.94,5.02,2.26,3.35,4.21,0.0,0.89
10141,5.72,4.45,25.9,62.39,5.48,2.42,2.56,1.82,2.38,1.37
10142,6.77,6.01,56.82,39.96,3.9,0.0,1.45,4.93,0.0,0.74
10143,2.46,0.0,20.99,56.78,5.28,4.2,2.38,0.0,2.9,1.47
10144,6.88,4.78,69.6,54.52,3.14,2.82,0.45,2.9,2.43,0.65
10145,6.91,3.79,69.8,61.17,3.53,0.46,1.77,0.58,1.35,0.0
10146,7.04,1.6,37.51,46.54,2.7,2.5,1.31,2.48,1.91,2.36
10147,8.23,4.96,53.53,28.35,5.44,4.49,1.85,0.41,1.94,1.03
10148,5.39,3.47,53.06,52.21,4.18,0.0,1.15,1.98,1.7,0.81
10149,7.77,4.88,66.25,54.08,3.46,0.14,1.05,2.87,1.55,0.0
10150,10.3,3.98,55.53,44.0,4.07,3.3,1.89,1.0,2.4,1.63
10151,6.21,2.09,29.91,61.07,3.96,0.08,0.79,3.19,1.86,3.19
10152,6.79,7.91,56.94,76.62,3.22,1.41,2.05,4.78,0.35,0.38
10153,3.55,1.63,30.26,59.65,2.63,2.84,2.41,0.06,2.88,1.11
10154,13.82,5.15,42.0,48.72,3.35,2.3,1.69,0.0,4.5,1.41
10155,3.77,3.43,31.8,85.46,5.22,0.0,1.18,2.34,3.3,1.69
10156,9.26,7.36,16.34,82.42,3.9,0.89,2.08,0.26,2.63,1.29
10157,5.96,4.32,52.46,50.46,2.37,1.43,0.37,1.38,5.87,0.0
10158,4.84,5.47,22.67,54.82,4.69,2.66,2.84,3.17,1.32,0.0
10159,5.84,1.97,36.51,47.09,3.17,0.71,0.87,1.27,5.11,0.89
10160,2.85,2.48,56.24,72.21,3.54,3.68,2.82,1.09,0.96,1.26
10161,0.5,4.16,60.1,48.87,5.06,2.38,1.03,1.91,2.69,0.0
10162,3.46,3.69,47.47,64.34,0.0,2.8,0.57,0.0,2.61,0.21
10163,11.75,5.49,52.71,62.36,3.37,2.2,0.08,2.87,1.59,0.0
10164,7.93,3.24,45.97,47.24,0.93,2.92,1.94,0.0,1.25,1.03
10165,6.05,2.3,57.87,6.55,5.38,0.0,0.32,0.0,3.56,2.42
10166,7.42,4.06,54.38,36.99,7.54,5.26,1.72,0.68,2.42,1.52
10167,7.79,7.07,55.72,66.67,4.79,3.42,3.39,1.02,1.86,0.6
10168,7.7,0.98,46.97,64.87,0.87,5.36,0.59,3.88,3.06,1.84
10169,6.9,2.6,63.63,63.75,3.23,4.6,0.37,1.25,3.21,1.85
10170,4.27,3.45,57.39,54.77,4.3,0.26,0.0,2.64,1.82,0.0
10171,6.63,2.26,44.3,53.46,3.04,4.79,1.09,2.68,1.51,1.5
10172,6.36,3.14,15.68,6.89,3.86,2.38,0.85,1.12,1.19,1.5
10173,4.5,3.46,50.3,55.89,2.38,2.69,3.5,2.81,3.94,1.4
10174,1.99,0.62,43.27,48.94,2.73,1.98,2.5,1.93,0.0,2.01
10175,5.44,4.23,39.77,47.75,5.14,2.47,2.03,2.87,2.62,0.0
10176,10.0,0.15,60.58,52.36,4.54,1.45,1.53,3.45,2.18,0.99
10177,7.83,1.52,46.95,66.63,5.86,1.89,3.47,0.0,3.48,1.48
10178,8.1,2.84,41.52,56.33,2.76,0.98,1.05,2.17,3.76,3.17
10179,8.51,3.5,34.93,48.33,3.62,0.0,1.56,2.8,0.91,1.03
10180,4.75,5.96,43.62,38.35,2.05,1.81,2.84,2.79,1.27,1.48
10181,5.64,6.05,54.82,56.42,4.07,2.98,1.92,2.78,2.2,0.53
10182,6.35,9.6,54.45,57.78,0.39,1.84,2.16,3.65,0.0,0.3
10183,4.8,3.99,50.66,94.54,2.24,2.17,0.6,2.92,3.87,0.0
10184,14.89,8.37,54.76,54.23,1.79,2.8,2.19,0.0,1.35,1.06
10185,4.83,6.26,66.93,66.82,3.77,2.4,2.57,1.04,5.67,2.09
10186,8.51,2.79,44.51,36.45,6.38,2.03,3.32,0.0,1.73,0.02
10187,1.3,4.42,85.29,44.92,5.21,2.63,1.81,4.52,4.07,1.0
10188,5.7,3.2,37.92,57.63,3.14,4.59,0.36,1.48,3.14,1.32
10189,8.06,6.56,71.27,25.71,1.6,0.0,0.21,5.13,0.0,1.76
10190,2.07,3.78,70.64,59.44,4.04,1.98,3.53,0.65,2.62,0.51
10191,9.2,2.28,57.43,43.7,2.38,1.72,1.66,2.75,1.87,1.28
10192,5.51,2.2,38.16,16.04,4.79,4.02,1.93,2.69,1.32,0.75
10193,5.25,3.3,61.87,52.34,5.29,2.63,4.52,1.49,1.02,1.12
10194,4.34,3.7,76.08,33.96,4.96,2.01,0.0,0.39,0.61,0.0
10195,5.65,3.46,33.17,71.32,5.71,0.32,2.51,1.08,2.27,0.27
10196,3.54,4.56,37.53,41.89,3.18,3.33,2.57,0.35,3.24,2.02
10197,4.67,1.83,6.03,49.76,4.84,2.2,1.88,2.07,2.79,0.7
10198,6.52,0.17,39.74,10.05,3.95,2.35,2.2,2.13,4.15,0.47
10199,5.55,1.17,34.65,9.55,4.82,1.57,1.77,3.4,0.0,0.92
10200,5.9,2.03,25.19,15.66,2.34,0.75,0.62,1.27,0.0,0.0
10201,7.05,5.27,28.71,78.42,0.0,2.04,0.0,4.14,0.0,0.92
10202,6.09,5.62,42.22,49.32,1.3,2.04,2.52,1.2,0.02,0.0
10203,4.41,5.79,42.84,43.72,4.64,2.78,0.11,2.38,0.95,1.5
10204,4.59,4.14,65.54,76.05,4.52,3.11,2.44,1.0,2.75,0.64
10205,8.4,4.63,49.39,37.43,3.14,2.18,2.83,1.08,0.0,1.44
10206,11.95,4.17,42.43,46.57,3.7,1.33,2.51,3.59,1.5,0.0
10207,4.27,1.61,26.45,98.71,4.28,0.07,1.94,0.94,1.48,0.93
10208,3.49,5.38,43.69,46.32,4.46,3.74,2.36,1.14,2.19,0.29
10209,5.68,3.32,53.55,41.29,4.9,3.18,1.69,0.0,3.85,1.24
10210,2.66,2.17,32.51,35.94,3.47,2.42,0.9,0.34,1.91,1.8
10211,2.47,1.07,49.55,68.29,1.87,4.34,0.62,0.3,2.71,1.65
10212,7.27,3.57,36.04,52.59,3.96,3.45,0.27,0.81,1.93,0.8
10213,9.22,2.26,54.46,78.45,3.74,2.11,3.1,3.39,0.43,1.77
10214,5.95,6.75,67.2,82.28,2.96,5.26,1.9,2.42,0.28,0.86
10215,4.04,3.06,17.35,61.22,4.13,3.51,1.08,3.82,1.22,2.05
10216,6.76,5.09,52.37,67.71,2.63,0.48,0.42,1.73,3.13,0.95
10217,5.76,2.77,61.11,27.25,1.37,3.47,1.66,0.76,2.04,0.0
10218,5.47,3.38,61.46,67.41,2.41,3.4,2.57,2.09,3.26,1.66
10219,5.2,4.75,21.17,48.39,2.03,0.0,0.0,2.26,2.1,1.83
10220,3.63,5.59,20.65,68.38,4.12,4.05,2.01,2.87,1.66,2.31
10221,4.57,2.17,18.2,2.41,3.91,1.76,0.75,0.0,0.42,1.57
10222,2.13,5.76,32.98,69.43,4.8,0.0,0.59,2.73,1.31,0.73
10223,8.85,3.95,63.84,58.51,5.16,2.45,2.55,0.26,0.89,0.11
10224,3.98,0.39,61.69,55.88,1.73,2.35,0.26,0.0,2.1,1.89
10225,1.77,6.03,45.51,53.63,5.35,0.4,1.59,0.01,3.9,0.08
10226,2.92,1.2,50.81,26.6,4.56,2.13,0.45,3.5,2.65,0.36
10227,8.7,4.31,55.97,100.0,2.97,1.32,0.94,3.53,4.68,0.0
10228,1.6,1.15,41.75,37.64,2.81,0.0,0.87,4.77,2.45,0.97
10229,7.1,3.98,28.9,33.39,4.6,3.88,0.08,1.93,0.0,1.73
10230,4.51,3.84,76.93,61.54,5.24,3.7,2.69,1.39,0.54,0.36
10231,9.18,2.16,46.54,50.29,3.29,0.0,1.08,0.92,4.55,1.85
10232,8.35,1.82,24.6,75.34,5.29,2.59,1.6,2.81,1.19,0.78
10233,1.02,3.95,39.65,53.76,3.15,1.41,0.29,2.9,3.51,0.94
10234,7.59,6.6,51.34,34.49,5.21,3.62,1.5,2.77,0.97,0.0
10235,5.57,2.11,34.23,64.53,2.39,0.82,2.15,4.75,4.82,2.24
10236,1.69,2.0,86.4,47.05,3.46,3.75,1.97,1.45,4.5,1.42
10237,2.57,7.01,41.19,55.87,1.61,3.82,0.91,1.31,0.18,0.0
10238,5.9,2.26,38.3,93.15,5.44,2.44,3.03,1.71,3.68,0.7
10239,2.2,4.78,35.2,59.7,4.16,0.78,1.09,0.0,2.75,0.12
10240,6.05,3.76,39.56,56.32,1.54,3.59,0.95,4.58,0.01,0.93
10241,10.24,3.25,9.01,29.27,2.2,5.0,3.6,5.28,1.0,0.77
10242,6.55,5.44,68.52,55.45,3.63,0.0,0.55,0.87,2.32,1.67
10243,12.14,4.13,60.68,82.7,3.38,1.78,0.0,3.08,0.59,1.74
10244,8.17,6.85,16.0,75.15,3.6,0.1,2.99,1.57,0.0,0.0
10245,7.45,4.33,38.21,28.83,4.75,2.75,3.13,0.35,0.55,0.11
10246,4.56,3.7,62.06,43.18,3.77,0.28,0.86,2.08,2.09,0.55
10247,2.57,4.96,62.89,90.84,2.87,1.85,0.96,2.03,3.03,0.32
10248,7.78,5.5,52.92,40.92,4.47,1.73,1.1,6.15,2.87,0.51
10249,4.94,2.02,43.5,34.37,1.44,4.01,1.63,1.1,1.08,2.18
10250,3.94,4.74,48.0,41.74,5.89,2.85,3.63,4.58,3.49,0.43
10251,6.51,0.54,24.24,19.18,5.24,0.0,0.0,2.42,1.51,1.08
10252,7.38,4.02,65.06,31.31,2.43,0.77,0.76,1.25,2.29,1.46
10253,3.98,1.47,53.09,52.67,3.97,3.1,4.29,1.07,5.21,0.47
10254,2.14,4.52,42.14,32.72,4.79,1.84,0.18,0.49,2.63,0.57
10255,9.58,2.7,65.14,62.95,3.65,0.0,2.17,4.54,0.57,0.0
10256,4.72,1.67,59.77,33.71,3.27,2.57,0.65,2.44,1.53,1.08
10257,4.07,2.31,51.86,44.04,6.08,1.21,1.89,0.0,0.22,1.66
10258,5.9,3.83,41.29,36.94,2.39,2.8,3.14,3.01,2.15,0.0
10259,3.85,4.86,26.8,27.03,3.65,2.27,1.54,3.87,3.28,0.0
10260,8.12,2.99,49.71,24.09,4.87,2.9,2.11,2.13,2.31,2.46
10261,9.17,5.84,23.71,34.31,2.84,2.44,1.54,3.66,2.81,1.77
10262,8.61,1.52,64.18,72.27,2.34,2.98,2.99,0.0,2.51,0.79
10263,4.95,6.5,31.26,50.16,5.67,1.58,0.0,1.2,0.89,0.11
10264,3.93,1.2,58.97,49.62,3.96,1.87,2.05,0.78,1.63,0.0
10265,7.07,4.96,33.7,57.27,5.62,3.35,2.3,2.81,1.59,2.4
10266,6.47,5.14,58.73,54.73,3.23,1.15,0.9,0.92,1.99,0.94
10267,0.5,2.65,57.57,79.61,1.71,0.48,0.0,3.77,0.48,1.18
10268,9.61,3.89,44.88,36.21,2.87,1.23,1.1,2.77,0.42,3.03
10269,3.66,7.12,36.55,67.09,4.64,1.51,1.74,3.36,0.41,0.43
10270,6.14,1.04,62.59,38.55,2.17,2.38,1.0,3.0,3.57,0.29
10271,4.24,7.12,35.06,39.76,3.47,2.48,0.33,1.86,0.0,0.9
10272,3.21,7.18,50.41,72.17,4.51,0.0,1.14,0.0,1.47,1.71
10273,12.33,2.64,64.46,80.73,5.27,3.39,1.85,0.41,2.36,0.0
10274,7.64,4.41,54.93,53.51,3.15,2.89,1.29,3.67,1.09,1.11
10275,4.32,0.87,45.26,37.25,4.49,5.28,0.33,0.12,0.0,0.46
10276,3.22,1.18,40.34,7.1,2.25,0.0,0.0,0.81,0.3,0.79
10277,9.1,4.22,42.95,21.15,4.21,2.57,0.2,2.43,0.5,0.0
10278,6.93,0.94,55.15,37.87,6.03,3.1,2.5,3.59,3.5,0.3
10279,4.37,4.17,36.98,19.72,3.75,1.42,1.79,2.26,1.37,0.0
10280,3.61,1.65,28.32,27.78,4.96,2.13,1.66,0.65,0.43,0.76
10281,5.2,3.6,31.64,66.96,3.47,2.65,1.31,0.51,3.57,0.78
10282,4.55,4.7,28.49,61.96,3.0,2.52,1.5,4.0,0.96,0.74
10283,3.91,0.0,39.1,57.76,2.7,1.29,0.0,2.75,3.39,1.34
10284,1.81,1.44,22.83,90.92,1.68,2.88,2.06,5.02,0.41,1.45
10285,5.02,3.57,25.53,49.76,3.54,2.02,1.18,4.91,3.11,0.31
10286,4.67,4.26,39.3,74.45,1.93,1.43,2.06,2.63,1.25,2.77
10287,8.09,6.26,18.24,50.36,5.17,2.3,2.43,1.98,3.08,0.43
10288,9.12,7.94,72.11,60.68,4.69,1.34,0.78,2.0,0.75,0.99
10289,5.43,4.99,46.93,68.44,5.39,0.73,1.87,0.0,0.39,0.39
10290,9.1,1.58,64.92,41.31,1.16,2.83,0.73,2.7,3.93,0.46
10291,3.99,5.37,68.51,39.7,3.46,2.3,1.45,4.63,1.35,0.0
10292,2.0,3.16,79.3,14.62,2.45,2.04,0.5,1.51,1.55,0.4
10293,7.89,1.67,52.12,82.37,2.53,4.14,2.76,1.29,2.59,1.22
10294,4.01,3.83,46.3,33.49,5.74,3.22,0.21,0.78,2.11,0.13
10295,5.19,3.04,63.51,69.87,4.63,3.48,0.74,0.32,2.78,0.22
10296,4.82,2.64,40.52,51.4,1.43,3.25,0.84,3.79,1.84,0.59
10297,10.52,2.75,62.61,64.21,2.04,3.8,1.17,3.44,0.87,2.9
10298,7.14,5.5,45.1,73.62,6.14,4.53,1.68,4.48,1.32,0.85
10299,9.09,2.86,42.97,72.77,1.57,3.09,2.65,1.83,3.78,0.0
10300,9.38,7.23,39.46,69.53,3.67,3.21,1.81,1.32,2.3,0.77
10301,9.11,1.31,38.51,57.2,1.61,2.33,0.0,2.68,2.13,0.35
10302,6.01,2.88,58.66,83.27,1.02,1.65,0.92,2.09,2.83,0.75
10303,7.83,4.54,53.81,92.31,2.5,5.32,0.97,0.69,4.67,0.5
10304,8.83,4.08,38.43,71.35,4.45,1.19,1.03,1.24,2.07,1.09
10305,3.01,2.96,48.14,13.83,5.07,1.89,1.76,0.0,2.51,1.35
10306,14.05,1.62,37.37,77.65,1.53,2.13,1.51,2.62,0.0,3.24
10307,10.94,2.65,63.47,43.15,2.99,4.35,2.02,2.02,1.29,0.0
10308,9.11,5.97,29.06,38.81,5.62,1.39,3.19,3.74,0.22,0.0
10309,6.42,3.35,48.22,54.99,5.78,4.54,3.65,1.07,2.45,2.13
10310,8.68,4.26,28.29,65.04,3.23,3.53,1.41,1.0,2.39,0.77
10311,4.14,4.78,41.98,12.05,3.72,1.69,1.62,0.3,1.04,0.22
10312,7.76,5.64,17.5,53.82,0.02,0.32,0.42,0.24,3.37,1.27
10313,4.91,0.39,46.07,76.74,2.57,1.75,1.27,0.0,3.26,0.0
10314,5.24,0.92,67.61,82.08,4.33,2.71,0.0,0.0,4.15,1.07
10315,6.14,2.88,60.53,59.92,1.74,3.46,1.88,0.92,2.02,0.53
10316,7.57,4.85,47.12,71.56,3.05,2.14,1.83,1.7,0.77,1.37
10317,4.32,5.5,62.3,35.86,0.3,1.52,0.9,2.61,2.66,0.0
10318,0.5,3.96,40.65,87.79,2.37,1.34,2.4,3.51,2.54,0.38
10319,10.41,4.03,49.17,80.08,4.42,0.1,4.83,2.07,3.67,1.1
10320,3.57,7.13,42.92,30.33,2.98,0.06,0.0,3.77,3.31,2.69
10321,5.8,5.31,31.41,68.18,1.69,2.7,0.0,0.0,5.46,1.12
10322,11.24,4.91,57.51,53.07,6.08,2.64,5.17,2.05,3.97,0.49
10323,2.68,4.27,10.19,43.1,1.21,2.24,1.95,0.75,2.33,1.6
10324,7.2,1.39,62.84,79.93,3.17,4.39,0.0,1.55,0.0,0.0
10325,2.09,4.49,34.87,52.16,3.93,1.44,0.98,2.95,0.0,0.4
10326,1.77,3.79,51.21,87.01,6.21,1.82,0.91,1.86,1.4,0.93
10327,10.84,6.12,75.35,55.0,2.47,2.52,1.9,2.75,1.08,0.4
10328,9.65,8.37,34.53,48.91,5.14,1.38,0.0,2.49,1.08,2.09
10329,1.25,2.29,32.33,61.77,1.57,1.83,0.56,3.0,1.59,0.83
10330,7.15,3.71,55.34,29.06,1.45,2.43,0.34,0.0,1.48,0.39
10331,8.02,1.55,45.45,79.67,3.25,0.5,1.4,1.0,0.7,0.68
10332,7.61,3.5,45.1,47.56,1.91,0.57,1.73,1.26,3.3,0.81
10333,9.65,4.52,6.39,75.19,2.15,2.99,0.39,1.95,0.63,1.43
10334,8.15,1.88,70.2,49.04,1.3,0.0,1.47,3.58,1.41,0.67
10335,3.05,4.02,32.03,53.39,3.5,3.28,0.42,0.0,0.0,0.28
10336,5.55,3.12,39.78,18.58,4.94,2.52,1.83,2.62,1.81,0.63
10337,5.79,4.9,51.77,61.37,3.59,1.16,1.35,2.88,0.66,0.72
10338,2.24,4.82,43.53,43.61,3.18,0.0,0.13,1.59,2.41,1.92
10339,1.7,4.54,40.11,57.0,3.45,2.09,2.62,0.51,1.65,0.28
10340,3.14,3.28,51.96,34.44,2.54,1.58,0.43,3.69,2.06,0.02
10341,1.1,3.81,45.16,79.38,6.38,2.76,1.81,2.6,1.27,0.92
10342,3.55,5.16,23.73,60.69,1.88,3.87,2.35,0.82,1.3,0.24
10343,7.31,1.93,69.26,36.84,4.5,5.05,3.32,0.0,1.67,0.0
10344,2.8,3.89,42.96,63.15,4.64,5.9,1.18,6.49,0.93,1.7
10345,11.7,2.46,26.75,63.19,2.9,2.88,1.12,0.69,3.49,2.38
10346,6.42,3.0,42.52,67.46,2.33,4.81,0.45,3.38,0.71,1.23
10347,3.85,5.93,21.78,67.15,6.13,1.93,4.04,4.12,3.15,0.83
10348,9.76,0.0,60.94,48.08,2.91,0.0,1.06,1.91,4.48,1.97
10349,4.87,4.81,36.95,49.72,3.18,4.21,0.42,0.39,2.26,2.19
10350,6.64,1.31,36.71,28.12,1.61,1.79,1.11,0.0,2.06,0.55
10351,4.93,1.74,64.09,45.22,6.08,2.31,0.64,1.65,0.0,1.45
10352,5.86,7.02,65.18,55.91,1.89,0.15,0.13,2.13,4.72,0.0
10353,9.61,6.14,54.4,57.02,3.37,1.15,1.88,0.06,0.0,0.0
10354,8.85,5.99,38.33,75.5,3.19,0.0,2.49,2.28,0.73,1.14
10355,6.51,5.2,38.83,50.63,0.95,3.38,0.64,1.92,3.15,1.77
10356,5.79,2.07,9.35,93.17,3.12,2.66,2.25,1.72,1.93,0.56
10357,2.65,4.33,28.92,77.72,1.88,3.0,0.87,2.34,2.47,1.21
10358,6.23,4.52,40.57,49.94,4.49,2.08,0.65,2.66,2.83,0.75
10359,6.82,3.56,45.33,55.89,3.42,1.71,0.28,0.66,0.91,0.31
10360,6.97,3.7,59.25,61.66,0.0,3.91,1.07,6.01,1.24,2.65
10361,6.18,6.35,32.29,70.1,1.92,2.6,1.29,3.01,0.0,0.0
10362,9.57,5.74,11.72,91.05,2.01,2.26,0.0,2.59,3.13,0.73
10363,7.73,4.3,47.52,85.95,3.87,2.48,0.44,1.79,0.24,1.45
10364,6.02,1.34,24.78,56.36,5.29,4.54,3.13,3.45,0.61,1.58
10365,2.35,4.14,40.54,62.59,4.84,1.98,0.78,5.35,2.79,2.21
10366,5.8,1.95,49.11,26.77,4.48,2.12,2.68,0.93,2.19,0.82
10367,2.42,8.54,46.89,33.62,3.34,0.39,1.42,3.62,1.62,0.66
10368,5.21,4.04,40.14,43.29,4.0,2.72,1.82,2.8,1.79,0.18
10369,1.51,3.29,12.5,50.26,2.89,3.67,1.79,2.46,5.78,1.14
10370,3.67,3.41,38.33,56.04,5.95,0.38,1.03,1.65,1.8,0.0
10371,8.77,5.62,55.05,44.78,0.11,2.05,1.25,4.63,1.23,2.11
10372,11.93,6.31,59.07,71.78,1.83,2.0,0.51,0.0,1.71,1.17
10373,5.57,3.09,49.09,27.44,1.54,3.12,0.0,2.1,1.32,0.59
10374,4.04,7.33,40.63,63.28,5.21,1.69,2.71,3.15,4.9,0.1
10375,3.32,3.12,41.66,74.44,1.31,1.85,1.93,4.25,1.63,0.85
10376,7.92,1.64,58.81,56.2,1.52,0.0,0.66,2.16,3.6,1.06
10377,9.4,6.57,36.95,70.05,4.38,0.43,0.48,0.0,1.34,1.34
10378,4.3,4.18,88.77,58.1,1.8,1.27,0.62,0.4,3.38,0.0
10379,7.94,0.68,34.03,73.5,4.14,4.29,1.86,3.0,2.17,3.36
10380,2.67,5.35,29.61,39.09,4.23,2.92,1.73,0.76,0.0,1.12
10381,8.29,3.79,41.73,56.78,3.8,2.21,0.88,0.97,3.0,0.13
10382,4.65,2.69,54.18,69.96,3.17,1.1,1.83,2.94,0.36,1.86
10383,11.07,1.53,52.0,51.06,2.24,3.68,1.93,0.0,0.67,0.27
10384,3.31,4.8,33.77,56.14,2.93,3.88,2.92,1.69,0.54,1.81
10385,8.65,2.97,51.76,77.43,3.8,4.2,0.55,0.0,3.18,1.2
10386,4.96,0.24,44.41,44.94,3.95,0.94,2.31,0.03,1.25,0.18
10387,2.11,7.09,48.58,48.96,3.07,3.32,1.96,2.71,0.14,0.0
10388,8.51,7.07,13.59,72.1,2.76,1.45,0.0,2.25,2.0,1.84
10389,3.6,5.89,40.79,21.85,4.57,1.05,0.93,2.52,0.92,1.4
10390,3.41,3.22,26.42,61.79,3.92,1.27,1.65,4.37,0.31,2.36
10391,4.77,6.68,60.65,72.78,2.64,0.18,1.14,2.0,2.11,0.07
10392,2.68,4.36,40.63,53.87,6.81,1.16,1.86,0.0,4.89,1.21
10393,4.79,5.66,64.88,42.72,1.47,3.33,2.52,3.72,3.5,0.8
10394,5.7,4.77,11.15,78.19,3.52,2.46,3.28,4.05,1.65,1.7
10395,7.22,3.59,44.51,53.27,3.65,3.1,1.78,3.85,0.0,1.64
10396,9.11,2.21,32.0,57.1,3.34,1.89,0.48,0.0,0.83,0.9
10397,9.65,6.53,56.75,52.78,0.01,3.5,2.54,0.38,0.0,0.88
10398,7.91,6.29,31.16,56.69,2.5,2.0,0.16,4.19,3.06,1.35
10399,9.22,2.26,50.86,69.89,2.66,1.92,0.76,5.05,0.19,0.5
10400,3.88,4.79,32.04,93.33,5.75,1.04,0.71,0.0,1.26,1.03
10401,3.37,4.86,53.22,90.98,2.17,0.83,0.06,2.3,0.0,0.0
10402,5.52,3.51,14.99,77.4,2.8,1.95,0.35,2.33,0.16,0.5
10403,13.28,2.42,33.96,18.49,1.48,4.44,0.0,0.5,0.0,0.04
10404,4.73,5.13,75.62,54.08,2.37,0.94,1.13,0.57,1.3,0.6
10405,8.0,6.43,4.25,52.91,3.51,0.84,2.99,3.32,4.34,0.0
10406,8.08,2.72,45.22,54.01,3.8,1.42,2.63,1.79,0.29,0.52
10407,8.7,3.48,69.18,26.76,3.96,2.79,2.84,4.16,1.08,1.54
10408,1.1,1.38,56.77,80.72,4.47,1.32,2.29,0.0,2.04,0.0
10409,6.77,3.03,37.97,84.46,6.05,2.62,2.5,2.5,0.36,0.85
10410,7.45,2.09,21.5,36.38,4.41,2.32,0.71,2.7,0.14,1.67
10411,4.54,2.99,27.25,28.22,4.49,2.7,0.0,0.57,2.56,1.79
10412,1.93,2.09,55.48,47.6,2.6,1.76,0.04,4.09,0.77,1.32
10413,9.45,6.29,41.57,60.09,5.04,0.19,1.08,2.3,1.34,0.0
10414,2.81,5.85,30.55,86.78,2.43,0.0,2.1,0.23,2.59,0.68
10415,5.18,2.91,45.61,20.37,3.58,3.19,1.05,0.36,2.01,2.42
10416,4.68,0.13,54.69,16.32,2.08,2.36,0.86,0.63,3.28,1.03
10417,6.44,5.0,44.24,49.83,4.7,2.33,1.64,1.98,1.93,1.73
10418,9.31,5.87,40.56,67.58,3.31,3.02,2.73,2.12,4.12,0.84
10419,5.61,8.29,48.93,56.54,2.01,2.88,0.51,1.91,2.93,0.0
10420,2.36,2.64,59.13,9.01,4.84,2.39,0.94,1.19,3.91,1.29
10421,6.83,0.46,39.7,40.54,5.49,0.0,1.04,0.56,4.49,1.26
10422,16.62,6.33,48.77,39.55,2.98,2.94,0.84,1.43,1.78,1.38
10423,6.63,4.48,65.23,52.3,3.48,0.6,1.18,1.57,1.36,1.06
10424,3.93,4.42,55.06,71.79,0.67,2.37,1.36,3.14,2.99,0.2
10425,1.79,6.69,64.51,72.69,4.19,3.24,1.34,3.94,2.85,0.11
10426,3.07,7.19,46.22,63.74,3.39,3.24,1.23,1.6,3.56,0.78
10427,7.84,5.27,33.63,72.65,6.02,2.41,4.21,0.86,1.63,1.19
10428,3.32,3.7,22.23,65.09,3.24,1.48,0.0,2.43,0.6,0.0
10429,4.57,5.23,44.65,31.83,2.69,2.13,0.0,2.81,1.69,0.0
10430,7.11,2.63,46.56,60.66,4.07,2.8,1.86,2.83,1.48,1.14
10431,0.5,5.97,50.15,78.57,2.3,4.79,2.43,3.42,1.87,0.96
10432,7.41,5.95,70.27,51.52,2.79,4.67,0.64,0.65,1.27,0.0
10433,8.85,2.94,35.55,64.42,4.59,1.12,2.97,2.71,3.35,1.32
10434,9.54,2.17,26.42,53.13,3.71,0.57,0.0,0.0,4.41,1.88
10435,7.13,3.16,54.95,65.44,2.69,5.78,0.5,5.04,2.47,0.0
10436,9.42,2.49,26.72,39.96,3.71,1.99,3.58,2.27,0.0,0.0
10437,8.09,4.1,34.86,42.87,3.1,0.58,2.52,2.81,2.23,0.0
10438,3.96,2.04,36.51,100.0,2.88,1.2,4.3,2.21,0.62,1.27
10439,9.99,4.1,67.17,91.15,2.99,1.7,1.25,0.0,0.19,0.99
10440,7.86,5.95,35.53,86.92,1.15,3.28,2.66,3.56,1.28,0.27
10441,0.5,5.1,38.21,83.82,1.53,1.13,0.57,2.1,0.44,1.81
10442,2.23,5.68,32.01,69.37,6.08,0.0,0.8,3.32,2.76,0.05
10443,2.43,4.09,23.85,52.93,4.47,0.0,0.87,1.8,0.67,0.81
10444,6.78,3.71,75.02,65.23,5.04,2.11,1.34,0.99,3.46,0.77
10445,4.57,9.49,73.79,71.2,4.6,1.0,1.31,3.33,1.16,0.21
10446,7.4,6.23,62.16,62.9,3.63,1.5,0.76,2.25,2.45,0.35
10447,5.42,7.9,36.8,39.22,7.37,1.5,2.08,0.41,0.0,0.0
10448,5.77,7.0,57.78,74.96,4.19,2.75,2.6,4.02,0.34,0.0
10449,4.47,2.76,60.47,68.66,3.76,0.53,1.29,3.78,0.58,0.32
10450,9.78,6.01,37.1,58.47,3.23,1.94,1.64,2.23,0.97,0.29
10451,6.21,5.13,28.1,69.4,4.0,3.32,2.71,1.73,0.0,0.57
10452,3.23,4.93,31.2,74.79,4.97,1.59,2.95,0.32,2.36,1.42
10453,0.78,1.29,75.83,64.5,3.37,2.32,0.43,3.23,1.24,0.0
10454,7.61,5.91,60.46,76.18,1.3,4.81,4.39,1.65,4.69,1.43
10455,6.41,5.37,41.63,34.9,2.35,0.0,2.75,1.9,1.12,0.24
10456,4.51,2.4,50.55,86.54,4.83,1.5,1.62,0.0,1.4,0.51
10457,7.53,2.66,56.65,26.26,2.44,1.21,0.39,0.48,0.52,0.0
10458,3.96,3.15,29.44,53.81,5.35,3.32,2.22,0.07,2.16,2.12
10459,8.27,4.52,40.46,67.77,2.36,2.96,1.93,0.0,0.0,1.38
10460,7.93,5.92,36.2,64.89,3.04,4.77,1.39,0.56,0.0,0.0
10461,0.5,3.34,53.23,72.77,6.59,2.68,1.04,2.74,1.87,1.05
10462,6.88,3.82,56.24,76.34,4.0,0.0,0.44,0.81,2.09,1.11
10463,7.45,2.63,56.0,50.27,2.65,5.83,3.71,2.07,2.19,0.99
10464,7.63,2.58,42.44,36.81,1.19,2.34,2.41,1.67,1.53,1.19
10465,9.72,4.19,4.06,65.1,6.0,1.47,2.56,0.45,1.58,0.76
10466,6.74,0.0,44.14,47.22,3.05,4.23,0.0,0.0,2.55,0.29
10467,7.39,8.35,50.51,25.76,2.63,2.08,3.49,4.44,0.46,0.0
10468,4.07,1.75,46.1,49.21,3.56,5.41,0.66,0.21,2.49,0.0
10469,7.32,4.66,48.73,60.97,2.02,2.8,1.23,2.83,2.59,0.79
10470,6.96,3.93,48.99,78.33,3.42,3.18,3.2,4.0,3.67,1.43
10471,5.28,5.79,63.17,67.41,3.54,2.01,0.63,3.01,1.76,0.0
10472,4.8,3.2,38.22,56.04,4.94,0.01,1.35,2.16,2.15,1.51
10473,4.32,0.85,48.04,76.58,4.93,2.71,1.59,5.0,1.88,2.39
10474,9.12,4.22,40.28,60.3,3.09,3.7,2.16,2.74,4.09,0.88
10475,0.5,1.43,43.08,70.91,1.09,3.53,0.0,1.58,3.97,0.0
10476,7.48,5.46,37.1,62.24,4.16,4.06,0.0,3.16,1.08,0.39
10477,0.5,6.29,54.47,56.83,3.94,2.85,2.77,3.22,3.82,0.44
10478,10.73,6.02,62.28,49.03,5.67,0.0,1.51,0.35,0.56,0.0
10479,3.53,5.72,41.02,59.57,3.58,4.06,2.18,2.23,2.29,0.33
10480,5.05,3.96,12.77,92.08,4.43,0.85,2.19,4.72,2.16,1.44
10481,9.83,3.94,18.37,62.46,5.36,1.66,1.88,4.29,3.27,0.51
10482,4.15,2.46,40.5,35.36,0.13,4.63,1.4,3.18,1.91,0.52
10483,10.32,5.31,33.85,33.63,5.91,3.09,3.51,0.82,3.23,0.87
10484,8.4,3.39,33.68,73.86,2.11,1.42,2.03,0.96,2.51,1.6
10485,9.27,4.52,41.92,77.76,2.34,1.87,0.93,0.5,2.5,0.89
10486,3.1,6.63,41.69,61.8,5.22,3.25,0.72,3.27,2.51,0.11
10487,6.55,5.6,37.64,74.75,4.87,0.0,1.36,2.53,1.1,1.5
10488,11.0,3.07,47.24,84.28,2.12,1.31,1.66,1.86,1.12,0.27
10489,6.73,4.29,62.13,50.35,1.04,3.44,1.57,0.22,1.25,0.5
10490,2.9,3.15,44.29,47.55,2.14,0.14,0.56,3.84,0.99,0.53
10491,8.5,7.4,61.6,36.16,1.47,1.13,3.11,3.83,1.29,0.07
10492,4.7,2.59,48.62,50.73,6.25,0.62,1.02,0.0,3.33,0.83
10493,6.94,5.07,47.63,49.78,1.28,2.0,0.86,2.41,3.31,2.0
10494,4.43,3.6,38.83,46.79,0.85,1.12,1.16,1.9,3.12,1.16
10495,5.93,3.41,91.56,35.27,4.19,3.44,1.66,2.72,3.75,1.76
10496,6.14,1.15,31.57,84.63,3.11,3.67,2.17,1.33,3.15,2.65
10497,0.5,2.59,33.3,32.67,2.67,1.09,2.67,2.18,3.33,1.92
10498,2.21,2.04,55.97,83.03,3.57,0.15,2.24,3.91,1.42,1.22
10499,6.4,5.79,23.16,66.56,6.73,1.11,1.1,1.63,2.07,0.73
10500,8.76,5.25,49.08,82.66,3.17,0.0,3.93,2.76,3.3,1.31
10501,6.29,4.28,54.48,51.95,2.8,6.37,1.71,2.34,0.0,0.0
10502,10.05,3.66,41.32,60.67,2.36,2.15,2.18,1.44,3.41,0.99
10503,2.79,4.43,32.49,32.01,5.55,0.97,2.3,0.0,3.26,1.75
10504,2.59,3.02,51.23,57.92,4.21,1.9,1.82,0.0,3.04,0.68
10505,10.15,4.85,29.28,48.5,2.98,0.0,1.68,1.96,0.23,2.25
10506,6.53,6.48,48.23,48.06,5.75,2.19,3.0,3.39,0.87,0.82
10507,7.59,7.07,40.28,68.24,5.21,1.68,1.54,3.65,2.23,1.04
10508,8.52,1.99,63.18,32.11,2.48,3.08,1.56,2.3,0.64,0.42
10509,3.11,7.01,51.63,59.26,3.45,0.0,2.2,4.23,0.81,1.58
10510,9.06,2.55,32.76,56.0,4.46,3.97,3.82,1.59,2.19,0.33
10511,10.61,6.66,42.53,49.43,1.81,1.41,0.0,1.0,4.05,0.31
10512,6.84,4.16,19.57,59.39,4.7,2.05,1.73,1.72,2.13,0.86
10513,5.04,6.31,33.87,79.64,2.23,0.0,2.76,2.83,0.0,0.38
10514,8.22,4.15,38.31,87.79,3.4,2.93,4.22,2.9,3.38,1.97
10515,10.58,7.53,66.97,96.43,1.81,1.77,2.73,3.57,2.63,0.35
10516,4.57,6.06,45.42,66.96,2.48,0.0,1.22,0.39,0.09,0.87
10517,10.15,2.98,41.38,53.79,5.43,2.84,1.46,3.15,0.99,0.55
10518,14.0,6.2,31.86,11.72,2.93,1.04,2.4,0.28,0.99,2.84
10519,12.47,7.47,58.67,63.38,3.27,0.0,1.2,3.72,1.36,0.0
10520,2.7,4.81,30.8,57.93,2.66,2.71,2.37,0.66,0.15,0.0
10521,11.82,4.58,43.05,61.77,3.36,3.15,1.55,1.12,1.07,1.83
10522,6.27,1.25,38.05,59.1,2.05,0.46,2.39,2.71,1.1,0.66
10523,2.18,3.9,41.52,97.68,0.38,4.46,2.55,1.16,2.94,0.0
10524,3.51,1.44,35.91,33.3,3.63,5.25,0.0,1.28,0.1,0.0
10525,4.59,6.28,36.01,61.53,0.0,1.43,1.29,3.51,0.0,1.19
10526,8.31,6.16,32.66,90.66,2.37,1.23,1.06,1.16,2.4,0.93
10527,5.94,2.73,51.6,57.95,3.54,2.38,0.0,1.77,2.23,0.0
10528,5.1,4.55,22.45,60.9,3.63,3.62,2.79,2.64,2.89,1.1
10529,0.5,2.15,38.55,82.33,3.01,4.93,1.78,2.82,2.14,1.81
10530,2.42,4.95,73.66,78.07,0.0,2.76,1.41,0.87,3.51,0.22
10531,11.27,5.66,51.61,59.89,3.19,0.74,2.13,1.75,1.66,2.37
10532,3.88,2.1,61.11,36.15,2.78,2.38,0.0,0.0,2.31,0.0
10533,8.74,4.9,49.78,69.39,3.69,1.68,0.93,3.67,3.16,1.21
10534,3.02,3.84,51.29,63.54,5.57,2.55,1.29,2.44,0.62,1.63
10535,4.39,5.39,31.77,35.51,5.31,4.26,1.81,0.26,0.35,0.15
10536,10.23,8.4,33.38,71.53,1.3,1.87,1.83,3.57,0.53,0.54
10537,6.44,1.32,31.71,46.44,3.93,1.74,2.63,3.56,1.41,2.24
10538,9.08,3.03,15.15,36.74,2.1,4.67,0.04,1.67,0.0,1.05
10539,3.17,4.36,60.49,40.84,2.0,0.0,1.22,2.41,3.61,0.13
10540,6.07,4.37,52.96,85.31,5.04,0.0,2.11,1.35,2.74,1.3
10541,7.16,5.5,23.6,42.28,3.06,0.74,1.37,2.32,1.79,1.44
10542,13.6,6.22,45.34,76.54,2.5,1.89,1.72,2.76,1.57,1.52
10543,8.65,5.34,43.11,61.88,4.4,1.2,2.14,0.0,1.81,1.35
10544,10.16,4.9,24.22,33.03,1.74,2.55,1.76,2.5,2.52,1.17
10545,12.14,1.52,34.69,54.16,2.66,3.32,0.31,0.15,1.93,0.0
10546,4.06,4.08,50.98,9.0,3.98,4.7,0.61,4.6,1.55,0.48
10547,4.38,2.52,61.29,46.98,0.98,3.24,1.79,1.37,4.73,0.91
10548,0.5,0.74,50.63,47.43,3.6,6.32,5.58,2.39,2.33,0.67
10549,7.9,6.22,33.67,23.21,2.89,1.58,0.23,1.53,1.15,0.08
10550,1.35,4.34,44.87,64.64,2.58,1.27,0.0,1.53,2.35,1.11
10551,0.5,3.14,54.47,45.75,4.72,2.53,2.96,1.94,2.54,0.0
10552,5.1,3.48,40.85,76.11,0.0,4.05,0.16,2.29,1.36,1.34
10553,7.16,6.5,50.94,57.36,2.97,2.38,3.23,1.17,1.84,0.0
10554,3.12,0.0,46.6,47.27,2.46,2.79,0.0,3.09,0.2,1.15
10555,4.36,6.01,45.3,63.51,4.25,4.02,0.23,1.19,4.5,1.03
10556,10.85,6.35,39.63,54.42,3.25,2.7,2.44,0.41,0.0,1.81
10557,0.5,0.23,57.16,52.12,3.65,1.68,0.69,0.72,1.43,0.0
10558,9.37,4.39,61.64,74.81,3.33,0.75,2.81,1.22,1.81,0.06
10559,6.83,5.84,49.8,98.41,2.98,0.0,0.27,2.34,1.61,0.76
10560,5.21,4.44,60.35,71.13,3.13,0.57,0.0,2.42,0.73,0.0
10561,5.12,1.61,53.03,46.69,3.2,4.23,1.47,3.08,2.49,0.78
10562,5.6,0.0,72.58,62.25,4.56,3.95,2.93,0.86,1.46,0.0
10563,6.67,6.02,34.21,58.19,3.01,0.97,2.97,1.04,2.06,2.27
10564,5.83,5.56,44.16,65.66,3.24,1.51,1.74,2.44,1.97,0.6
10565,3.61,2.71,35.27,78.21,1.81,0.0,2.09,1.0,2.74,0.85
10566,4.66,6.15,44.45,31.73,2.46,1.84,0.0,4.04,0.26,1.3
10567,8.75,5.13,49.75,31.26,2.8,2.48,3.39,1.31,2.32,1.04
10568,5.13,0.0,33.45,61.37,4.73,0.61,2.2,0.55,1.09,2.32
10569,7.82,3.23,43.32,44.88,3.66,2.34,3.78,3.15,0.87,1.47
10570,10.67,4.59,29.74,40.65,5.64,3.54,1.33,3.67,4.34,0.58
10571,9.29,8.35,69.13,45.05,2.28,1.95,2.27,0.72,0.02,0.0
10572,6.17,0.28,44.99,51.59,6.15,2.24,1.44,0.19,2.65,1.11
10573,4.78,3.67,53.44,76.44,3.28,2.43,2.88,2.73,2.84,0.89
10574,3.49,2.77,35.04,64.71,5.98,1.46,0.42,3.01,1.38,0.38
10575,5.36,1.54,37.92,33.94,6.14,3.81,1.08,0.69,0.0,2.43
10576,6.31,2.81,17.21,16.68,2.81,2.09,0.12,0.0,1.44,0.93
10577,3.88,7.02,17.97,45.76,3.08,1.3,0.0,1.63,0.6,1.71
10578,4.38,5.75,46.56,52.18,3.82,2.73,1.74,0.49,3.69,0.0
10579,6.77,5.8,55.41,86.76,4.18,1.06,1.04,2.45,1.76,0.19
10580,6.56,10.21,32.11,73.27,3.59,0.0,1.54,0.0,1.19,0.0
10581,5.67,4.66,51.93,52.4,2.78,0.0,0.23,1.82,3.08,1.22
10582,12.61,7.72,38.27,67.74,1.71,1.51,2.95,5.28,0.0,0.56
10583,5.19,3.58,10.79,79.28,2.22,2.08,2.0,4.71,1.61,0.8
10584,9.57,5.18,59.15,62.06,2.78,1.2,2.61,2.87,2.33,0.0
10585,0.5,1.18,17.72,64.09,3.95,0.96,0.65,2.05,4.04,0.73
10586,11.34,4.63,40.32,92.7,3.19,4.24,0.63,2.78,0.89,0.32
10587,2.35,3.62,38.58,70.78,0.32,4.23,1.94,1.85,2.24,2.36
10588,3.17,0.27,57.31,26.57,5.52,3.99,2.02,2.61,1.09,1.92
10589,6.2,5.1,41.22,45.36,3.3,1.96,3.45,2.2,1.09,1.12
10590,2.9,6.44,38.9,33.25,6.94,2.99,0.55,0.65,0.41,1.44
10591,6.24,4.64,51.22,20.96,2.4,0.85,0.0,4.03,0.0,0.39
10592,6.54,2.81,44.85,56.0,5.29,0.0,2.43,2.71,3.06,0.81
10593,7.46,6.53,41.81,28.97,4.4,4.78,2.65,3.49,4.07,0.53
10594,9.37,5.18,46.4,100.0,3.7,5.83,1.94,2.52,2.24,0.0
10595,5.46,2.17,4.06,71.78,2.54,2.02,0.0,1.15,2.44,1.5
10596,5.12,2.33,69.13,67.74,1.15,0.71,2.23,1.34,3.3,1.95
10597,7.19,8.19,53.1,48.38,5.46,2.81,3.78,2.96,0.0,0.0
10598,7.69,6.47,28.99,57.01,2.66,3.66,0.37,1.7,1.68,0.0
10599,3.46,5.25,31.45,65.0,2.06,2.03,2.71,2.39,4.53,1.81
10600,3.44,6.23,60.85,39.31,4.42,1.25,0.0,5.22,0.0,0.0
10601,5.24,1.48,32.07,52.57,2.95,3.54,0.0,0.0,3.42,2.01
10602,9.25,4.29,37.56,76.71,3.71,2.06,3.01,1.42,1.79,0.9
10603,0.78,2.63,53.54,75.34,3.17,2.32,0.0,1.64,0.0,0.28
10604,8.65,2.89,40.02,81.7,4.17,1.17,3.6,1.72,0.28,2.42
10605,6.26,3.91,37.94,47.8,4.61,2.13,0.0,0.98,2.21,1.44
10606,10.74,2.97,39.73,73.89,1.88,2.81,3.58,1.66,3.91,1.74
10607,0.5,2.65,31.9,64.3,4.44,3.31,0.0,3.0,2.89,0.19
10608,1.56,2.93,67.86,40.31,4.47,1.38,2.86,2.74,1.79,0.76
10609,12.68,3.99,28.18,67.55,2.3,1.14,1.18,3.03,1.27,1.9
10610,0.95,4.22,47.24,69.39,3.14,2.6,1.32,3.54,0.9,0.0
10611,5.52,3.76,59.22,47.4,3.97,3.05,2.16,2.73,3.49,1.15
10612,0.8,5.42,27.05,78.73,4.17,0.57,0.0,5.39,2.87,0.33
10613,3.19,10.07,5.79,28.32,4.29,1.74,1.36,5.28,1.91,0.77
10614,3.86,5.2,28.87,59.64,1.88,2.12,0.88,3.59,1.35,2.03
10615,8.2,0.82,42.06,61.73,2.99,3.85,0.17,0.17,1.6,0.14
10616,8.74,4.7,36.8,41.26,3.27,1.91,0.93,0.66,0.0,0.89
10617,8.97,2.62,56.13,66.01,3.8,3.25,3.2,3.04,0.0,0.83
10618,6.89,4.97,34.23,46.29,5.0,0.0,0.17,1.04,0.49,3.06
10619,3.92,5.13,36.24,58.97,1.46,0.0,0.68,4.33,1.65,0.72
10620,4.98,5.53,47.61,88.55,0.0,1.05,1.37,2.06,1.38,0.49
10621,8.0,3.44,39.33,51.66,3.66,6.03,2.95,2.33,3.37,0.68
10622,5.88,5.72,36.13,72.29,6.26,0.29,3.49,2.19,4.07,0.11
10623,8.42,4.29,38.47,82.59,5.08,3.24,1.42,4.6,1.5,0.14
10624,8.68,6.24,48.74,98.75,3.39,2.55,2.17,1.24,0.29,0.56
10625,3.07,3.91,22.37,79.93,2.75,0.77,1.19,4.05,2.68,0.94
10626,0.5,4.81,93.38,87.86,4.21,1.61,1.95,2.44,3.1,0.77
10627,3.65,4.51,47.63,48.85,2.3,0.0,0.93,5.17,0.46,1.33
10628,8.1,0.0,63.36,54.61,5.84,1.11,3.1,1.29,1.72,1.47
10629,8.26,1.77,68.31,100.0,6.85,1.32,0.79,0.01,2.42,0.79
10630,5.21,0.0,50.58,83.26,3.34,1.1,2.06,3.33,1.18,0.64
10631,5.63,6.31,70.35,98.93,1.92,0.51,2.04,3.78,2.63,0.52
10632,10.0,6.0,0.0,81.19,2.56,0.71,0.2,1.75,1.99,0.86
10633,6.19,4.79,25.08,52.9,1.56,3.43,0.81,1.95,0.0,0.98
10634,5.49,6.69,25.92,68.22,2.26,0.55,3.14,4.07,0.76,1.73
10635,6.28,0.0,51.44,19.95,0.48,3.47,0.09,1.39,4.44,0.91
10636,8.68,3.34,33.04,60.3,2.08,1.19,0.84,2.76,3.01,1.28
10637,3.84,3.32,40.26,86.56,2.86,3.2,1.61,0.46,4.9,0.0
10638,4.93,3.08,24.12,28.82,5.56,3.44,0.23,4.43,2.56,0.91
10639,7.53,4.25,46.75,53.32,4.73,1.22,1.35,2.21,2.01,0.38
10640,1.77,4.62,53.49,57.06,6.42,2.8,2.0,1.61,0.78,0.53
10641,3.2,2.01,85.38,73.92,4.32,0.68,2.64,2.74,3.17,0.48
10642,11.49,4.35,39.87,72.0,5.13,3.54,1.29,2.65,4.69,0.21
10643,4.85,3.06,50.17,73.63,4.28,3.81,1.69,1.18,0.38,0.39
10644,8.66,5.53,21.17,61.86,2.69,2.92,0.97,0.34,3.52,0.3
10645,8.17,3.42,51.43,20.87,3.03,0.26,1.31,0.0,0.0,2.39
10646,11.48,6.77,52.22,52.71,3.43,2.82,0.52,2.31,0.0,1.8
10647,8.43,6.93,37.22,51.63,3.24,0.11,4.09,1.88,0.89,0.11
10648,1.64,5.46,36.28,63.52,4.12,1.79,1.8,3.12,1.32,0.7
10649,0.5,0.0,45.69,50.79,3.3,2.52,2.3,4.05,2.77,1.95
10650,5.55,2.39,34.42,57.22,5.08,5.15,0.47,2.28,0.74,0.0
10651,1.82,2.24,42.9,59.17,4.48,0.09,0.14,4.64,3.71,2.6
10652,8.4,0.03,46.39,55.51,5.82,4.41,1.59,0.0,1.86,1.74
10653,12.53,0.58,50.63,41.47,4.3,2.65,0.0,0.43,2.43,2.43
10654,4.99,2.64,27.43,45.33,8.41,2.34,2.49,0.13,4.02,1.5
10655,5.55,4.12,18.36,88.69,4.54,0.0,0.39,1.42,1.58,1.51
10656,8.86,4.28,42.31,54.09,5.71,2.73,2.15,0.03,1.76,0.81
10657,2.95,5.93,46.07,93.21,4.05,1.47,1.85,2.97,1.91,0.06
10658,4.91,3.3,58.9,57.96,1.64,0.68,0.32,3.37,0.0,0.74
10659,8.26,4.65,50.73,42.04,6.26,1.81,1.63,5.28,0.79,0.0
10660,5.49,4.01,64.7,77.87,2.29,0.0,1.08,0.71,0.0,0.29
10661,6.5,4.21,46.02,49.98,3.22,2.91,0.0,0.0,1.74,1.62
10662,8.59,7.29,67.16,56.4,2.02,2.74,2.78,2.3,4.71,0.79
10663,4.45,2.32,35.46,39.6,3.98,4.96,0.0,0.0,2.97,1.62
10664,8.02,0.0,70.21,22.82,6.26,2.31,0.97,1.23,1.01,2.12
10665,5.28,4.78,35.01,58.58,1.59,0.0,1.52,1.74,4.27,0.22
10666,5.34,7.21,61.33,57.91,4.6,0.0,3.49,2.14,3.17,0.99
10667,3.94,6.93,47.81,43.0,1.5,1.64,0.0,2.62,3.23,2.88
10668,8.96,3.17,28.27,36.05,2.57,2.71,2.11,3.19,1.93,1.56
10669,6.65,2.26,42.3,52.91,3.49,1.58,2.07,1.54,2.89,0.72
10670,11.16,8.17,52.18,40.01,3.67,4.09,3.21,3.0,3.8,0.17
10671,4.55,5.17,71.29,48.59,3.78,3.6,0.0,0.14,1.1,0.0
10672,3.26,3.96,26.0,50.27,5.79,3.17,0.0,3.34,2.18,0.0
10673,2.45,5.7,40.72,67.14,4.47,2.81,1.95,2.16,3.79,0.0
10674,8.24,3.7,40.97,88.55,3.79,4.17,2.62,4.29,4.68,1.12
10675,3.72,1.05,39.41,12.67,1.9,2.4,0.14,0.1,2.0,0.92
10676,5.18,0.96,44.65,73.34,3.74,1.77,2.99,1.79,1.82,0.98
10677,4.23,4.14,65.97,80.87,2.53,2.01,0.69,3.59,2.82,0.0
10678,1.62,6.68,52.19,38.15,3.94,0.2,1.46,0.87,2.44,1.73
10679,4.21,5.73,8.14,62.83,4.37,0.2,1.07,3.82,3.46,1.57
10680,2.96,5.14,39.06,87.89,4.91,1.86,1.32,1.58,3.5,0.11
10681,9.04,1.57,46.64,100.0,3.82,2.16,1.13,0.69,1.18,0.0
10682,9.2,4.66,41.86,23.3,5.15,1.2,2.68,3.29,0.91,0.44
10683,5.13,6.61,45.51,33.72,2.83,0.0,1.21,4.02,2.85,1.39
10684,3.74,4.46,48.33,59.64,4.33,2.94,1.33,2.98,1.51,0.51
10685,8.05,3.3,40.46,62.02,1.42,0.4,1.78,2.23,0.74,0.94
10686,6.5,2.69,72.7,85.02,3.63,2.71,2.29,2.02,0.45,0.84
10687,6.72,4.59,27.51,36.93,5.03,2.27,0.0,3.75,1.0,0.95
10688,9.23,5.45,58.89,45.29,2.9,4.25,1.54,1.28,0.0,1.41
10689,5.71,2.54,43.87,71.99,2.7,1.01,0.71,3.65,4.56,0.47
10690,11.21,2.71,44.62,51.12,4.85,2.35,0.51,4.1,2.91,0.85
10691,2.6,7.29,36.76,82.88,3.7,4.54,1.94,1.19,1.39,0.0
10692,6.53,0.0,43.11,43.03,1.34,2.62,0.17,0.0,1.64,1.76
10693,5.03,0.0,36.07,42.41,5.97,6.54,1.55,0.19,3.61,0.16
10694,7.13,5.3,34.48,41.11,2.69,0.0,1.69,0.0,0.0,1.32
10695,9.56,4.74,39.04,28.23,2.72,1.43,1.52,0.0,1.71,0.29
10696,10.13,3.66,53.24,54.34,3.0,2.97,0.38,1.78,0.37,1.31
10697,6.07,1.91,36.43,42.53,2.92,1.24,2.35,2.3,2.18,0.76
10698,5.64,3.13,41.82,93.57,1.15,2.93,1.59,4.1,1.86,1.41
10699,5.18,2.46,17.42,76.85,4.32,1.8,2.93,4.19,0.95,0.34
10700,1.8,4.57,15.08,26.61,4.48,0.19,1.52,3.94,0.9,1.11
10701,6.64,4.49,45.5,61.66,2.5,5.8,1.83,2.8,2.22,0.58
10702,7.06,4.7,50.3,92.12,3.74,0.0,3.02,4.52,2.52,1.27
10703,1.81,2.33,40.46,41.51,3.79,4.4,3.5,1.82,2.13,2.26
10704,6.04,3.83,56.71,57.48,2.36,0.43,0.08,3.81,0.67,2.07
10705,5.29,2.75,77.97,94.24,3.39,1.21,0.67,2.53,1.82,0.0
10706,3.32,2.91,48.53,49.76,0.0,1.53,0.0,4.93,2.5,2.02
10707,7.99,2.62,33.41,51.47,4.52,3.69,1.45,0.0,0.0,0.43
10708,5.22,5.04,39.93,77.88,2.17,1.88,1.22,2.63,2.77,0.0
10709,2.14,3.26,67.18,86.71,6.35,1.46,1.23,1.07,0.18,0.0
10710,5.42,5.96,26.35,62.43,2.23,5.6,1.29,0.76,3.68,0.6
10711,7.52,4.93,52.41,9.77,2.29,2.02,1.96,0.29,2.48,0.41
10712,6.43,3.62,41.95,34.81,3.43,0.29,2.49,4.36,1.97,1.02
10713,5.86,4.87,27.21,66.07,3.29,1.4,2.76,3.68,2.97,2.84
10714,8.31,0.29,59.26,45.01,3.33,1.67,1.69,2.76,0.48,0.65
10715,10.22,9.55,38.0,41.2,4.42,3.69,0.56,0.91,1.11,0.0
10716,4.45,5.14,46.52,84.1,3.27,1.52,0.88,2.14,2.6,1.02
10717,6.68,4.29,41.07,28.03,3.47,1.47,0.23,1.25,0.0,0.0
10718,2.02,3.12,46.91,41.03,2.88,1.7,1.34,3.47,1.43,0.93
10719,4.48,4.3,51.02,57.98,4.17,3.73,3.9,4.05,2.22,0.73
10720,8.39,4.02,57.33,60.84,2.16,2.85,2.79,2.02,0.94,2.15
10721,6.82,6.29,40.33,62.81,4.89,1.49,1.54,0.07,1.2,0.8
10722,4.89,5.07,48.2,59.64,3.22,1.48,0.6,4.06,1.91,1.31
10723,6.6,4.94,30.31,49.89,2.18,5.46,0.0,2.77,2.03,1.26
10724,8.07,0.0,35.33,40.1,3.88,2.91,1.34,1.89,2.04,0.0
10725,5.96,3.51,43.86,43.03,5.17,3.2,2.35,1.05,0.43,0.28
10726,8.96,4.97,27.46,52.32,4.16,2.4,3.06,3.95,0.0,1.71
10727,8.0,5.1,62.84,73.7,1.55,3.54,0.6,0.0,0.0,0.29
10728,3.71,2.89,6.91,22.08,2.83,0.59,1.68,1.32,0.06,0.96
10729,5.23,3.91,53.64,26.03,4.04,3.82,0.85,0.0,0.75,0.38
10730,3.3,5.61,49.2,48.25,3.66,1.22,0.96,2.22,1.01,0.0
10731,8.34,4.25,34.45,40.12,1.22,0.57,1.94,0.0,2.2,1.39
10732,8.05,5.25,68.44,61.15,3.57,1.41,0.0,4.77,2.02,0.24
10733,0.5,4.2,48.31,75.48,4.45,1.37,1.74,2.18,3.35,0.62
10734,7.07,8.79,66.88,85.31,4.72,0.28,1.36,4.4,0.81,0.0
10735,7.04,3.89,29.93,35.87,2.71,3.85,0.35,2.45,1.25,1.53
10736,4.52,4.72,47.62,20.43,3.75,0.0,3.69,1.61,2.62,0.0
10737,6.6,2.9,51.8,33.29,4.72,3.26,2.57,1.12,0.0,0.75
10738,7.95,5.82,70.52,19.53,3.32,2.04,1.47,0.0,1.97,0.0
10739,8.3,4.7,22.64,35.03,4.02,0.33,1.96,0.0,1.89,0.67
10740,2.16,0.0,49.12,67.6,3.55,0.37,1.14,0.0,2.02,0.69
10741,5.17,1.15,32.14,70.09,4.78,1.79,2.11,3.81,1.18,0.0
10742,7.96,1.63,55.88,42.77,4.26,1.46,1.86,0.68,1.44,2.8
10743,10.45,1.72,36.27,64.22,3.23,1.86,4.08,3.83,2.0,0.54
10744,4.41,4.65,48.33,35.52,4.2,2.44,2.31,2.23,5.67,2.23
10745,5.48,1.25,32.24,61.18,2.95,5.02,2.1,1.2,0.0,1.85
10746,7.24,3.04,40.77,20.31,2.58,6.89,0.19,0.0,0.15,0.07
10747,6.86,4.55,36.17,44.68,4.33,0.0,2.1,0.0,0.0,2.28
10748,8.88,5.91,4.94,43.3,4.35,1.38,2.29,0.0,0.0,0.83
10749,1.52,5.02,59.81,40.02,3.73,2.51,1.85,2.14,1.99,1.06
10750,6.46,2.42,30.88,53.4,2.42,2.88,0.74,0.92,1.3,2.02
10751,8.16,3.51,45.51,53.32,2.01,2.92,2.17,2.72,3.06,0.14
10752,2.56,0.0,40.1,62.1,3.73,3.28,1.35,2.08,2.17,0.34
10753,5.26,1.35,44.44,52.35,3.58,3.53,4.29,1.85,0.04,0.45
10754,3.44,1.01,41.68,68.09,4.73,1.65,0.57,3.21,0.0,0.0
10755,1.8,1.69,16.87,82.45,2.77,0.21,1.34,1.63,3.46,1.34
10756,9.21,4.48,51.57,55.25,4.72,3.77,0.63,2.76,0.13,0.37
10757,12.07,3.49,38.36,52.99,2.99,4.34,0.5,1.32,3.36,1.07
10758,1.47,6.13,48.3,48.3,2.54,4.66,1.66,2.26,3.13,0.6
10759,6.32,5.87,73.4,46.08,1.19,2.47,2.12,2.11,4.2,1.44
10760,7.08,4.96,47.79,39.48,4.39,0.0,1.48,0.0,2.36,0.0
10761,0.5,6.19,49.57,55.81,3.61,2.26,3.09,3.46,1.81,0.88
10762,9.85,7.77,31.95,59.13,5.17,1.57,0.68,0.21,0.78,1.85
10763,5.38,7.19,62.4,43.57,5.91,2.95,3.64,3.39,0.88,1.86
10764,8.19,3.85,74.67,49.0,5.46,3.07,0.0,0.77,3.27,1.36
10765,1.93,2.35,77.39,52.53,2.8,1.43,1.16,1.03,2.0,0.69
10766,6.48,5.11,46.23,39.98,3.93,2.86,0.84,0.44,2.34,0.5
10767,6.6,3.76,40.57,58.21,2.39,3.52,0.0,2.7,4.37,1.32
10768,0.5,2.51,59.44,57.41,2.03,0.03,3.45,0.74,1.16,1.28
10769,1.21,1.78,52.61,73.82,6.64,0.0,0.0,2.77,3.74,0.28
10770,5.91,4.55,52.2,74.49,3.67,2.46,2.39,1.61,1.42,0.7
10771,1.15,3.77,66.69,43.67,2.27,3.61,3.79,3.42,1.44,0.0
10772,3.57,3.93,48.59,48.81,2.73,4.54,2.37,3.67,2.55,0.0
10773,4.84,4.39,22.74,41.63,1.04,1.54,0.02,0.0,0.42,2.34
10774,3.82,2.71,39.83,52.25,3.87,0.88,1.73,2.18,3.25,0.44
10775,10.02,5.66,50.39,18.72,2.97,1.93,1.58,0.67,3.88,0.59
10776,7.17,5.03,44.89,82.57,4.94,2.53,0.58,2.95,3.15,0.93
10777,3.38,3.21,67.39,38.96,2.51,1.87,1.14,0.59,0.0,0.0
10778,2.75,2.63,36.17,54.15,1.15,2.58,1.39,2.08,0.33,1.26
10779,4.77,2.07,70.76,75.74,3.2,3.06,1.16,1.77,1.64,0.33
10780,4.31,4.2,49.25,50.03,6.1,2.99,1.13,0.77,0.66,0.58
10781,9.33,2.45,26.91,59.37,2.1,1.44,0.84,1.59,2.64,0.06
10782,11.3,3.83,47.78,33.72,2.41,2.36,0.21,0.0,0.0,2.51
10783,7.29,5.22,56.61,58.27,3.5,5.06,1.54,2.46,0.32,0.0
10784,1.04,4.41,30.66,50.34,3.31,0.96,2.04,5.56,1.49,0.86
10785,8.3,9.28,41.23,70.05,0.25,1.29,3.5,3.45,1.08,0.2
10786,10.13,0.0,22.3,47.06,5.6,4.94,2.97,0.0,0.49,0.0
10787,3.34,4.44,47.67,39.84,4.52,1.65,0.0,0.0,2.39,0.54
10788,8.81,5.45,41.49,75.45,2.05,0.72,1.04,0.79,0.34,2.75
10789,5.41,5.09,37.2,56.24,1.83,1.44,0.0,0.11,3.47,1.78
10790,0.5,7.62,44.45,71.42,2.86,0.0,1.19,4.18,4.11,0.0
10791,4.39,2.59,38.6,91.81,3.54,1.3,0.99,0.61,2.64,0.0
10792,5.37,4.17,24.7,61.45,1.78,2.58,0.34,3.43,3.04,0.0
10793,6.35,7.05,23.89,76.12,3.29,0.0,2.11,1.61,1.63,0.0
10794,0.59,7.89,16.49,51.66,1.75,1.27,0.0,3.53,1.01,1.84
10795,4.49,2.59,31.57,53.48,5.11,1.93,0.8,3.47,3.55,2.09
10796,2.38,6.25,68.8,56.52,3.54,0.37,2.47,4.44,0.82,1.27
10797,3.53,4.61,47.67,55.55,5.09,1.31,1.47,0.0,3.9,1.65
10798,8.05,7.04,34.07,44.09,3.88,1.81,2.23,2.06,0.98,1.54
10799,6.43,1.12,48.88,61.84,2.77,2.66,3.22,2.68,0.35,0.63
10800,6.68,4.42,28.8,54.93,4.25,0.79,1.31,1.14,1.28,0.77
10801,8.61,9.89,54.44,41.34,5.49,1.81,3.61,3.26,3.67,0.0
10802,3.92,5.62,50.6,92.19,3.64,2.22,2.24,1.2,0.0,0.34
10803,8.49,5.22,14.35,42.14,2.95,1.65,0.86,3.28,2.16,1.1
10804,7.55,3.07,27.23,72.31,3.11,4.15,2.7,1.27,0.0,0.59
10805,7.09,2.73,41.69,48.72,4.67,4.21,3.06,0.08,0.0,0.0
10806,3.7,2.79,39.66,37.95,1.83,1.59,0.27,5.61,1.15,1.95
10807,5.41,4.56,38.16,57.67,5.63,1.27,1.97,2.43,1.49,1.38
10808,7.72,3.95,24.75,12.8,1.6,2.88,1.46,1.82,2.23,1.62
10809,7.78,3.59,37.11,55.39,4.99,3.48,2.1,0.83,1.39,3.01
10810,11.09,1.56,33.67,42.33,5.93,3.34,1.08,3.2,2.11,0.59
10811,5.25,4.34,77.13,81.1,2.5,3.6,2.46,0.0,1.1,0.02
10812,7.73,1.76,35.53,43.72,3.65,1.33,0.43,2.81,0.38,1.0
10813,2.88,1.52,50.5,50.17,1.65,2.55,1.44,3.06,1.93,0.91
10814,8.33,5.58,33.03,74.78,5.82,1.52,1.11,2.67,0.0,0.0
10815,0.81,1.98,67.48,49.8,3.17,3.94,1.0,3.35,0.0,0.01
10816,6.39,7.36,53.33,100.0,3.73,2.39,2.73,1.32,1.3,0.0
10817,11.86,1.86,48.98,40.32,2.81,3.76,2.12,3.0,3.96,0.04
10818,5.0,2.66,37.24,67.72,3.87,3.92,2.35,3.54,2.11,0.44
10819,6.74,5.05,54.46,48.09,1.51,3.65,2.02,0.47,1.86,0.0
10820,7.72,8.28,51.07,45.1,5.59,0.45,1.48,2.66,1.86,0.92
10821,9.34,6.1,45.62,51.07,1.82,1.42,2.97,1.82,2.66,0.83
10822,10.08,3.78,34.69,48.99,2.86,1.92,1.66,3.48,1.14,0.8
10823,4.85,5.42,80.13,51.67,1.51,2.59,0.0,3.61,2.94,0.0
10824,3.53,0.54,44.04,68.2,2.27,1.62,2.99,0.69,1.4,0.98
10825,3.07,5.63,44.5,33.46,4.28,0.0,0.72,4.91,0.0,0.21
10826,4.35,3.07,55.92,35.14,5.3,0.47,3.12,1.48,1.68,0.1
10827,6.28,0.0,57.4,81.84,3.22,3.67,1.49,1.81,4.44,0.11
10828,3.21,2.77,55.11,58.24,3.23,0.0,1.45,2.63,0.84,1.4
10829,3.51,6.83,47.37,54.22,3.15,2.38,2.95,3.22,3.64,0.0
10830,0.5,8.79,51.53,35.2,5.99,3.66,1.08,1.52,3.25,0.52
10831,3.23,2.94,30.96,75.82,5.16,0.35,1.65,2.28,1.82,0.67
10832,6.97,4.73,47.31,59.5,1.81,0.83,0.33,1.54,3.38,0.2
10833,10.01,1.28,44.32,20.89,4.18,3.97,0.75,0.0,2.19,0.0
10834,3.05,4.98,48.92,58.79,1.8,0.0,2.04,2.48,3.88,0.84
10835,0.5,0.56,41.28,59.36,4.86,1.12,3.0,1.29,0.97,0.0
10836,7.55,3.02,41.0,32.14,3.04,3.61,1.4,0.0,1.07,1.06
10837,1.19,6.7,50.5,56.54,4.79,2.19,0.91,2.41,1.82,0.0
10838,11.09,7.73,51.03,44.89,1.49,1.1,0.0,4.51,1.95,2.89
10839,3.39,5.69,40.76,50.88,1.97,1.52,1.86,2.11,0.84,0.0
10840,2.67,4.07,44.29,43.03,1.13,1.16,0.58,3.5,0.8,0.93
10841,7.58,1.23,40.23,45.52,4.1,3.18,1.3,0.0,0.0,0.02
10842,4.82,2.35,33.61,46.3,0.63,3.08,0.35,2.24,1.04,0.16
10843,9.15,0.0,62.71,98.73,5.52,1.75,3.0,2.89,1.23,0.0
10844,5.79,3.94,71.61,55.48,3.33,5.09,0.0,3.04,0.4,0.0
10845,5.51,1.94,65.35,73.78,5.26,3.67,1.8,1.07,2.82,0.46
10846,7.19,7.74,55.07,41.92,4.81,0.5,2.09,1.3,1.05,1.28
10847,5.24,3.39,37.79,43.18,1.0,2.79,0.4,1.39,3.41,0.2
10848,2.23,2.94,26.98,51.61,4.2,3.47,0.69,5.21,2.65,0.0
10849,4.53,7.3,66.0,74.33,4.72,2.04,0.03,1.34,3.03,0.71
10850,3.38,3.22,28.88,36.08,4.59,1.28,1.18,0.82,3.82,1.19
10851,10.37,3.97,35.85,77.51,2.59,0.16,0.33,3.62,1.12,0.85
10852,8.98,0.11,51.51,62.23,6.86,1.33,2.52,1.34,0.0,0.0
10853,3.3,6.73,62.68,73.11,3.15,2.36,1.82,0.87,2.6,0.21
10854,4.48,4.17,59.04,83.55,3.0,1.05,0.0,3.61,1.51,1.31
10855,6.47,6.18,59.6,40.61,0.42,3.22,1.85,0.16,0.0,1.35
10856,9.97,1.3,36.52,60.28,3.86,4.29,1.76,2.12,1.35,0.05
10857,5.33,5.37,55.02,33.87,5.31,3.07,1.6,2.56,0.0,0.45
10858,4.07,3.31,30.38,54.4,3.43,2.41,0.66,1.42,1.37,1.05
10859,12.48,4.87,50.83,50.32,2.97,1.13,1.42,4.05,0.0,1.26
10860,1.49,2.56,53.28,54.98,4.2,1.77,1.94,0.5,2.88,0.0
10861,9.45,6.53,38.94,28.43,5.05,4.74,2.98,2.68,1.97,0.8
10862,8.6,2.13,54.68,24.85,2.69,2.14,0.91,0.41,0.0,0.85
10863,5.35,2.2,58.16,69.71,2.51,5.36,2.01,3.22,4.32,1.44
10864,3.32,3.85,79.91,48.01,0.0,2.19,0.0,0.19,2.09,1.16
10865,3.87,5.12,44.16,100.0,2.98,0.0,2.52,5.33,2.3,0.01
10866,7.8,2.83,45.07,36.49,3.82,0.53,0.0,0.0,3.2,0.49
10867,6.73,4.59,52.83,0.0,4.9,1.56,1.76,2.36,0.87,0.36
10868,5.14,2.24,69.85,47.03,0.71,4.97,0.68,0.0,2.2,0.57
10869,5.05,6.43,34.1,47.26,3.06,0.77,2.24,4.23,4.56,1.52
10870,2.57,8.33,41.12,18.07,1.41,2.27,1.27,0.0,0.76,2.52
10871,7.62,0.0,9.17,62.91,5.28,2.4,4.62,0.93,2.14,1.6
10872,7.21,2.64,39.38,100.0,3.14,5.23,1.09,4.12,0.0,0.0
10873,5.13,4.9,56.51,72.1,3.38,0.0,0.0,4.04,2.21,0.0
10874,3.21,2.43,46.36,45.51,5.89,4.57,1.44,0.0,2.29,0.0
10875,8.0,5.44,61.06,87.16,2.64,2.63,1.33,2.76,1.27,2.09
10876,4.33,5.12,38.54,58.32,2.13,1.29,0.13,3.03,1.21,0.0
10877,1.97,1.77,34.02,46.79,4.22,2.3,1.75,1.9,0.23,1.6
10878,6.27,4.62,53.95,24.94,1.61,3.23,0.34,0.61,1.74,0.0
10879,4.87,4.95,58.45,56.08,6.58,3.27,3.92,4.19,0.36,1.1
10880,1.85,6.26,50.09,97.33,1.4,1.76,0.93,4.67,2.9,0.45
10881,9.22,8.86,63.45,54.14,1.27,1.1,1.69,0.58,1.35,1.77
10882,8.53,5.89,48.96,44.76,3.65,2.35,2.87,0.3,3.91,1.14
10883,10.54,2.1,47.69,66.24,1.23,2.85,0.35,0.97,1.88,2.26
10884,14.47,4.44,15.8,62.66,6.03,5.72,2.37,1.97,2.7,1.27
10885,5.34,3.4,58.18,56.4,5.11,1.04,1.43,2.17,3.02,2.44
10886,0.86,4.39,41.15,62.72,3.96,2.06,2.59,2.08,0.73,1.79
10887,2.3,5.83,21.08,56.61,5.09,1.19,0.42,1.62,0.63,1.79
10888,1.12,0.2,80.15,38.0,5.28,2.56,0.31,1.82,0.0,0.0
10889,1.4,1.4,44.1,62.82,3.46,1.7,0.81,0.66,2.73,0.0
10890,1.36,2.61,39.08,38.73,4.98,2.59,2.89,1.88,0.76,0.0
10891,4.59,4.91,77.49,33.06,4.43,1.05,0.32,2.06,1.71,0.35
10892,8.0,0.72,41.03,37.94,4.47,2.73,0.82,3.53,0.0,0.96
10893,8.4,1.1,40.12,30.25,3.5,2.8,2.72,0.41,0.93,0.34
10894,7.98,6.36,37.16,22.85,5.14,0.0,0.94,0.96,3.52,2.09
10895,3.54,3.07,57.59,56.66,5.07,4.15,1.0,2.39,1.1,0.38
10896,0.5,3.04,55.46,47.34,4.35,0.49,1.06,3.03,1.81,0.68
10897,4.6,2.49,47.8,54.26,3.45,3.9,0.0,2.7,1.45,1.63
10898,6.82,7.35,44.45,44.91,5.06,0.44,2.14,3.49,2.57,0.43
10899,5.63,3.32,30.25,63.69,4.35,1.63,1.22,2.17,1.82,0.0
10900,5.3,4.33,37.19,73.31,2.34,0.0,0.58,0.0,2.75,0.94
10901,6.57,0.86,18.93,54.94,5.22,0.04,2.25,1.65,1.08,0.49
10902,4.07,7.02,49.72,41.57,4.37,2.13,2.49,4.57,2.73,0.94
10903,12.25,2.28,21.5,42.5,2.02,0.0,2.92,0.0,2.76,2.47
10904,8.98,2.27,63.07,22.37,5.17,1.97,0.77,0.0,2.74,0.8
10905,4.38,5.55,32.29,58.2,2.39,4.33,1.42,0.96,0.65,1.03
10906,8.37,4.1,42.93,69.95,2.62,0.33,1.05,0.41,1.7,0.0
10907,6.48,2.7,43.65,48.15,2.76,2.09,0.72,2.66,2.88,0.69
10908,2.63,5.87,74.37,64.6,3.9,2.52,1.64,1.42,0.36,0.27
10909,0.5,3.49,55.44,31.42,2.6,3.36,0.53,1.42,1.93,2.54
10910,5.57,3.0,43.46,82.6,1.85,4.37,1.22,1.54,0.0,0.0
10911,3.41,0.35,42.75,78.97,2.06,4.0,1.4,2.65,2.28,0.26
10912,0.5,0.84,40.15,93.57,5.42,2.66,0.73,1.96,4.08,0.0
10913,9.36,4.17,42.11,64.35,4.35,2.52,1.29,0.0,2.93,0.73
10914,2.87,2.35,37.18,64.09,2.69,1.42,3.76,3.25,3.43,1.01
10915,14.67,8.11,35.43,69.17,4.89,0.57,2.07,2.98,2.27,0.35
10916,7.14,8.52,28.99,32.41,3.32,3.6,1.93,0.87,2.34,0.48
10917,3.06,6.83,32.59,96.87,2.58,2.58,0.82,5.3,0.83,0.0
10918,2.52,1.1,22.22,54.28,2.32,2.08,2.88,0.0,2.95,0.29
10919,7.77,2.2,53.09,24.47,3.41,1.03,2.04,3.02,3.17,0.29
10920,6.79,1.14,38.12,39.63,4.71,1.44,0.38,0.0,5.66,0.85
10921,7.79,3.41,48.03,51.02,2.27,1.17,2.57,0.0,0.67,0.15
10922,8.44,5.94,64.45,33.48,2.89,1.11,1.13,4.33,1.61,0.0
10923,9.6,6.0,50.47,57.85,3.43,0.63,1.32,2.7,1.77,0.0
10924,8.58,6.67,33.3,75.99,3.81,1.08,1.46,1.37,1.21,0.9
10925,6.07,1.36,42.96,55.92,4.06,0.92,3.14,2.74,0.0,0.47
10926,5.39,6.71,43.01,47.83,5.15,0.0,0.0,2.12,1.02,1.28
10927,7.97,0.87,44.87,49.73,4.1,1.88,1.04,0.0,1.31,3.08
10928,1.52,2.55,57.76,71.78,4.77,2.78,0.0,2.62,0.95,0.48
10929,6.61,7.49,51.15,95.87,4.03,0.0,1.25,1.95,0.81,0.26
10930,7.52,7.38,39.24,37.2,5.56,3.72,2.7,6.83,2.13,0.35
10931,9.62,5.8,37.07,56.53,5.72,2.6,1.79,1.27,1.99,1.4
10932,4.74,8.53,58.34,66.06,2.55,0.48,0.0,1.23,0.0,1.29
10933,7.63,4.81,44.85,65.18,3.64,3.25,2.61,1.68,4.87,1.75
10934,5.56,3.49,38.83,43.36,4.01,0.59,3.39,0.06,2.14,1.16
10935,2.21,0.48,50.19,66.68,3.7,3.56,3.17,0.0,2.62,0.0
10936,5.52,3.63,60.84,67.95,4.1,1.08,3.17,3.55,2.24,0.0
10937,8.25,4.98,40.17,96.6,3.26,1.19,0.87,1.84,0.51,0.1
10938,4.88,6.03,35.73,100.0,2.94,1.85,1.06,3.35,0.0,0.0
10939,7.77,4.33,31.53,82.27,5.39,1.4,2.15,0.0,0.84,0.0
10940,5.32,4.3,38.6,65.4,5.52,0.0,3.17,2.31,0.0,0.0
10941,0.5,0.72,52.47,37.79,2.7,3.78,0.61,2.1,4.07,0.23
10942,7.08,4.52,21.07,33.38,1.46,3.65,0.0,3.65,1.82,1.99
10943,5.96,2.28,19.43,59.75,3.73,3.56,1.34,0.0,0.69,2.87
10944,6.28,3.1,51.95,54.37,2.89,1.55,0.39,2.98,1.28,1.74
10945,10.32,5.24,31.55,96.7,0.66,1.93,0.0,2.16,0.2,0.0
10946,0.8,5.29,62.46,32.33,5.67,2.8,2.02,0.69,1.45,0.29
10947,11.84,4.59,49.33,52.06,4.1,3.3,0.9,1.96,3.13,1.81
10948,0.63,2.35,58.24,57.93,4.21,2.17,0.0,0.47,3.36,0.0
10949,9.39,3.97,57.76,63.4,5.03,2.72,2.73,3.62,0.72,0.0
10950,4.19,5.79,35.48,31.53,4.85,3.72,1.74,2.95,1.73,0.95
10951,5.68,4.12,67.92,67.2,4.14,1.84,1.76,0.32,2.3,0.4
10952,4.51,1.04,60.07,40.53,3.49,0.96,1.71,5.15,3.91,1.65
10953,8.85,3.27,44.18,51.05,0.66,0.0,1.07,0.57,1.19,1.39
10954,4.32,3.9,64.81,33.79,5.65,3.34,1.27,1.3,1.62,0.55
10955,0.5,2.34,42.06,50.33,1.32,2.61,0.35,1.06,2.41,0.29
10956,5.3,1.94,19.24,79.29,3.22,1.89,1.8,2.69,0.04,0.94
10957,4.71,3.84,33.91,40.39,5.16,1.59,3.38,4.01,2.14,0.68
10958,12.75,9.37,10.74,38.51,0.56,1.05,0.0,0.67,0.0,0.88
10959,0.58,1.06,44.76,34.7,1.45,2.46,0.36,1.85,4.8,1.57
10960,6.57,6.85,40.45,27.17,6.32,3.64,2.75,1.28,3.35,0.0
10961,5.74,2.16,33.81,45.04,4.52,1.42,1.03,2.44,2.9,0.75
10962,10.4,4.9,56.42,54.24,4.56,0.63,0.78,1.57,0.02,0.94
10963,10.32,4.88,44.75,54.76,0.0,2.84,0.68,0.0,0.0,0.0
10964,2.87,5.85,9.08,34.47,1.63,0.0,1.45,3.12,3.24,0.92
10965,0.71,5.16,52.13,36.42,4.18,1.47,2.49,3.23,0.7,0.69
10966,0.5,4.71,44.21,46.93,6.54,1.49,0.77,3.23,0.0,0.0
10967,9.75,5.02,47.26,53.1,2.61,3.23,0.0,1.86,0.85,1.31
10968,5.85,2.33,23.78,43.32,4.24,1.75,1.4,2.78,0.84,2.48
10969,3.82,5.48,49.39,55.26,3.62,2.67,2.72,2.81,3.5,0.41
10970,6.79,4.47,45.62,53.9,5.29,4.13,1.8,1.96,5.29,1.73
10971,3.91,4.87,43.46,37.16,5.3,1.89,0.1,2.27,5.21,0.0
10972,5.73,5.25,55.06,60.77,0.36,0.94,2.13,2.0,1.11,1.46
10973,5.7,5.82,32.57,55.27,4.16,4.5,3.29,0.66,1.61,0.04
10974,4.75,3.2,54.96,100.0,3.14,2.12,0.59,2.43,3.48,1.37
10975,3.32,4.94,33.59,65.0,1.21,0.37,0.0,4.02,4.88,0.78
10976,4.43,5.79,64.7,29.41,1.98,2.83,0.45,2.96,0.0,0.61
10977,2.92,1.76,39.89,54.77,4.45,2.11,1.29,2.1,0.07,1.42
10978,11.21,4.86,38.33,65.54,3.61,1.26,4.3,0.94,0.56,0.28
10979,12.86,5.35,50.77,22.5,2.7,2.41,2.06,3.85,0.0,0.5
10980,7.03,2.63,44.57,58.38,4.45,1.64,1.62,2.55,3.62,0.0
10981,2.11,6.07,32.07,63.52,3.67,5.74,0.97,2.01,5.22,0.0
10982,4.31,6.94,16.59,46.31,3.9,0.38,3.89,2.68,1.3,0.99
10983,4.02,6.3,37.35,18.55,6.1,3.38,2.42,1.07,0.02,0.0
10984,6.24,6.65,28.11,54.43,5.05,0.71,2.53,2.35,1.73,1.37
10985,9.79,4.66,45.66,41.76,5.0,1.69,1.82,0.0,3.3,0.0
10986,6.86,5.81,15.95,50.24,5.73,2.64,1.47,1.63,2.39,0.4
10987,4.94,4.27,68.04,27.59,5.06,0.98,1.06,0.93,5.1,1.11
10988,7.83,4.49,33.97,52.33,2.89,1.2,0.75,1.38,2.85,0.83
10989,4.52,5.55,36.19,58.21,1.16,2.23,0.65,0.78,0.28,1.75
10990,8.71,3.87,21.07,54.07,4.8,4.59,2.55,3.51,0.0,0.59
10991,4.13,7.05,66.98,59.35,2.75,0.74,0.82,0.0,0.0,0.0
10992,12.86,9.34,26.7,46.33,5.3,3.16,2.57,1.03,1.93,1.79
10993,6.06,5.56,50.81,72.31,4.23,3.33,2.83,4.21,0.6,0.5
10994,4.63,4.34,67.27,74.74,1.21,0.36,0.2,2.83,1.32,1.0
10995,0.5,1.59,53.0,53.74,2.37,1.25,1.82,0.92,3.77,0.38
10996,0.5,4.18,32.07,37.7,3.12,0.0,0.0,0.91,0.97,1.54
10997,10.88,4.82,33.6,89.37,3.07,0.78,1.65,0.41,1.24,1.53
10998,2.75,7.17,45.43,48.46,2.43,3.68,2.13,3.03,0.72,0.0
10999,4.69,6.2,45.25,100.0,2.99,3.44,2.31,3.79,0.0,0.0
11000,1.3,6.48,82.89,41.76,2.66,0.79,0.81,2.68,0.0,2.13
11001,7.49,1.02,45.89,73.33,4.62,0.96,3.53,3.68,0.13,1.71
11002,11.73,7.59,43.9,75.07,4.53,0.0,1.67,2.25,3.41,0.71
11003,7.22,4.44,54.02,66.94,2.05,3.16,1.92,1.62,2.94,0.54
11004,5.81,4.39,55.49,27.83,1.4,2.06,0.79,2.92,0.08,0.73
11005,4.75,3.07,56.35,67.64,4.65,4.11,2.77,2.42,1.79,0.27
11006,3.2,6.71,46.83,73.68,1.7,0.84,1.07,4.35,1.63,1.32
11007,9.35,7.71,53.04,16.84,4.6,3.27,1.99,1.81,2.74,1.0
11008,2.46,2.61,55.55,38.53,6.68,2.04,1.44,2.45,3.14,0.0
11009,5.14,2.4,58.24,70.24,5.6,0.0,0.0,3.73,0.39,1.17
11010,10.48,5.25,67.19,59.43,2.25,1.13,4.6,2.31,0.62,0.72
11011,2.77,5.94,44.31,80.13,4.4,2.63,2.46,3.82,0.0,0.0
11012,9.72,2.73,28.68,75.13,1.52,0.39,2.9,1.24,1.76,0.75
11013,6.58,4.03,43.31,79.56,2.11,1.64,0.0,3.6,0.0,1.59
11014,9.67,0.44,37.4,57.41,3.2,2.96,0.54,0.4,0.41,1.16
11015,9.64,6.81,41.16,68.06,3.52,3.56,2.85,3.43,0.17,0.69
11016,4.66,3.71,37.27,74.47,2.21,0.43,0.39,0.9,0.7,0.73
11017,10.03,2.93,39.61,46.53,0.49,3.72,0.0,0.0,2.97,0.8
11018,8.55,4.23,36.3,42.42,5.12,2.59,1.44,1.0,3.04,1.47
11019,2.53,4.79,72.08,59.88,5.33,2.33,1.86,3.05,0.59,1.77
11020,7.06,6.03,43.97,61.26,3.46,3.56,1.3,1.82,1.83,2.0
11021,4.51,4.45,62.4,60.46,5.04,1.67,2.59,2.25,3.49,2.73
11022,8.7,3.04,32.18,42.56,5.93,4.76,1.09,0.0,1.9,1.11
11023,7.26,5.22,28.43,73.53,3.39,0.0,2.52,3.15,1.58,0.41
11024,6.14,2.01,42.49,16.16,3.21,0.66,4.18,4.41,4.26,2.26
11025,5.2,0.24,45.05,44.24,2.82,1.98,1.94,1.47,2.97,1.57
11026,7.23,4.73,53.98,70.2,3.72,2.57,2.76,0.5,2.3,0.52
11027,3.11,7.45,37.62,79.66,3.16,0.0,0.93,2.86,1.63,0.84
11028,8.87,3.12,45.68,52.98,2.66,1.91,1.01,2.38,3.13,1.47
11029,5.39,4.88,51.66,46.82,2.2,0.0,1.13,2.7,3.1,1.19
11030,2.01,2.2,51.92,51.05,0.9,1.24,1.18,0.56,0.09,0.55
11031,9.39,0.0,0.0,54.79,2.25,2.41,1.32,2.01,2.96,0.87
11032,7.66,6.81,39.22,54.14,3.84,2.92,1.55,2.01,0.45,0.75
11033,2.94,3.47,30.14,50.25,2.98,1.36,0.63,0.0,0.14,0.86
11034,1.13,1.16,41.17,33.09,3.94,3.92,1.58,0.21,0.08,1.67
11035,4.26,3.45,58.13,24.21,5.93,1.4,1.44,1.59,1.29,0.05
11036,9.0,9.56,57.64,49.72,4.84,2.59,0.16,2.58,1.55,0.2
11037,3.21,4.17,70.68,59.84,3.74,3.7,0.45,2.43,2.58,0.0
11038,10.56,4.05,22.65,45.1,1.48,1.8,3.36,2.6,3.16,2.41
11039,2.88,2.29,51.47,69.26,3.08,1.69,2.06,1.23,1.5,0.55
11040,6.78,5.99,38.3,13.66,2.67,5.83,0.42,3.1,2.03,0.04
11041,4.33,4.97,37.93,56.31,3.1,3.02,2.39,1.37,4.29,0.0
11042,8.53,7.37,60.93,49.09,3.84,3.87,2.92,0.91,0.82,0.0
11043,5.4,1.96,50.25,65.72,2.88,1.29,1.03,2.22,1.53,1.26
11044,5.7,5.19,52.01,74.22,2.79,1.06,1.29,1.25,0.21,0.04
11045,3.12,4.83,56.22,86.55,6.32,1.54,3.7,0.35,0.69,0.0
11046,7.47,1.8,36.97,36.06,1.2,2.27,1.55,1.57,2.27,3.1
11047,2.09,5.61,60.1,74.82,3.7,1.32,2.74,0.93,3.02,1.21
11048,9.49,3.75,16.58,60.75,4.18,0.42,1.73,4.15,0.24,1.21
11049,7.5,4.29,61.76,65.34,1.07,4.43,2.01,1.68,2.72,0.27
11050,5.46,1.61,45.08,61.79,5.06,2.51,1.18,0.0,1.47,1.59
11051,5.89,3.35,55.22,50.25,4.45,2.05,1.68,2.76,1.94,2.38
11052,4.39,3.37,43.41,28.31,4.61,1.94,1.78,0.0,0.86,0.77
11053,3.79,2.77,71.81,61.77,3.95,3.88,1.25,1.32,0.52,0.28
11054,6.85,5.03,53.8,68.65,3.78,1.03,0.0,2.45,1.56,1.54
11055,11.66,3.41,38.47,40.95,6.19,2.38,0.92,0.82,2.1,0.11
11056,5.0,2.89,28.05,68.31,3.46,0.56,1.41,3.73,4.04,1.3
11057,7.99,7.39,46.15,41.91,2.23,2.29,2.61,1.15,1.86,1.67
11058,3.03,4.99,43.73,61.92,4.1,2.49,1.21,0.11,0.0,0.0
11059,3.92,3.68,73.98,40.23,5.21,0.96,0.99,2.69,3.2,2.14
11060,0.5,0.0,85.36,45.2,5.99,0.71,2.05,1.01,3.55,0.0
11061,3.43,4.7,40.59,61.54,3.32,4.09,0.0,3.73,0.05,0.0
11062,4.62,1.71,53.95,69.19,3.49,3.22,0.9,3.24,2.53,0.0
11063,3.57,7.25,41.97,83.84,2.58,2.81,0.38,2.38,1.84,0.0
11064,8.92,5.94,40.37,93.83,4.98,2.8,3.7,0.0,1.81,0.0
11065,13.1,5.64,36.16,60.51,4.75,1.36,1.32,0.68,0.56,0.13
11066,9.64,6.02,55.46,48.28,3.08,0.3,1.02,0.17,0.0,0.14
11067,9.63,5.01,53.97,53.11,3.57,2.08,3.01,0.1,0.92,1.1
11068,4.5,7.85,26.39,45.38,3.28,2.73,2.33,2.07,0.0,0.29
11069,10.18,9.66,34.99,35.52,2.48,2.18,0.57,2.95,0.56,0.29
11070,1.6,8.57,45.19,56.41,6.48,4.02,1.09,0.34,2.44,0.57
11071,8.68,4.79,42.06,82.58,5.74,7.36,1.89,2.51,2.78,1.73
11072,6.56,6.65,54.72,70.38,3.59,2.03,1.12,0.86,1.63,0.0
11073,1.89,4.03,43.25,44.16,5.24,1.82,2.22,2.56,0.34,0.56
11074,1.92,0.06,65.8,100.0,1.68,1.35,0.64,1.02,0.77,0.72
11075,5.44,1.98,0.0,67.8,6.11,2.83,2.55,2.85,2.36,1.94
11076,2.14,4.38,51.62,62.95,3.26,0.0,0.87,1.92,2.43,0.0
11077,13.33,3.68,62.58,64.45,2.78,2.4,0.0,3.53,0.0,1.81
11078,5.61,4.16,50.13,58.76,2.08,0.0,1.79,2.98,0.92,2.03
11079,4.99,5.23,25.05,58.29,2.37,1.84,0.94,2.59,0.49,0.4
11080,3.67,4.06,32.95,56.93,4.89,2.63,2.04,2.39,0.0,1.1
11081,5.96,5.92,39.63,31.75,2.79,1.2,1.98,1.41,3.6,2.6
11082,4.6,0.51,53.47,100.0,4.59,2.37,0.17,2.1,0.0,0.53
11083,2.87,0.41,46.35,72.01,1.51,2.99,2.33,0.46,2.41,0.37
11084,0.81,0.4,44.67,61.77,0.57,0.93,0.51,1.08,1.76,0.95
11085,6.51,4.33,47.18,80.35,1.43,2.58,0.94,3.39,2.64,1.44
11086,14.23,0.0,36.19,35.76,3.81,3.55,1.02,2.16,1.61,0.77
11087,7.72,1.73,29.72,42.24,1.66,1.99,2.35,3.43,0.94,0.0
11088,6.86,4.68,44.85,47.53,4.26,0.55,1.94,3.17,1.64,1.07
11089,4.02,0.68,55.02,52.24,2.46,1.47,0.0,2.33,2.52,0.62
11090,7.55,3.93,40.56,43.35,4.16,2.28,0.0,2.65,1.21,1.69
11091,10.01,4.12,59.8,54.61,3.32,0.0,0.94,2.71,0.54,1.22
11092,6.38,5.1,46.47,65.65,4.52,1.6,0.39,2.13,2.16,0.0
11093,3.64,3.35,38.32,65.04,1.6,1.78,0.35,1.12,2.57,1.63
11094,5.54,4.75,25.28,28.44,4.63,0.98,3.64,3.11,2.67,0.61
11095,8.91,3.96,23.56,87.28,4.11,0.24,2.27,3.69,0.78,0.61
11096,7.83,6.41,34.58,34.57,2.0,0.0,1.51,2.85,2.34,1.76
11097,3.66,4.55,38.39,56.13,3.88,2.8,1.05,3.0,2.52,0.0
11098,3.88,3.57,44.81,39.48,4.89,4.51,2.5,0.58,3.68,0.59
11099,4.53,0.6,25.59,80.99,4.86,2.78,4.32,0.0,2.5,0.0
11100,5.51,5.79,34.68,59.53,5.44,2.23,0.78,1.77,3.75,0.0
11101,2.35,3.49,32.77,46.33,3.55,2.6,1.81,2.84,2.38,0.0
11102,4.9,2.5,63.39,57.87,3.22,2.63,2.1,1.65,3.12,0.01
11103,2.02,4.76,56.56,100.0,1.77,3.42,0.82,0.18,1.57,0.0
11104,3.13,5.01,65.2,60.51,6.31,4.17,1.42,2.21,0.0,0.0
11105,7.52,1.24,25.26,62.58,3.42,2.98,1.6,2.62,2.78,1.77
11106,3.63,4.1,53.0,58.84,5.44,2.19,2.99,4.33,3.39,1.69
11107,3.67,9.19,59.53,31.17,5.52,2.68,1.9,1.86,0.0,0.97
11108,7.89,5.63,32.23,89.17,0.81,1.13,1.72,4.16,1.42,0.64
11109,8.15,6.21,62.9,56.5,5.87,1.27,2.88,0.84,0.21,0.95
11110,9.86,3.01,63.32,43.33,1.24,2.27,0.9,1.19,3.69,0.16
11111,8.35,7.18,27.0,46.82,5.75,3.35,2.61,4.73,3.64,0.61
11112,3.93,3.13,55.47,61.18,2.57,0.72,3.37,3.33,3.02,0.76
11113,2.15,4.19,56.89,50.75,3.13,1.01,1.67,2.98,0.0,0.0
11114,2.07,7.0,44.23,66.86,5.28,3.03,0.59,1.69,0.25,0.08
11115,8.11,2.28,41.81,32.17,5.81,1.67,0.0,1.77,0.35,1.16
11116,4.99,1.57,62.29,55.56,3.88,1.22,1.51,1.19,3.6,1.53
11117,3.74,3.01,22.71,44.28,4.01,1.32,2.31,2.07,0.99,1.58
11118,9.04,0.25,2.06,14.4,4.36,0.97,1.56,1.02,1.46,1.11
11119,4.52,4.16,37.38,17.35,3.61,0.9,0.77,2.62,3.22,1.76
11120,4.3,4.14,25.19,55.27,2.27,2.96,0.0,3.87,0.94,0.06
11121,3.59,3.13,66.04,36.52,2.33,3.67,3.18,3.18,3.28,1.54
11122,8.39,2.27,45.65,57.08,1.61,2.16,0.67,1.58,0.0,1.34
11123,6.22,4.42,39.43,60.2,4.02,0.31,1.05,1.7,1.36,0.85
11124,1.05,3.41,56.5,43.18,1.98,4.87,1.31,4.27,2.46,1.39
11125,9.89,5.4,45.46,21.71,2.84,3.79,2.09,4.89,2.55,1.18
11126,5.38,2.09,79.82,62.76,6.08,2.29,0.96,0.14,1.66,0.0
11127,5.86,4.91,42.37,49.48,5.09,0.18,3.55,1.03,2.73,0.24
11128,4.95,3.06,58.27,81.17,3.49,1.59,2.67,2.06,2.7,2.32
11129,7.34,6.05,36.76,42.42,2.99,3.34,2.26,0.88,2.82,2.16
11130,2.36,4.63,59.93,67.82,3.63,4.18,1.71,1.17,3.26,0.0
11131,13.0,6.11,56.52,36.03,1.9,3.97,3.33,2.68,0.52,1.14
11132,3.49,4.74,50.09,36.58,5.64,2.99,4.16,0.06,5.41,0.77
11133,7.35,2.89,23.78,66.39,7.8,0.48,1.8,0.0,0.0,0.0
11134,6.05,5.43,41.49,30.74,2.22,1.62,2.78,2.78,2.53,0.41
11135,3.07,2.51,41.32,33.74,3.19,1.6,1.76,0.98,1.04,1.32
11136,8.48,4.14,25.84,45.42,2.68,3.58,1.6,1.1,1.13,2.0
11137,6.03,4.19,53.4,53.63,1.2,1.67,0.41,3.29,1.14,0.0
11138,5.94,3.2,19.25,44.72,3.26,2.37,0.18,3.06,0.72,2.04
11139,6.77,3.25,52.45,13.8,0.29,1.39,0.0,4.19,2.25,1.29
11140,3.58,1.59,47.88,57.95,5.34,3.23,2.75,2.77,1.86,0.2
11141,4.46,6.5,50.6,44.12,1.77,3.01,1.18,2.11,1.21,0.92
11142,5.53,7.29,58.22,36.99,5.62,0.0,2.41,2.55,0.16,0.35
11143,5.07,2.0,43.02,51.78,5.0,4.47,3.34,1.4,1.28,2.71
11144,7.74,2.79,32.68,65.85,3.2,3.29,1.47,3.12,0.77,0.73
11145,7.72,5.38,33.27,44.29,1.42,0.0,1.09,2.03,0.0,0.45
11146,5.4,5.14,41.68,57.28,4.16,2.21,3.14,2.73,0.24,1.4
11147,5.48,2.11,60.52,48.59,2.83,0.0,1.49,3.92,2.18,0.0
11148,11.48,3.65,68.76,74.36,4.84,1.66,1.31,0.12,1.24,0.61
11149,6.78,7.42,42.49,35.0,0.7,4.38,2.18,2.21,0.0,0.24
11150,13.47,3.75,64.64,9.95,4.36,4.95,2.49,1.43,3.0,1.43
11151,3.46,2.49,11.03,48.32,2.89,2.83,0.77,1.38,1.67,0.0
11152,2.97,1.59,46.8,45.77,7.29,4.53,3.37,1.52,3.1,0.26
11153,4.75,6.42,37.21,56.11,4.78,2.07,1.2,0.4,3.49,1.56
11154,6.9,5.58,28.28,28.74,2.97,4.44,0.0,0.27,0.0,0.87
11155,5.16,7.1,33.7,24.78,5.24,3.09,3.54,1.63,1.79,0.53
11156,8.42,2.56,45.05,62.99,2.92,2.27,1.23,0.0,0.29,0.0
11157,10.59,1.25,59.07,40.3,5.06,3.42,0.52,1.74,0.0,1.01
11158,9.5,4.21,19.71,52.46,2.7,1.23,1.18,1.88,2.39,1.42
11159,6.06,2.06,31.14,49.66,3.34,2.93,0.0,0.0,1.26,2.19
11160,5.87,3.12,73.67,35.12,2.49,1.09,0.0,1.91,1.73,3.04
11161,6.7,3.56,56.53,35.14,3.2,0.13,2.13,1.41,2.86,1.17
11162,8.45,3.43,45.4,28.69,2.91,1.82,2.45,1.7,2.11,4.52
11163,9.91,4.51,48.69,41.76,3.3,3.46,0.0,2.99,1.65,0.84
11164,10.04,4.82,22.78,28.74,4.37,2.66,1.65,3.65,2.29,0.0
11165,2.09,5.15,71.27,86.3,2.71,1.05,3.06,1.82,0.73,1.04
11166,3.86,5.02,51.84,91.97,3.0,3.12,3.0,2.12,2.56,1.64
11167,4.46,4.0,51.09,100.0,2.21,1.9,1.05,4.73,0.0,0.37
11168,10.43,3.27,47.34,57.9,6.08,0.13,1.66,1.27,3.03,0.89
11169,3.46,5.01,53.52,68.85,3.4,2.7,2.9,5.43,3.68,1.81
11170,4.78,8.34,14.49,52.14,5.25,0.77,1.63,3.03,0.7,0.0
11171,10.08,4.14,46.17,54.57,2.61,1.39,0.79,2.0,2.08,1.5
11172,4.33,7.82,60.15,66.67,3.06,1.99,3.39,4.1,1.35,1.14
11173,6.53,0.75,63.59,14.39,5.01,2.56,1.94,0.0,3.39,1.74
11174,8.41,3.29,44.37,55.91,4.32,3.91,2.81,3.68,1.1,0.0
11175,4.08,4.63,53.05,64.25,4.3,1.11,0.88,0.0,3.58,0.32
11176,3.61,3.99,36.8,50.72,5.78,2.13,3.34,1.71,1.11,1.39
11177,2.15,4.99,55.64,53.71,5.27,3.38,0.95,3.85,2.22,0.58
11178,4.2,3.18,29.38,30.01,3.83,3.51,1.19,0.82,1.94,1.57
11179,3.41,4.52,28.85,35.46,3.47,3.52,1.59,2.89,2.36,0.0
11180,9.87,5.84,32.93,58.2,2.56,0.93,2.6,2.7,1.25,0.0
11181,8.19,1.91,42.09,96.89,4.36,0.49,1.48,0.52,4.4,1.65
11182,8.97,4.56,26.05,90.99,3.42,3.07,1.24,3.89,4.15,1.04
11183,7.55,3.01,76.84,20.28,4.95,3.4,1.87,0.0,4.1,0.0
11184,4.56,0.91,42.15,65.22,3.88,1.2,1.5,0.0,0.96,0.52
11185,2.73,3.2,45.67,54.84,1.92,2.9,0.19,2.96,0.0,0.0
11186,11.8,1.85,36.73,39.61,4.24,0.0,1.75,1.65,1.43,1.17
11187,7.4,6.72,43.11,71.62,3.19,0.26,0.0,3.28,3.22,0.0
11188,1.5,2.77,41.72,58.3,4.09,5.7,2.08,3.24,1.97,1.78
11189,5.27,4.81,44.13,55.99,3.78,3.36,2.44,1.34,1.28,0.0
11190,3.22,8.72,82.22,11.82,5.43,3.0,2.39,0.0,3.91,1.14
11191,6.3,5.91,41.19,62.93,5.64,0.15,3.61,2.68,2.42,0.25
11192,7.94,6.38,37.69,29.05,3.76,1.94,2.43,0.92,3.92,1.39
11193,8.17,4.57,53.6,79.57,4.45,1.51,3.81,5.06,3.07,1.54
11194,7.64,5.52,62.97,90.4,2.08,3.92,1.99,2.05,1.08,0.39
11195,6.12,3.54,53.91,62.89,2.99,2.46,0.94,0.0,3.79,1.12
11196,2.92,4.97,56.7,75.84,4.28,2.62,1.3,1.5,0.0,0.75
11197,4.44,1.85,45.62,90.2,2.88,2.47,1.9,0.74,1.14,0.97
11198,0.5,4.0,8.91,31.69,5.87,2.13,1.77,1.81,2.67,0.41
11199,1.62,4.64,36.38,64.55,2.46,1.43,3.04,1.71,0.54,0.0
11200,8.82,5.3,27.69,75.65,2.79,1.45,2.62,1.58,0.17,0.21
11201,3.83,4.41,32.3,97.58,4.3,0.0,3.22,3.08,0.08,0.88
11202,9.92,2.54,13.62,37.56,5.51,4.35,3.05,2.6,1.14,1.53
11203,1.98,4.23,49.58,56.98,3.01,1.73,0.0,2.18,2.22,0.75
11204,13.69,5.86,21.62,7.51,3.61,1.75,0.0,0.0,0.96,0.0
11205,9.83,5.25,64.89,93.63,3.13,2.75,1.77,2.72,3.58,0.0
11206,2.04,1.48,42.23,60.33,4.15,0.0,1.6,3.29,2.12,0.0
11207,4.11,9.44,58.65,52.92,2.59,1.45,1.99,4.39,1.45,0.21
11208,1.32,2.65,41.13,51.89,1.32,1.29,0.45,4.18,0.7,1.79
11209,6.04,3.62,42.32,87.06,3.19,1.78,2.63,3.17,3.14,0.37
11210,0.73,1.09,41.39,64.74,1.44,2.89,0.0,4.09,1.32,1.39
11211,0.5,5.09,63.32,39.61,1.19,0.71,2.87,1.87,1.63,0.0
11212,7.3,4.8,50.17,19.87,4.78,1.57,0.77,4.67,1.2,0.9
11213,8.42,2.24,52.09,40.35,2.81,1.85,2.58,0.0,3.01,1.21
11214,6.88,5.02,47.4,35.56,4.66,1.6,3.9,1.72,0.85,2.09
11215,6.87,4.7,36.65,65.37,5.33,2.44,3.34,3.28,2.95,1.86
11216,0.5,4.51,65.47,65.37,4.71,1.52,2.93,0.23,1.22,1.8
11217,7.74,2.68,50.51,59.69,2.82,0.9,2.13,2.48,2.91,1.18
11218,6.82,2.64,59.83,15.48,2.55,0.22,2.72,4.1,0.0,1.81
11219,7.95,4.87,34.16,43.53,2.49,1.49,3.74,1.43,1.79,1.66
11220,6.07,8.5,23.09,63.13,2.0,0.0,0.2,0.45,0.76,0.35
11221,4.89,7.3,60.37,32.84,0.43,1.66,1.39,2.41,1.96,0.0
11222,1.6,2.64,36.55,71.3,5.36,2.76,2.47,4.11,1.71,0.57
11223,4.94,4.39,42.71,63.22,1.28,0.9,1.56,1.03,1.93,0.42
11224,1.37,6.83,51.55,41.59,3.87,0.08,0.79,3.31,0.98,0.15
11225,4.09,4.05,64.23,71.5,2.68,0.44,2.13,2.28,0.79,0.7
11226,5.05,5.41,39.74,58.18,0.75,1.29,0.74,0.37,1.3,0.58
11227,8.79,3.58,50.95,33.2,4.28,1.53,3.12,2.96,1.98,0.43
11228,9.26,3.5,34.81,63.26,1.83,3.9,2.21,2.86,0.18,0.36
11229,9.1,7.66,40.13,55.91,3.66,1.64,2.06,2.11,1.14,0.24
11230,2.8,3.37,18.86,74.07,4.21,3.02,2.2,1.96,2.82,0.55
11231,5.23,2.41,63.24,44.97,2.79,0.33,0.06,2.07,1.1,0.21
11232,4.21,5.0,46.05,55.7,4.25,3.16,3.11,3.71,2.73,0.46
11233,5.01,2.59,11.18,50.19,2.01,3.66,0.96,1.77,4.52,1.52
11234,4.25,4.85,69.33,56.96,1.8,2.55,2.02,3.98,2.18,0.5
11235,5.25,3.29,76.85,36.73,5.65,4.4,3.05,2.78,3.74,1.24
11236,6.25,1.25,37.35,44.97,3.11,1.6,0.0,0.03,2.52,1.52
11237,7.96,5.24,66.01,58.42,2.87,0.85,1.49,4.46,0.0,1.39
11238,0.83,5.1,38.8,37.15,2.52,2.12,1.9,4.42,1.22,1.16
11239,7.92,3.82,37.79,100.0,2.26,0.66,1.25,4.22,3.23,0.0
11240,10.69,3.14,42.96,36.72,3.94,2.49,1.86,0.81,2.96,0.79
11241,10.54,5.01,33.56,78.14,3.29,0.3,2.42,3.57,2.06,1.66
11242,5.59,2.04,32.04,52.84,2.83,0.74,2.37,4.3,0.05,0.66
11243,5.37,7.02,24.41,86.97,3.79,3.99,0.52,3.68,1.9,0.0
11244,5.55,5.86,76.57,31.95,1.75,2.13,2.25,0.0,4.04,0.0
11245,7.89,3.95,55.4,71.47,2.48,1.91,0.0,0.99,2.29,0.0
11246,9.88,3.86,35.73,50.0,0.25,1.36,0.0,2.12,0.0,0.68
11247,6.33,2.41,54.18,46.14,5.59,3.11,2.72,0.0,2.58,0.0
11248,5.24,3.68,45.87,70.05,1.25,1.3,1.43,2.7,2.52,1.4
11249,2.59,3.99,56.22,21.55,4.12,2.57,0.65,0.99,4.02,0.85
11250,6.09,5.46,58.54,33.27,0.38,4.29,0.34,2.52,1.64,0.94
11251,9.94,3.04,59.5,7.79,1.51,0.29,0.35,2.29,0.0,0.05
11252,4.12,4.51,37.07,92.89,3.92,0.0,0.8,3.53,1.31,1.39
11253,5.76,5.14,45.19,53.69,3.09,1.96,1.53,2.32,2.61,0.77
11254,8.6,3.81,47.05,67.92,3.54,0.58,0.0,2.81,1.55,0.31
11255,4.9,4.83,51.94,48.26,2.55,2.85,1.8,3.29,2.91,0.42
11256,4.91,1.68,30.42,41.38,3.58,2.23,0.96,4.8,3.56,1.95
11257,3.36,2.13,55.42,57.03,2.81,1.92,1.15,2.02,0.0,0.94
11258,3.28,3.81,49.63,82.57,1.7,0.0,1.23,0.48,0.0,0.2
11259,7.38,3.21,38.97,37.45,4.16,2.91,1.88,0.0,3.13,0.86
11260,3.85,9.31,44.49,45.88,5.13,0.57,1.2,1.65,1.14,0.13
11261,9.49,2.82,22.47,48.45,3.66,3.48,1.75,1.68,3.26,1.9
11262,2.92,1.72,36.45,54.99,5.22,1.6,2.27,0.58,2.87,1.67
11263,11.81,4.42,51.21,64.81,1.56,2.86,1.78,0.12,0.0,0.0
11264,3.77,4.54,29.87,50.43,4.85,1.66,3.96,3.15,2.13,2.11
11265,5.34,1.78,24.04,5.06,5.69,1.46,1.59,0.93,2.7,2.71
11266,6.53,6.09,24.79,63.45,2.71,0.65,0.89,2.87,1.24,1.24
11267,9.0,3.21,55.44,46.1,2.07,2.03,0.06,3.75,2.46,0.3
11268,1.43,5.26,34.62,70.44,4.93,0.21,2.23,1.41,1.59,0.0
11269,3.03,3.6,65.34,64.71,2.53,2.03,0.04,2.38,0.9,0.0
11270,8.09,3.87,36.9,68.18,3.18,2.64,0.24,0.0,0.5,1.23
11271,5.67,0.65,60.11,62.88,5.0,3.27,1.76,0.59,0.0,0.3
11272,5.86,1.52,28.69,39.06,3.48,0.75,2.55,0.41,2.74,0.0
11273,10.7,0.0,44.39,50.48,2.52,3.92,1.35,3.53,2.19,1.57
11274,7.61,6.06,43.06,56.57,3.42,1.05,3.36,3.16,3.86,0.0
11275,6.71,1.11,44.07,42.41,1.51,0.8,2.7,0.42,1.21,3.03
11276,6.18,4.89,61.24,77.13,3.15,0.0,1.55,5.04,4.99,1.98
11277,11.53,4.15,58.4,73.11,1.47,1.74,2.88,1.89,5.2,1.45
11278,7.17,4.63,40.05,26.64,6.48,1.39,3.53,1.82,0.32,1.7
11279,7.81,2.84,57.09,48.65,5.84,3.68,3.16,0.0,2.2,0.0
11280,5.0,6.28,54.74,32.59,6.7,1.82,1.69,1.94,0.44,0.79
11281,4.58,1.2,37.56,75.3,4.89,1.77,0.62,2.95,3.13,1.47
11282,7.21,0.76,54.68,51.39,2.64,2.18,2.3,3.51,1.3,1.31
11283,7.04,1.62,79.85,51.92,3.03,2.14,0.16,1.95,1.52,1.2
11284,6.54,5.11,43.1,92.78,3.9,0.53,1.94,1.36,2.8,0.35
11285,7.01,6.08,71.9,54.09,4.7,1.08,1.87,1.25,0.0,0.0
11286,8.32,0.6,57.51,54.73,1.85,2.13,0.0,0.07,2.05,0.74
11287,8.18,1.35,41.85,36.59,3.8,2.43,3.63,0.0,2.16,1.22
11288,7.56,6.04,22.45,33.91,4.61,1.56,0.99,2.72,0.0,0.0
11289,0.5,3.33,31.82,37.35,3.31,2.72,0.61,3.45,1.22,0.16
11290,2.54,2.61,41.29,37.12,3.9,2.07,1.15,4.8,0.52,0.0
11291,3.48,5.92,38.95,58.14,1.51,1.21,0.15,1.77,0.73,1.65
11292,7.52,6.98,74.92,62.02,2.17,1.07,4.79,2.81,2.15,0.71
11293,9.23,1.47,47.88,68.25,4.43,3.49,0.41,0.44,1.99,1.72
11294,3.18,4.69,84.99,87.05,2.77,1.44,0.0,3.09,1.32,0.0
11295,5.31,2.89,53.65,29.1,1.99,0.0,0.21,4.07,0.77,1.59
11296,5.48,4.92,45.11,60.75,5.37,2.24,2.8,2.06,1.59,0.0
11297,9.4,3.12,32.17,39.85,2.33,0.59,2.4,0.71,0.66,1.96
11298,6.27,6.3,50.4,61.53,5.18,1.6,1.43,1.95,2.4,1.32
11299,3.22,3.9,23.85,11.9,3.24,0.0,1.01,0.56,1.77,0.91
11300,11.56,1.94,35.91,52.7,4.1,0.93,2.08,1.03,2.29,2.37
11301,2.78,1.97,44.4,38.39,4.86,3.05,3.18,4.43,0.0,2.13
11302,5.23,3.99,57.74,41.39,4.75,2.68,2.59,0.0,0.83,0.65
11303,4.12,0.0,26.03,44.97,4.13,1.35,2.81,0.79,1.1,2.93
11304,9.45,5.93,31.74,70.11,4.37,1.52,0.13,4.18,0.0,0.0
11305,2.98,5.46,41.04,87.4,1.72,0.69,0.01,3.0,0.0,1.53
11306,5.85,5.28,59.19,77.66,3.86,3.44,1.01,0.86,1.35,0.0
11307,5.68,2.8,55.51,78.41,0.44,1.16,2.03,1.29,1.67,1.18
11308,7.17,3.18,52.4,51.4,4.49,5.48,2.38,0.57,1.96,0.0
11309,5.23,3.58,20.11,55.0,5.94,3.23,1.85,1.79,1.06,0.51
11310,5.15,3.04,37.98,68.97,1.64,2.56,0.66,1.48,1.76,2.1
11311,4.97,0.56,40.58,13.09,2.87,2.42,2.3,0.84,2.09,1.34
11312,8.4,4.94,25.44,23.44,4.4,1.27,3.97,2.53,3.34,1.29
11313,0.5,4.6,61.35,54.48,3.97,0.0,0.94,0.0,2.1,1.37
11314,7.46,6.15,44.75,61.41,3.04,2.06,1.43,0.96,2.37,1.26
11315,5.16,2.91,28.75,42.07,1.65,0.24,0.0,3.34,1.02,0.94
11316,8.68,3.48,48.23,37.75,3.33,1.0,2.34,0.0,2.27,1.87
11317,4.91,4.5,34.19,64.14,5.03,0.81,4.58,3.86,3.21,1.58
11318,8.24,4.64,38.96,71.29,1.92,2.17,0.0,0.0,2.84,1.44
11319,6.73,3.04,31.76,74.88,2.4,3.8,0.38,1.96,3.25,0.45
11320,4.77,2.28,43.07,56.86,2.1,2.93,0.0,1.65,2.02,0.54
11321,8.42,5.29,41.37,51.99,4.56,0.0,2.61,0.06,1.45,1.05
11322,4.29,2.31,53.72,45.71,6.83,2.63,0.85,2.1,0.53,0.0
11323,10.37,6.87,56.92,56.33,1.46,0.61,1.5,1.67,3.39,1.04
11324,8.97,4.38,47.6,69.2,2.21,0.27,1.54,4.61,0.43,0.7
11325,4.7,2.24,23.03,34.99,2.45,1.31,2.01,4.41,2.34,1.28
11326,12.62,5.51,32.64,74.92,3.2,0.73,2.59,2.24,3.14,0.59
11327,1.85,3.25,57.84,69.5,3.15,1.82,1.21,3.24,1.39,0.09
11328,0.75,2.34,45.29,85.1,2.73,1.28,1.34,2.96,1.19,0.43
11329,7.02,3.86,52.48,64.72,4.49,3.47,1.83,1.27,3.07,0.75
11330,3.67,4.3,40.51,70.49,3.75,4.83,1.68,2.0,3.08,0.08
11331,9.14,4.22,24.43,59.17,3.58,3.07,1.06,0.48,1.15,0.82
11332,6.49,5.1,60.11,46.97,4.04,0.85,0.2,1.07,0.64,0.41
11333,2.63,6.38,41.36,27.92,3.93,0.0,2.08,2.31,0.85,0.76
11334,9.16,0.83,34.52,57.13,4.16,3.39,1.56,0.08,4.95,2.51
11335,9.6,5.0,28.25,49.23,4.15,0.0,1.04,2.51,1.71,0.58
11336,9.86,0.42,53.4,88.95,4.09,2.93,3.37,0.0,4.99,0.0
11337,5.05,4.7,19.61,56.87,4.01,4.45,2.88,1.73,0.0,2.14
11338,3.42,5.36,70.16,52.34,5.36,4.36,2.36,2.39,1.35,0.0
11339,4.11,0.0,40.02,47.49,2.08,2.93,0.0,1.91,4.11,0.7
11340,6.68,6.04,52.07,70.84,2.84,2.01,1.98,4.8,2.67,0.0
11341,1.02,5.62,40.54,55.62,4.62,2.1,0.0,2.21,2.6,0.0
11342,10.12,3.72,35.36,58.16,3.87,5.49,0.0,1.28,0.28,2.07
11343,7.41,6.28,19.18,46.37,5.11,2.62,1.84,2.14,1.05,1.58
11344,8.33,6.27,30.07,72.31,2.24,0.0,1.48,2.36,2.53,0.21
11345,5.62,3.96,67.32,65.69,4.32,2.03,2.26,1.78,2.97,1.77
11346,8.19,2.98,54.31,46.55,7.76,1.95,4.59,0.83,4.03,0.76
11347,1.9,1.72,32.43,56.87,0.0,0.14,0.0,3.71,2.69,1.5
11348,8.17,1.28,55.11,76.74,3.96,1.37,0.0,0.0,0.0,0.0
11349,2.72,5.32,28.17,73.55,3.26,1.39,3.17,4.09,1.19,0.0
11350,5.58,7.53,51.67,58.84,4.43,3.74,1.26,3.3,3.98,1.74
11351,2.22,5.57,64.91,27.22,0.55,2.27,1.12,1.36,2.21,1.16
11352,4.09,6.4,35.1,59.41,4.72,2.76,0.97,0.16,5.69,0.0
11353,4.67,3.99,24.7,44.05,4.21,3.13,0.65,1.72,2.89,1.7
11354,6.49,4.93,59.16,40.32,3.68,1.02,2.19,0.95,2.63,0.0
11355,9.42,4.11,28.3,50.16,4.45,1.57,1.02,0.0,2.5,0.16
11356,8.7,2.86,59.17,46.53,2.61,4.54,1.97,3.23,2.94,0.0
11357,6.16,2.17,45.18,45.63,3.55,0.19,0.0,2.09,0.0,2.08
11358,0.98,4.56,55.81,56.1,4.97,2.02,2.74,3.17,1.49,1.48
11359,5.53,4.78,40.03,33.18,4.53,1.96,3.88,2.41,0.0,1.78
11360,5.01,2.95,72.62,59.92,3.22,3.32,2.4,3.31,1.54,1.66
11361,4.18,10.44,71.37,52.73,2.38,1.48,1.09,3.17,1.86,0.66
11362,3.87,8.68,44.19,25.41,4.22,0.0,1.74,1.96,3.24,0.32
11363,9.56,6.27,34.56,70.27,4.54,2.99,1.85,1.99,2.21,0.25
11364,8.43,4.06,28.13,56.47,3.94,2.78,1.28,1.77,1.93,0.07
11365,0.5,5.88,33.04,87.99,4.38,1.84,3.35,3.41,3.69,0.0
11366,5.16,4.74,39.55,70.52,5.23,0.82,0.35,0.73,2.37,0.84
11367,6.4,4.73,11.03,63.0,4.96,3.05,1.33,1.34,0.0,1.92
11368,1.69,0.38,42.84,56.96,2.96,2.38,3.46,2.38,4.41,0.0
11369,7.49,5.23,35.63,56.44,2.8,0.95,3.54,2.59,2.7,1.29
11370,8.4,5.24,34.33,85.97,1.04,0.0,0.09,2.64,2.98,2.02
11371,7.17,4.78,46.38,44.64,3.67,1.6,1.1,2.59,1.52,0.81
11372,1.31,2.16,46.04,73.31,5.71,2.47,1.93,1.17,2.07,0.46
11373,5.67,6.29,42.36,48.04,3.86,2.08,2.06,3.17,1.2,0.61
11374,6.15,7.47,45.04,92.19,3.47,2.17,2.33,0.93,0.94,0.65
11375,0.5,5.11,24.82,67.83,5.49,3.39,2.68,3.89,0.0,0.69
11376,4.26,2.2,47.42,28.7,1.65,2.28,2.7,2.72,0.0,0.79
11377,0.58,5.84,66.8,76.81,4.8,5.46,0.68,0.01,0.0,2.03
11378,3.44,5.67,65.01,75.25,4.23,3.63,1.89,3.34,2.3,0.0
11379,1.34,2.61,37.81,51.25,2.28,0.78,0.51,2.81,0.33,1.81
11380,7.23,8.34,55.4,37.18,3.07,3.26,2.16,1.85,1.06,0.47
11381,9.33,4.51,53.04,73.15,4.1,2.35,0.51,0.0,3.19,0.54
11382,6.58,3.61,40.95,41.67,4.54,0.88,1.1,3.63,4.27,2.39
11383,6.04,2.01,55.29,47.17,2.33,1.34,0.53,2.96,0.0,0.96
11384,3.88,6.0,44.98,87.4,3.39,0.46,3.76,3.17,1.26,0.02
11385,5.06,4.22,34.08,58.61,4.27,0.26,0.0,1.45,0.64,1.43
11386,7.8,3.28,35.71,46.52,1.96,2.98,1.76,2.52,1.93,0.39
11387,11.92,3.02,21.84,60.61,3.08,2.1,2.36,1.78,1.94,1.4
11388,7.16,4.8,43.81,44.22,3.37,1.89,0.42,1.02,2.32,0.0
11389,9.19,4.58,44.43,38.98,3.05,3.03,1.95,1.66,0.01,0.3
11390,4.34,5.31,36.56,52.95,6.23,0.0,1.58,5.27,1.8,1.49
11391,2.29,4.57,32.4,80.06,4.96,2.48,0.22,2.12,0.32,0.0
11392,5.59,4.51,45.75,50.17,0.72,1.1,0.16,0.49,2.72,0.66
11393,2.49,3.78,37.21,59.14,4.17,0.0,3.9,0.17,2.26,2.45
11394,2.33,5.79,19.24,47.62,1.58,4.09,1.75,3.06,0.0,1.25
11395,11.07,4.87,54.57,46.15,7.52,0.01,2.48,0.0,1.73,1.54
11396,2.45,4.61,39.59,37.68,4.42,2.4,1.97,1.45,2.34,0.0
11397,9.24,2.6,48.03,46.79,4.19,1.9,1.0,1.47,2.23,1.72
11398,6.57,4.67,25.98,42.86,4.78,2.9,1.85,1.71,3.32,0.82
11399,5.07,2.48,45.48,61.23,1.79,4.18,1.62,0.87,0.0,0.01
11400,0.5,6.05,51.06,49.89,3.92,1.49,0.0,3.89,0.52,0.0
11401,10.95,1.92,45.32,83.72,2.45,5.06,0.9,0.0,1.39,1.0
11402,4.31,4.3,59.51,25.28,2.6,0.49,2.07,1.86,4.08,2.34
11403,6.57,1.31,47.66,97.58,2.77,4.16,2.47,1.04,2.83,1.91
11404,7.91,2.97,62.33,63.06,4.03,2.9,1.94,1.54,0.62,0.96
11405,5.54,5.63,49.77,32.75,4.66,2.55,3.09,1.53,2.7,1.37
11406,4.11,2.01,43.78,61.92,1.24,2.89,0.96,2.09,3.91,0.0
11407,6.34,2.59,31.75,47.66,6.67,2.9,2.8,2.3,5.12,1.9
11408,6.84,2.28,29.18,50.62,5.33,2.72,1.29,0.0,0.0,0.0
11409,6.66,4.46,29.79,27.22,3.89,0.0,0.65,1.07,3.11,1.98
11410,10.21,4.89,42.79,78.11,2.49,1.76,2.07,0.22,0.0,1.06
11411,8.8,5.62,26.15,38.06,3.17,0.8,0.99,0.0,3.51,1.45
11412,4.79,5.61,76.62,65.99,4.4,5.24,3.17,0.63,0.0,0.42
11413,9.5,4.78,49.62,62.96,3.67,0.97,1.05,4.32,2.4,1.54
11414,5.47,3.99,54.48,66.94,6.66,2.41,1.67,1.31,3.75,0.83
11415,3.92,4.39,35.71,78.67,3.9,4.12,2.14,1.49,0.0,0.19
11416,6.32,6.0,49.37,53.19,3.76,2.36,1.38,2.28,0.0,0.13
11417,4.77,5.85,55.0,68.27,5.85,0.64,3.22,3.62,1.83,0.65
11418,8.04,4.66,54.4,44.81,3.61,3.16,1.74,0.44,0.0,1.05
11419,6.36,4.94,35.86,37.94,5.42,3.25,0.92,2.67,3.16,0.0
11420,6.42,3.17,55.64,75.27,2.38,0.0,0.23,0.0,2.39,0.11
11421,2.02,2.97,33.43,28.27,0.0,0.0,0.04,0.0,2.69,0.21
11422,8.25,1.03,15.36,58.21,1.09,0.01,0.0,3.01,0.62,2.97
11423,5.12,5.85,55.98,39.37,2.19,0.53,2.28,0.76,1.71,0.58
11424,7.35,5.39,47.6,72.31,4.28,0.54,2.18,4.98,0.91,2.32
11425,11.49,1.05,39.74,70.96,3.91,2.47,4.16,3.41,3.34,0.81
11426,9.54,3.21,25.79,25.36,3.16,2.6,1.26,1.87,0.28,1.3
11427,2.06,5.04,59.92,42.4,1.08,0.0,0.0,3.22,2.29,0.0
11428,11.18,4.45,36.16,45.5,0.86,4.71,4.59,0.0,0.0,1.33
11429,2.48,7.3,39.66,78.4,2.03,0.0,1.83,3.19,1.13,0.76
11430,9.33,4.0,30.13,67.78,1.51,1.52,0.38,3.16,4.1,0.35
11431,5.98,2.41,25.57,26.12,4.34,3.36,0.64,1.65,4.28,1.15
11432,5.1,4.96,47.66,57.63,4.51,1.06,3.38,0.7,1.69,1.27
11433,2.47,4.56,50.61,70.17,5.56,3.43,0.78,0.0,5.78,0.79
11434,13.85,2.33,29.14,50.56,4.48,1.55,0.0,0.0,1.58,0.72
11435,5.82,3.37,38.48,92.32,2.25,0.65,0.95,3.16,2.51,1.68
11436,6.06,0.76,17.5,50.03,2.24,2.04,0.0,2.67,0.04,0.63
11437,5.84,6.24,50.08,62.44,1.68,3.94,0.48,1.94,2.46,0.56
11438,5.54,6.86,46.51,67.67,3.18,0.0,3.27,2.06,1.51,0.14
11439,11.67,2.96,36.46,68.69,2.81,3.88,2.23,2.85,3.13,1.48
11440,4.11,6.61,29.54,71.05,3.87,2.47,1.5,3.16,0.0,0.0
11441,5.58,0.78,42.57,94.12,2.11,4.32,0.0,0.0,1.55,0.68
11442,1.15,4.36,56.9,15.74,3.52,1.51,0.0,1.7,0.71,1.3
11443,5.88,4.82,24.23,15.34,7.73,3.46,0.0,2.84,1.63,0.29
11444,1.22,0.63,73.39,16.25,3.26,2.64,0.0,0.67,4.44,1.29
11445,5.92,6.98,50.18,82.86,4.77,4.59,2.72,4.09,1.48,0.0
11446,0.5,3.41,55.72,87.63,3.36,3.48,0.0,4.99,0.0,2.07
11447,8.38,3.72,55.71,40.93,4.49,1.23,1.6,0.87,1.42,0.0
11448,5.62,0.0,21.08,51.46,6.19,3.98,0.0,1.39,0.0,1.42
11449,10.02,6.44,53.97,42.84,2.32,0.25,0.52,0.55,0.23,1.99
11450,6.2,3.75,85.91,68.17,3.57,4.78,2.12,3.77,3.19,0.0
11451,6.7,1.02,42.4,19.56,2.9,1.94,0.43,1.72,1.36,1.64
11452,5.36,4.52,21.55,49.92,4.52,2.14,2.08,4.84,0.59,1.2
11453,5.47,3.38,39.9,82.4,6.16,1.89,3.38,4.4,0.0,1.53
11454,5.18,6.03,33.55,85.67,4.12,0.0,0.79,0.85,0.68,0.55
11455,7.87,3.74,59.89,49.55,2.49,0.95,1.4,1.22,4.21,1.46
11456,4.18,4.22,78.05,29.88,2.48,2.03,1.97,1.36,5.03,1.23
11457,11.79,3.5,32.28,80.56,0.78,4.5,1.2,1.35,0.48,1.23
11458,9.32,1.89,54.81,26.1,1.71,2.48,2.83,2.93,3.85,1.54
11459,6.52,3.02,48.8,64.1,3.41,1.45,1.37,3.2,1.93,0.89
11460,1.12,4.89,43.85,55.53,2.85,0.57,2.87,1.3,1.83,1.42
11461,6.96,8.3,47.44,51.28,3.42,1.58,3.05,1.78,4.04,0.0
11462,4.94,3.49,36.01,48.42,4.5,3.34,2.27,2.26,3.85,1.2
11463,4.9,2.71,55.14,52.0,1.97,1.7,1.73,2.05,1.32,0.33
11464,9.08,0.82,48.04,40.43,2.11,1.47,0.43,2.0,3.13,0.18
11465,3.69,0.0,37.0,59.91,4.18,2.47,1.51,1.48,1.66,1.0
11466,7.56,0.69,51.09,47.02,4.35,2.5,1.43,2.12,2.8,2.16
11467,2.15,4.67,33.16,46.85,3.41,3.07,2.57,1.86,2.66,2.1
11468,7.08,2.54,13.17,78.74,6.04,1.73,1.57,2.07,2.62,0.0
11469,10.75,1.38,52.27,41.19,3.76,3.7,0.0,1.98,2.81,2.03
11470,5.56,2.66,16.45,33.18,5.17,0.0,2.91,3.74,2.06,1.44
11471,1.49,5.07,44.8,65.74,4.24,1.83,0.25,2.83,2.1,0.47
11472,6.04,3.07,59.15,13.58,2.55,2.63,2.29,6.38,0.77,1.11
11473,0.5,6.07,30.03,68.69,4.3,0.0,1.19,2.91,0.63,0.13
11474,3.34,2.97,67.61,38.66,4.08,0.0,1.59,2.99,3.14,0.48
11475,2.91,3.04,70.6,49.74,4.43,0.0,1.2,1.39,3.41,2.41
11476,5.49,1.65,90.49,41.59,1.66,1.47,0.0,3.75,3.45,0.0
11477,10.79,6.49,31.35,65.45,2.46,3.08,1.4,1.94,0.27,1.52
11478,5.61,3.12,47.74,62.34,2.42,0.58,0.23,0.2,1.79,0.0
11479,3.5,2.36,56.75,59.87,3.63,1.41,0.0,1.31,0.02,0.72
11480,8.51,4.93,20.76,38.92,5.11,1.61,2.82,3.04,1.19,0.87
11481,8.35,8.26,34.32,55.04,0.89,3.29,0.35,1.12,0.38,0.0
11482,7.14,3.99,40.35,63.85,4.91,2.3,1.38,1.43,1.15,0.0
11483,4.08,5.5,12.7,33.39,5.06,1.59,2.81,0.0,0.47,2.83
11484,4.49,0.78,35.05,17.54,5.17,4.07,1.12,0.0,0.91,1.4
11485,2.92,1.16,41.54,58.45,3.77,4.04,0.15,2.54,4.62,0.16
11486,5.87,7.06,50.52,68.35,2.4,0.69,0.81,4.05,2.73,0.64
11487,6.0,4.55,46.91,50.66,3.9,2.06,1.67,1.35,0.88,0.08
11488,8.16,4.48,27.8,46.85,2.27,3.38,2.05,1.13,0.47,1.27
11489,6.07,5.13,56.09,88.49,3.06,0.0,2.65,3.27,0.84,0.76
11490,4.71,0.0,47.01,59.6,0.16,2.67,1.92,3.37,3.19,0.95
11491,3.65,1.96,48.8,100.0,0.93,2.38,0.0,2.81,2.26,0.7
11492,0.5,4.76,78.96,43.07,2.81,0.0,2.13,3.59,1.98,1.72
11493,6.28,4.54,33.39,46.53,3.22,1.22,1.85,1.61,2.28,0.31
11494,6.06,2.49,16.76,59.49,4.35,2.91,1.75,1.84,0.0,0.91
11495,2.98,3.74,45.66,12.72,3.14,1.5,1.18,0.13,2.85,0.63
11496,9.56,6.27,36.65,50.1,1.54,0.0,1.6,3.18,0.0,0.28
11497,2.78,6.55,53.73,64.69,2.74,0.0,0.3,1.36,5.27,0.91
11498,3.4,0.83,27.62,54.53,2.38,3.3,3.14,2.02,3.11,0.0
11499,2.79,2.6,56.86,48.56,4.29,2.32,0.11,0.1,2.16,0.0
11500,6.81,3.57,57.15,72.24,4.45,4.33,0.99,2.1,1.3,0.0
11501,5.27,4.88,26.88,61.58,4.6,0.0,2.17,3.26,1.24,1.12
11502,0.5,4.11,23.41,13.81,3.69,0.0,1.83,3.25,1.23,1.18
11503,10.28,2.47,62.57,55.51,3.47,4.45,1.43,0.0,1.84,0.0
11504,6.19,2.54,21.85,71.44,2.41,1.98,1.64,4.04,2.91,0.52
11505,7.76,0.05,37.04,49.73,4.86,5.11,3.1,1.52,2.65,0.82
11506,9.19,5.29,62.26,63.62,3.82,3.37,2.6,3.25,2.99,0.0
11507,5.79,5.36,42.38,52.11,4.09,4.14,2.73,3.75,0.33,0.0
11508,9.62,4.89,42.25,58.45,4.22,3.73,0.27,2.69,0.0,0.0
11509,9.19,3.15,54.09,50.14,7.78,0.19,2.67,1.92,3.98,1.1
11510,4.48,5.62,19.96,56.92,4.71,2.27,1.22,1.36,2.03,2.15
11511,2.52,3.65,32.91,62.11,1.8,2.63,0.0,0.99,1.62,0.0
11512,1.41,0.0,37.48,64.65,6.34,4.52,1.44,2.44,0.51,0.33
11513,5.1,1.87,46.24,67.3,0.31,2.05,4.01,4.11,2.9,1.15
11514,0.63,5.78,40.63,69.83,5.17,1.91,2.41,0.56,0.18,0.0
11515,4.48,2.62,40.7,80.74,0.61,0.68,1.45,2.95,1.18,2.51
11516,13.03,0.0,19.28,54.6,2.49,5.17,1.1,0.0,1.5,0.74
11517,12.98,6.0,30.67,73.44,2.07,4.07,1.1,1.52,1.14,0.35
11518,7.44,2.54,40.64,81.06,4.83,0.0,1.67,1.66,1.99,0.72
11519,3.29,3.04,60.17,59.81,2.45,1.41,1.73,0.29,3.38,0.0
11520,8.21,5.9,40.66,23.87,0.78,0.0,1.39,4.16,3.37,1.62
11521,0.79,1.8,50.47,47.83,3.64,2.43,1.33,1.56,0.46,0.63
11522,10.14,6.55,50.09,75.01,4.05,2.03,1.43,1.78,2.09,1.56
11523,6.0,1.47,25.99,56.7,3.6,1.34,1.62,1.36,0.24,0.0
11524,4.65,4.14,43.98,65.93,4.64,0.0,1.49,1.66,2.03,1.12
11525,5.05,0.0,76.82,37.46,4.15,3.04,2.05,0.81,3.08,0.46
11526,5.41,7.89,63.92,36.06,5.92,1.2,1.74,5.65,4.31,1.17
11527,0.77,6.46,34.31,87.36,3.76,0.32,2.77,4.39,3.88,1.22
11528,6.16,3.54,30.4,31.75,4.59,2.85,0.48,2.95,2.15,0.0
11529,1.19,4.36,29.55,50.73,3.45,2.58,2.1,4.47,0.93,2.04
11530,7.21,5.62,69.01,70.54,4.5,1.77,0.0,3.62,0.0,0.13
11531,6.18,6.91,22.15,83.15,3.42,1.71,2.33,4.56,0.65,1.34
11532,6.61,5.31,75.35,55.04,4.31,3.59,3.58,1.92,0.44,0.08
11533,1.19,1.74,49.26,37.47,3.91,0.84,2.8,1.05,1.21,1.08
11534,7.26,3.62,61.81,55.58,3.93,4.2,1.33,3.37,2.05,0.82
11535,6.49,5.14,32.29,55.85,2.63,3.09,2.16,0.99,2.65,0.97
11536,4.06,8.99,57.02,45.51,4.01,0.93,0.73,2.57,0.62,0.35
11537,7.68,3.19,49.09,63.25,3.58,0.0,0.06,0.0,0.0,0.37
11538,13.91,6.66,38.55,27.71,4.42,3.47,2.38,3.78,0.9,1.19
11539,7.89,4.1,43.29,45.58,2.66,1.11,0.0,1.43,0.54,1.37
11540,14.27,1.93,40.69,57.39,4.5,4.04,2.03,0.0,3.53,0.34
11541,4.72,6.04,28.06,64.22,1.6,1.84,1.29,2.0,0.0,0.02
11542,5.9,3.6,52.24,5.73,2.67,1.14,2.48,1.87,1.6,1.38
11543,5.89,2.68,51.0,68.25,3.06,1.43,2.07,3.09,2.19,1.91
11544,10.45,2.2,32.19,65.61,3.61,2.84,0.86,1.0,0.84,0.0
11545,9.06,5.21,46.67,54.09,2.18,1.34,2.52,5.31,1.73,0.0
11546,9.97,5.64,41.33,20.75,1.05,2.44,1.42,0.7,0.0,1.66
11547,8.2,4.94,71.72,48.12,3.56,0.84,2.77,2.34,1.85,1.88
11548,1.89,5.16,59.7,61.22,4.04,1.18,0.0,4.79,0.88,1.57
11549,7.94,2.12,36.7,62.0,1.17,0.0,0.0,3.3,2.86,1.14
11550,1.39,1.79,45.17,68.28,5.54,0.72,1.97,4.39,1.96,2.45
11551,7.86,3.02,30.55,51.49,2.26,2.82,4.12,1.82,1.63,1.63
11552,1.01,3.31,31.22,52.92,1.65,2.77,2.49,1.34,2.84,2.83
11553,4.31,1.83,28.05,62.12,3.57,0.9,1.75,1.97,1.85,0.85
11554,5.0,5.85,39.94,45.61,4.35,1.16,0.87,0.94,2.54,0.63
11555,1.21,3.59,41.16,35.73,4.71,1.55,0.0,1.96,2.02,0.5
11556,6.58,3.72,64.67,37.39,6.41,0.97,3.99,0.34,1.74,1.89
11557,3.46,4.74,70.72,0.0,2.68,0.62,0.0,0.21,3.43,1.15
11558,5.13,1.52,43.62,28.87,3.72,5.87,0.64,4.81,3.43,1.86
11559,3.91,3.6,43.0,40.8,5.07,4.52,1.53,0.77,1.49,0.0
11560,6.72,3.61,35.26,83.48,3.77,0.53,1.48,2.16,3.05,1.43
11561,4.57,4.03,46.97,88.35,1.4,2.74,1.54,3.45,0.85,0.0
11562,5.26,5.72,66.08,57.05,4.7,4.15,2.05,4.73,3.93,0.23
11563,1.41,4.02,45.21,41.96,2.02,1.06,1.26,2.59,3.49,0.55
11564,8.45,5.61,41.95,60.07,1.83,0.8,3.66,2.08,3.0,1.3
11565,8.67,2.69,52.5,56.64,0.73,0.88,3.08,3.46,3.32,2.28
11566,3.77,4.75,44.02,47.56,2.53,3.58,1.5,5.62,0.0,0.48
11567,4.03,3.84,25.85,45.18,2.32,2.52,3.78,4.12,1.69,1.14
11568,2.8,5.08,52.73,23.91,3.93,3.83,0.56,1.48,2.75,1.31
11569,0.5,1.57,48.29,33.5,4.76,0.0,0.39,2.9,2.75,3.12
11570,5.06,4.44,58.26,100.0,4.48,3.62,1.07,1.17,0.0,0.08
11571,3.41,4.24,21.21,77.64,4.85,0.0,0.91,2.58,0.08,0.0
11572,0.5,1.98,55.36,74.02,5.18,3.28,2.31,1.82,2.79,1.25
11573,0.5,3.0,45.19,36.71,5.38,3.55,1.13,3.18,2.46,1.52
11574,3.28,1.55,45.76,41.4,3.61,1.56,0.83,0.94,1.07,0.0
11575,1.51,6.2,35.65,28.81,6.36,2.52,1.89,2.27,0.0,0.46
11576,3.42,2.36,41.54,45.37,6.4,3.51,2.58,1.4,3.91,0.92
11577,7.14,0.98,19.99,44.41,5.18,4.37,2.92,0.23,1.32,0.58
11578,7.54,6.56,50.0,56.56,3.33,1.53,0.55,0.0,2.69,1.07
11579,9.6,4.4,48.52,26.45,2.87,0.95,1.3,2.1,0.0,1.9
11580,0.56,0.63,45.31,59.23,5.43,0.3,3.74,0.0,4.11,0.0
11581,8.07,3.3,40.73,62.7,4.44,2.1,2.41,3.88,1.08,2.05
11582,8.94,3.97,65.63,47.25,4.95,0.0,1.52,1.29,3.77,1.18
11583,5.37,0.88,59.43,56.87,4.06,1.48,0.87,0.0,3.1,0.74
11584,0.5,1.69,51.07,54.53,5.76,3.24,0.0,5.65,1.91,0.49
11585,6.1,2.14,50.23,76.7,4.26,2.85,1.21,5.58,1.54,0.0
11586,1.56,5.61,44.83,42.62,3.2,0.78,0.88,2.12,0.48,1.51
11587,7.47,0.13,36.42,78.26,4.67,1.05,2.3,2.25,2.15,0.0
11588,8.07,2.58,32.72,20.36,2.05,2.64,0.39,3.37,0.49,0.0
11589,3.63,2.58,65.06,39.19,1.42,0.44,1.03,1.21,0.74,0.6
11590,6.39,2.27,34.36,70.08,6.44,0.02,1.79,1.38,4.25,1.3
11591,6.29,2.26,39.58,40.41,5.18,1.97,3.93,0.32,1.64,0.0
11592,8.13,0.61,58.21,68.04,4.11,2.18,3.44,1.36,3.64,1.04
11593,5.27,3.31,33.18,42.25,2.19,3.09,0.88,0.18,3.33,0.06
11594,6.7,6.17,57.72,9.17,2.58,0.92,2.11,1.34,2.93,0.0
11595,7.65,3.92,67.14,40.59,4.88,4.21,1.84,1.62,2.15,1.46
11596,1.61,2.67,53.87,98.39,5.78,2.72,0.0,1.38,2.03,0.19
11597,10.3,4.91,46.99,54.36,0.93,0.13,0.0,2.8,1.15,1.89
11598,2.31,4.9,66.27,52.49,4.18,0.49,2.15,2.5,4.18,0.41
11599,3.88,5.74,58.58,44.61,0.0,0.0,0.0,0.63,1.89,0.0
11600,0.5,6.32,18.13,68.04,3.07,2.07,2.02,7.72,3.38,0.28
11601,5.39,0.0,51.89,37.83,1.03,2.05,2.43,3.03,4.03,0.0
11602,6.8,3.59,58.89,24.69,4.5,0.0,1.1,3.69,1.87,0.74
11603,4.99,2.88,57.09,55.12,5.63,3.72,2.33,1.55,3.17,0.0
11604,9.36,4.41,48.73,75.24,2.11,2.49,1.47,0.48,3.08,1.28
11605,4.48,3.71,53.85,75.36,4.32,0.0,2.14,1.4,1.67,0.22
11606,6.49,4.01,44.33,74.59,3.78,2.35,0.0,0.0,0.0,0.0
11607,11.68,2.79,27.37,45.12,3.28,2.77,1.36,4.26,2.99,1.59
11608,5.16,5.96,61.5,50.08,1.95,1.15,0.12,0.96,1.24,0.13
11609,3.99,0.0,44.37,41.39,3.21,5.3,2.3,1.25,1.81,1.21
11610,7.69,4.52,71.12,67.46,3.32,3.35,0.6,2.14,4.42,0.0
11611,8.07,3.32,40.14,48.91,3.92,2.95,0.5,1.15,0.56,0.38
11612,3.58,3.39,29.5,14.92,7.23,1.82,0.23,1.88,1.83,1.6
11613,8.13,3.61,41.2,69.81,0.08,0.0,0.0,0.28,2.38,1.84
11614,3.22,5.62,53.68,53.81,2.34,2.96,2.9,2.87,0.54,0.09
11615,6.79,9.15,29.75,34.03,2.49,2.0,1.8,0.0,2.48,0.52
11616,13.91,6.09,26.85,60.02,4.61,2.48,1.06,3.15,1.56,0.95
11617,1.42,3.93,45.41,59.42,4.72,1.27,0.5,1.95,1.31,1.77
11618,5.78,4.26,57.51,64.93,3.04,0.93,0.51,5.97,1.41,0.3
11619,4.91,1.71,40.17,38.07,2.93,0.16,1.01,0.67,0.94,0.57
11620,5.83,5.58,20.98,68.77,2.91,1.29,1.1,0.0,6.12,1.88
11621,8.41,3.76,55.88,57.6,2.48,1.46,0.0,0.0,4.16,0.01
11622,7.37,5.62,7.5,78.23,2.02,1.6,1.9,4.19,1.93,0.73
11623,9.97,3.75,34.82,13.32,3.35,0.0,1.65,1.62,1.91,2.04
11624,6.31,4.24,17.98,42.59,1.34,2.24,0.13,2.05,2.25,1.45
11625,7.57,2.57,42.39,88.71,3.16,2.03,0.28,4.7,4.07,0.66
11626,2.84,1.94,53.2,76.14,4.83,0.61,0.0,2.7,0.78,0.0
11627,1.07,1.91,23.69,46.57,2.98,1.67,0.66,2.89,3.14,1.47
11628,0.9,6.23,34.02,92.47,3.85,1.67,1.64,5.14,3.59,1.94
11629,1.43,4.32,60.7,52.87,5.43,0.3,0.0,0.3,0.0,2.03
11630,5.69,7.0,54.2,45.58,1.87,2.21,0.88,3.33,0.37,0.77
11631,7.18,3.51,53.71,44.72,5.24,1.75,1.71,4.98,1.74,1.18
11632,0.5,1.7,32.52,41.22,4.88,1.8,2.3,2.42,2.49,0.44
11633,6.1,1.59,45.43,56.0,0.59,2.99,0.79,1.45,3.7,0.0
11634,9.9,5.12,40.97,34.09,3.62,2.21,1.75,3.1,2.04,1.29
11635,1.41,2.4,50.51,45.72,2.63,1.64,2.38,2.76,1.23,1.6
11636,10.17,6.16,38.44,55.76,1.79,1.79,0.0,0.9,0.9,1.52
11637,12.43,5.41,11.82,69.73,0.63,0.0,1.74,3.28,3.42,3.32
11638,3.88,7.5,48.96,95.37,3.99,3.35,2.03,0.0,1.2,0.0
11639,2.61,3.41,16.33,41.54,4.0,2.26,1.21,1.86,3.05,1.91
11640,5.09,3.4,38.78,51.76,2.06,1.78,0.39,4.14,1.44,1.39
11641,7.22,5.3,49.2,52.92,3.75,1.58,1.87,1.09,2.75,0.0
11642,9.99,3.57,52.82,100.0,5.72,2.19,2.85,1.16,1.17,0.14
11643,5.58,4.56,49.74,80.57,2.87,2.58,2.67,0.0,1.4,0.35
11644,9.56,2.16,36.87,24.03,3.04,2.66,2.72,1.52,0.0,0.73
11645,2.14,2.85,52.06,52.75,3.55,3.4,2.58,1.62,3.77,0.23
11646,9.01,4.35,65.66,25.53,1.1,2.84,2.11,2.0,0.1,2.03
11647,2.82,4.21,46.19,67.95,4.7,0.67,3.73,1.77,1.75,3.15
11648,1.89,2.33,72.6,88.48,2.58,1.02,1.65,2.97,1.18,1.56
11649,5.36,5.33,44.98,41.62,4.52,0.24,0.0,3.17,4.62,0.75
11650,5.88,4.2,49.04,80.62,3.94,0.0,1.63,3.15,1.24,0.43
11651,2.59,3.24,39.46,12.22,4.5,0.0,0.0,4.58,3.5,0.0
11652,11.06,5.79,43.11,51.33,4.67,3.15,0.85,0.62,0.8,0.37
11653,1.56,0.45,48.27,21.82,2.19,3.06,1.05,2.06,0.11,1.96
11654,2.66,5.79,54.11,100.0,3.51,3.57,2.93,2.0,2.51,0.19
11655,8.47,2.75,75.74,54.63,4.19,1.48,1.78,2.16,4.02,0.0
11656,8.67,6.28,31.39,55.75,4.63,2.92,2.07,4.35,1.14,1.46
11657,2.62,3.36,58.2,79.7,0.22,2.03,0.48,1.14,3.22,0.98
11658,2.88,3.48,39.17,82.79,2.88,3.31,2.23,1.22,0.97,0.69
11659,3.44,7.05,56.56,100.0,4.37,3.25,2.94,1.22,5.55,0.0
11660,6.22,1.58,52.46,69.25,1.21,2.56,0.0,5.19,0.0,2.12
11661,5.72,5.08,42.69,55.89,5.19,3.93,1.83,1.31,0.01,0.29
11662,7.11,4.28,32.5,70.16,4.81,1.42,0.14,0.06,1.09,0.0
11663,5.9,5.69,42.0,45.23,4.02,4.83,1.44,0.62,0.65,0.63
11664,8.94,2.32,57.19,51.69,4.82,0.83,0.84,0.04,0.9,1.84
11665,4.29,3.44,35.35,20.07,1.15,1.29,0.05,3.02,1.64,2.11
11666,3.21,1.75,70.21,43.34,4.47,3.57,2.52,5.62,2.63,0.0
11667,7.54,4.22,52.41,49.77,4.79,3.84,2.4,0.0,3.73,0.06
11668,4.5,7.12,46.61,100.0,2.76,0.74,0.78,1.43,0.3,0.35
11669,3.07,3.36,45.77,62.44,3.12,5.29,2.28,2.25,2.58,0.0
11670,8.82,4.38,25.36,42.87,4.88,3.09,1.21,1.78,0.0,0.0
11671,5.85,0.0,37.58,62.2,2.11,2.57,1.11,2.39,2.63,1.26
11672,7.01,7.04,34.78,74.34,2.03,0.97,0.0,2.32,3.42,1.72
11673,9.71,3.56,37.77,54.33,2.01,0.12,1.02,2.24,1.51,0.56
11674,5.68,4.39,74.37,37.25,5.25,0.59,1.68,3.83,2.67,0.51
11675,1.51,6.1,41.98,59.31,2.78,2.36,0.93,1.15,3.97,0.0
11676,2.94,3.4,24.86,49.74,6.58,2.28,0.03,2.54,0.0,0.0
11677,8.12,4.25,54.16,79.06,2.35,5.29,2.12,1.39,1.88,0.0
11678,2.38,4.18,54.46,58.98,6.22,1.9,1.7,1.95,0.44,0.95
11679,8.87,0.83,47.16,43.9,1.66,0.62,1.15,0.0,2.23,1.77
11680,6.56,5.18,5.33,44.39,6.59,1.09,2.24,4.07,0.0,2.56
11681,3.04,1.9,62.58,51.52,3.74,3.21,2.36,3.86,1.63,0.66
11682,4.08,0.04,40.24,100.0,0.82,0.6,0.4,1.63,1.53,0.78
11683,7.14,3.69,50.22,64.07,1.02,3.43,1.34,2.24,1.8,0.98
11684,4.35,2.38,50.69,43.55,3.3,1.33,0.86,0.0,3.49,2.0
11685,6.57,0.19,30.0,57.06,1.7,1.52,0.0,0.48,3.27,0.0
11686,0.58,2.22,30.04,36.77,4.76,2.34,0.0,0.6,1.46,1.43
11687,5.38,4.49,37.04,25.84,4.13,1.29,0.0,1.01,5.27,1.02
11688,0.5,2.41,53.8,60.83,4.81,2.44,2.48,0.76,4.08,0.0
11689,9.73,2.36,14.0,48.39,4.77,2.81,3.09,5.84,4.99,0.1
11690,2.92,6.37,49.44,20.78,4.81,1.61,2.66,3.68,1.98,1.29
11691,4.68,2.09,25.18,78.89,2.68,2.04,1.32,3.05,2.71,1.33
11692,6.71,5.38,21.95,59.35,0.23,2.37,1.41,0.45,1.87,1.6
11693,5.14,4.01,53.68,34.83,2.69,0.0,2.07,3.74,2.01,0.96
11694,0.5,2.52,62.66,54.2,3.43,3.78,1.31,4.02,1.03,0.3
11695,3.49,3.47,32.78,46.55,4.42,2.61,1.79,1.59,0.44,0.88
11696,6.82,3.79,34.88,83.13,5.71,2.27,2.72,2.31,3.1,1.38
11697,6.05,6.24,55.5,48.63,2.89,0.0,0.91,4.04,1.19,0.79
11698,5.35,3.27,34.86,83.22,6.64,2.44,2.67,1.44,0.06,0.0
11699,11.28,5.08,55.09,24.36,4.05,2.49,0.13,2.18,0.76,0.54
11700,4.58,4.49,59.45,43.82,3.18,2.02,0.02,4.41,0.0,0.01
11701,7.48,6.31,48.14,31.59,1.68,3.1,0.54,0.22,2.45,1.12
11702,10.97,4.02,47.7,63.72,3.97,2.86,1.7,1.34,2.64,0.8
11703,4.42,4.9,63.53,78.14,2.73,4.01,2.72,2.58,2.97,0.26
11704,5.0,3.05,59.56,28.3,5.28,0.6,2.32,1.6,2.64,2.39
11705,9.61,4.78,43.51,25.82,3.42,0.46,0.58,0.91,2.76,1.6
11706,6.07,2.75,70.63,50.31,2.03,1.74,0.0,0.85,3.21,0.0
11707,8.93,4.84,25.25,62.69,4.03,4.59,3.97,3.31,2.18,1.79
11708,3.14,4.07,56.47,83.4,4.53,2.16,0.92,3.22,2.05,0.97
11709,5.21,7.07,50.08,9.04,2.09,1.65,0.0,1.34,0.97,0.14
11710,1.42,4.24,50.79,28.72,5.11,0.0,2.66,2.0,0.0,0.38
11711,6.91,2.94,43.56,65.54,5.56,2.98,1.93,2.42,1.04,0.6
11712,9.0,4.4,24.1,54.86,2.69,1.84,2.88,2.73,0.9,0.74
11713,5.85,3.2,53.45,27.39,4.49,5.41,1.71,2.53,0.0,0.21
11714,8.55,4.51,47.22,43.95,3.3,3.7,2.21,1.53,1.77,1.28
11715,4.88,4.73,65.19,60.1,4.73,3.3,2.17,0.69,3.97,0.0
11716,2.49,2.02,50.1,56.92,2.68,2.24,1.69,1.37,3.89,2.36
11717,5.48,1.6,46.21,68.86,3.17,3.07,1.82,2.76,1.69,1.16
11718,5.72,5.2,43.33,78.22,1.78,4.01,1.73,3.68,2.63,2.16
11719,11.89,3.27,46.5,58.89,5.05,3.23,1.61,2.85,1.64,0.83
11720,5.69,4.92,40.14,66.21,3.81,0.71,1.96,2.36,0.0,2.23
11721,0.5,3.64,53.69,53.68,3.91,2.9,0.89,1.14,0.29,0.0
11722,4.14,3.55,18.63,49.45,4.7,0.0,1.98,3.15,2.81,0.63
11723,3.23,2.72,6.31,64.32,4.17,3.94,3.11,0.64,0.94,2.37
11724,5.38,7.8,51.72,27.88,3.07,1.9,3.3,3.65,2.22,2.66
11725,7.7,2.24,52.71,36.55,1.84,4.01,4.79,3.29,3.54,0.0
11726,6.68,2.5,18.3,72.56,1.78,4.4,0.0,2.52,2.38,2.1
11727,5.74,2.83,52.67,77.5,3.13,3.81,3.47,0.36,0.0,0.0
11728,3.81,3.29,48.66,6.66,2.92,0.91,2.08,0.09,1.77,0.88
11729,8.49,4.15,45.36,13.0,4.16,1.9,2.05,3.23,0.85,0.35
11730,4.38,3.83,40.8,3.44,1.3,1.4,1.69,0.99,3.94,1.48
11731,5.28,3.37,47.73,84.52,3.83,0.0,3.46,5.56,3.44,0.63
11732,14.62,6.31,50.09,39.91,2.82,2.79,3.89,0.56,2.63,2.1
11733,0.5,2.61,56.28,94.11,2.79,0.79,0.63,3.51,3.04,0.32
11734,7.83,3.6,37.68,32.78,4.13,1.73,1.68,2.19,2.26,0.4
11735,9.49,4.32,18.11,60.88,2.0,1.93,0.47,4.87,0.9,1.49
11736,10.22,0.0,48.24,51.94,3.52,1.08,0.14,0.21,0.0,0.65
11737,3.58,1.78,58.47,53.67,1.2,1.42,0.0,0.0,0.0,0.14
11738,5.43,1.15,65.38,83.85,6.52,0.67,1.6,1.9,0.0,0.67
11739,9.1,6.32,46.07,63.39,5.33,1.97,0.0,1.88,0.91,0.15
11740,8.34,5.29,54.79,37.34,2.92,1.51,1.63,3.97,1.27,0.75
11741,2.06,0.0,24.08,58.02,3.13,2.52,1.28,2.07,0.0,0.9
11742,6.02,3.82,44.73,54.52,3.08,2.71,1.73,3.29,2.04,0.65
11743,2.6,0.44,59.03,100.0,2.01,3.92,2.1,2.74,2.63,0.3
11744,0.5,1.64,34.28,53.67,3.66,2.34,0.0,3.38,5.54,1.75
11745,8.83,8.21,64.46,70.55,3.7,0.5,2.99,2.54,1.98,1.26
11746,3.02,2.59,61.07,63.18,5.42,3.65,2.63,2.12,1.97,0.0
11747,8.42,6.18,22.88,27.92,2.55,2.27,2.71,2.76,1.58,1.27
11748,6.09,3.16,36.65,64.52,0.89,3.45,2.31,2.22,2.23,2.62
11749,6.49,3.57,31.68,71.31,3.46,5.29,2.23,2.57,1.22,0.07
11750,8.64,5.87,46.13,54.77,5.56,0.91,2.26,1.19,1.81,0.0
11751,0.5,5.07,28.82,61.34,2.42,2.66,0.62,3.3,0.81,0.9
11752,12.0,4.91,35.14,44.06,0.0,1.57,1.29,0.0,1.5,2.71
11753,9.56,1.17,42.13,98.29,1.82,5.83,4.49,2.42,2.57,1.5
11754,5.98,5.94,37.66,30.51,5.04,1.47,1.62,3.28,0.0,0.8
11755,9.28,3.31,66.54,24.55,2.0,3.25,2.91,1.34,3.77,1.57
11756,4.74,5.2,60.73,74.78,3.36,0.8,0.93,1.73,1.32,0.0
11757,5.57,4.13,34.32,55.91,3.61,3.45,1.2,1.87,2.11,0.0
11758,6.41,7.61,57.91,45.69,4.5,2.67,2.92,3.57,0.8,0.0
11759,4.15,3.71,22.05,69.12,2.73,0.0,0.32,1.05,2.62,0.68
11760,7.84,2.28,65.49,39.09,3.35,3.91,1.45,0.0,1.32,2.03
11761,11.54,3.6,54.84,67.57,1.59,0.79,0.96,0.9,3.16,0.0
11762,5.9,2.54,35.84,55.16,4.48,1.57,2.21,2.39,0.45,1.72
11763,8.51,5.5,28.6,48.87,3.43,4.08,3.1,2.78,4.44,1.03
11764,5.94,2.57,45.76,70.54,2.71,1.06,1.74,3.09,2.42,0.57
11765,7.52,6.64,70.8,42.74,4.66,0.79,0.0,2.47,0.72,0.0
11766,0.5,5.56,48.48,79.62,4.03,2.01,0.17,4.02,3.95,0.0
11767,5.43,6.44,53.66,68.42,4.43,1.98,0.61,3.94,3.82,0.0
11768,4.43,3.63,53.25,68.05,4.38,2.99,1.59,2.54,3.06,0.81
11769,4.43,4.85,28.57,40.91,2.76,0.0,4.63,1.16,1.65,0.72
11770,5.94,3.46,30.84,56.67,4.2,3.39,0.0,1.7,0.7,0.44
11771,0.82,2.53,65.77,39.88,3.65,2.82,0.22,1.05,2.79,0.89
11772,7.3,5.22,52.52,50.18,2.95,3.21,1.28,5.04,0.67,0.55
11773,9.86,3.25,41.51,31.13,3.73,2.47,3.04,0.13,3.7,1.05
11774,8.64,3.49,37.88,24.61,3.48,0.95,1.7,1.96,2.41,1.97
11775,3.31,6.81,0.91,30.58,3.49,0.0,1.57,2.73,1.32,0.75
11776,2.31,4.12,60.24,72.58,3.9,2.4,1.15,1.7,1.14,0.37
11777,7.84,5.88,54.37,64.19,2.29,0.29,2.25,0.45,2.18,1.02
11778,6.99,4.3,56.28,75.33,0.23,0.81,1.45,4.39,4.54,0.79
11779,2.98,7.1,53.17,20.17,4.57,2.6,1.02,2.15,3.0,0.55
11780,10.3,5.51,49.35,39.82,1.51,1.52,2.94,2.89,6.53,1.44
11781,1.25,0.0,28.18,72.85,2.93,2.59,3.64,3.21,4.61,0.25
11782,3.3,1.9,53.48,31.12,4.63,0.75,0.52,3.71,1.66,0.0
11783,4.21,4.01,34.77,50.44,3.51,1.81,2.02,1.07,2.15,0.33
11784,3.67,5.12,37.76,15.81,5.06,0.68,0.0,0.23,0.05,0.45
11785,6.06,0.43,63.1,74.03,1.66,1.42,0.28,3.17,2.13,1.14
11786,3.95,5.28,13.45,45.96,3.9,3.23,0.55,1.87,0.88,0.74
11787,7.58,2.92,27.12,80.14,1.06,5.1,1.46,0.55,2.12,0.67
11788,9.98,3.17,5.54,45.01,4.33,3.92,3.16,3.05,0.0,1.46
11789,8.8,6.26,19.52,44.73,0.38,2.51,1.52,0.47,3.49,1.54
11790,5.9,3.81,38.14,34.34,2.93,3.24,0.7,0.13,0.3,0.0
11791,3.3,3.55,34.96,52.02,0.22,1.51,2.23,1.81,2.8,1.58
11792,7.1,7.55,45.86,28.65,3.1,3.35,1.14,2.64,0.0,0.03
11793,5.08,4.0,33.24,68.2,6.48,3.31,1.41,1.68,2.63,0.0
11794,9.02,6.27,26.62,44.79,5.23,1.62,2.86,1.26,0.89,1.94
11795,6.54,2.32,45.86,66.38,2.92,2.48,3.91,1.63,2.46,0.69
11796,3.96,0.27,54.22,69.86,3.82,1.19,2.78,4.11,1.46,0.18
11797,8.42,2.51,65.63,48.14,2.39,1.66,2.19,1.78,1.01,1.8
11798,7.55,3.97,37.28,55.11,2.11,0.0,1.2,2.27,1.75,1.42
11799,6.08,2.95,42.5,59.76,2.51,0.66,1.07,1.1,3.23,0.94
11800,9.49,6.44,54.44,37.35,3.61,1.51,1.33,1.05,0.0,1.08
11801,8.8,4.29,50.74,29.4,7.3,0.38,2.49,0.0,2.13,0.34
11802,4.74,2.9,61.97,43.6,5.43,1.16,2.91,1.15,0.0,0.43
11803,1.28,5.66,36.3,57.67,6.97,1.47,3.69,1.47,2.61,0.0
11804,6.39,1.88,33.24,46.53,5.24,3.81,1.69,2.87,1.61,0.0
11805,8.94,6.15,50.84,50.83,4.03,0.0,2.14,0.85,0.41,0.63
11806,4.33,3.77,56.2,28.98,0.73,0.67,1.98,0.0,0.0,0.89
11807,9.26,0.63,47.61,60.58,2.95,1.71,1.79,0.85,0.0,0.0
11808,6.79,4.12,34.72,77.06,4.29,0.71,1.48,0.76,2.28,0.71
11809,4.54,3.58,42.91,87.19,1.11,1.4,3.32,0.56,4.1,1.44
11810,5.07,7.24,69.71,62.85,1.99,1.66,1.73,4.0,0.73,0.45
11811,8.08,7.48,48.73,72.36,5.96,0.0,3.34,0.86,4.4,0.23
11812,5.95,5.06,50.5,75.47,0.3,1.6,0.82,2.69,2.01,0.67
11813,8.94,5.2,66.59,50.28,3.27,1.37,0.12,5.34,1.17,1.64
11814,6.53,5.52,47.94,44.78,2.88,2.59,0.89,2.72,3.58,1.47
11815,7.66,3.74,39.59,48.81,4.42,2.54,1.63,3.34,2.06,0.0
11816,4.46,5.9,30.22,70.31,3.96,2.83,3.25,5.3,4.38,0.47
11817,8.65,6.49,64.93,56.39,3.94,2.65,1.35,0.31,0.54,0.99
11818,8.55,4.95,67.34,59.06,3.41,3.31,0.55,1.35,2.84,1.3
11819,4.05,2.34,25.47,70.35,3.19,2.7,1.06,0.0,3.48,2.11
11820,5.83,0.92,65.33,65.0,5.72,2.44,0.64,0.0,0.71,0.23
11821,6.2,0.95,59.57,39.41,4.3,3.67,0.97,1.86,0.0,1.64
11822,7.02,6.11,25.01,45.68,5.95,3.58,5.5,1.39,3.03,0.52
11823,3.13,5.92,35.18,56.08,5.52,2.15,3.09,5.32,2.09,1.15
11824,10.83,5.22,64.8,56.41,3.53,0.32,0.32,2.46,1.54,2.0
11825,6.57,6.32,26.55,72.14,7.01,2.86,2.47,3.79,1.21,0.0
11826,6.63,4.14,52.19,50.28,3.27,1.79,0.49,1.84,0.0,0.0
11827,6.79,6.15,51.76,55.58,4.95,3.95,1.39,2.33,1.24,0.0
11828,5.98,6.81,49.78,85.52,3.33,1.79,0.64,2.39,2.67,1.21
11829,5.81,2.13,68.99,40.07,6.23,2.91,4.3,1.6,3.12,0.0
11830,8.74,1.39,37.53,46.24,2.42,1.71,2.45,0.66,2.33,0.69
11831,7.5,5.15,52.47,69.3,1.17,1.75,2.42,3.52,1.36,0.0
11832,6.74,4.26,25.51,35.71,4.05,2.03,0.55,1.41,2.23,0.97
11833,4.21,3.62,41.4,72.42,4.9,3.18,2.62,1.79,1.94,0.8
11834,5.16,6.07,52.16,53.96,4.84,1.87,1.28,0.72,0.45,0.58
11835,2.19,2.47,45.48,26.78,5.61,2.55,0.54,0.0,0.0,0.0
11836,5.64,3.99,61.39,30.44,3.34,0.1,0.34,2.19,3.32,1.89
11837,4.45,1.63,68.64,76.1,3.63,1.16,1.8,1.16,3.69,0.0
11838,4.75,2.14,67.22,56.24,4.28,1.48,1.1,0.71,1.44,0.88
11839,9.51,5.62,39.14,60.02,4.45,1.53,1.68,1.52,2.24,0.0
11840,7.58,4.08,43.0,50.46,5.18,1.57,0.0,0.94,1.61,0.61
11841,5.45,3.19,54.61,63.17,1.42,1.14,1.34,3.0,3.1,3.04
11842,11.31,3.79,54.46,76.39,3.04,4.04,2.39,3.21,2.59,1.46
11843,8.24,6.66,54.65,43.69,2.62,0.02,0.74,0.74,0.53,0.57
11844,7.56,7.6,52.32,54.83,4.28,2.83,0.97,2.84,1.1,0.0
11845,5.97,8.04,41.71,33.77,3.83,2.34,2.71,3.54,0.0,0.0
11846,12.64,5.45,38.31,50.49,4.36,2.18,2.72,0.88,0.95,2.03
11847,6.66,4.5,64.11,100.0,3.08,2.81,1.49,2.13,1.92,2.07
11848,6.81,4.5,10.43,51.05,2.62,0.88,1.41,2.37,3.07,0.0
11849,8.65,3.12,37.45,26.9,2.4,0.0,0.91,0.0,2.04,1.95
11850,5.32,1.37,60.94,33.2,2.94,4.56,0.33,2.58,2.69,2.08
11851,6.89,2.8,37.19,41.2,4.78,3.08,2.63,4.06,3.22,1.03
11852,8.5,3.49,49.93,34.38,0.49,2.13,0.96,0.28,1.32,0.07
11853,6.24,3.07,33.4,75.41,1.95,2.68,1.07,1.35,0.68,1.9
11854,3.15,1.58,66.88,63.7,6.07,1.46,1.96,5.12,2.33,1.24
11855,10.45,4.58,63.34,46.05,2.56,1.18,0.14,1.69,0.74,0.81
11856,9.26,6.64,43.8,61.01,3.53,0.0,2.07,1.11,2.31,1.0
11857,8.52,2.44,51.6,75.75,1.85,2.21,3.15,1.85,1.98,0.58
11858,2.02,5.44,40.4,55.24,4.4,2.75,0.0,1.56,0.8,2.03
11859,2.84,3.96,56.36,77.28,3.39,2.95,1.69,0.91,0.0,0.3
11860,9.38,5.05,59.83,47.79,3.3,0.0,2.25,1.04,0.0,1.62
11861,6.43,3.26,56.48,46.06,2.32,0.65,3.47,1.39,2.01,0.9
11862,5.74,4.09,33.19,81.29,2.53,2.03,3.25,2.78,1.45,0.48
11863,7.21,6.69,26.69,60.49,3.54,1.03,3.75,0.79,0.66,0.0
11864,2.13,4.92,58.7,50.07,3.33,2.16,0.0,2.63,3.46,0.53
11865,0.77,6.0,36.74,54.92,4.93,0.13,2.95,1.66,3.01,0.13
11866,4.32,2.06,56.88,45.09,5.42,2.86,2.69,2.1,0.51,0.9
11867,9.76,4.86,45.56,52.88,4.82,2.29,0.26,0.0,2.57,0.29
11868,8.96,5.21,32.64,53.08,4.65,0.75,1.54,0.0,1.91,0.27
11869,4.1,3.71,29.69,51.08,4.4,1.33,0.63,3.34,4.33,1.2
11870,5.96,1.14,39.54,84.55,4.53,3.38,4.42,0.0,1.33,2.58
11871,7.13,1.25,31.64,27.19,4.38,3.15,1.3,2.34,2.79,0.81
11872,10.78,7.52,46.27,82.9,2.14,0.0,1.95,3.94,0.78,0.0
11873,1.86,0.0,61.01,58.43,2.36,2.2,1.13,1.19,2.0,0.56
11874,8.01,0.84,54.32,65.74,5.32,0.48,3.22,2.42,0.38,2.04
11875,7.25,4.49,25.18,34.27,3.23,3.6,1.91,1.78,2.64,0.79
11876,6.33,5.48,55.85,8.05,5.01,2.38,2.79,2.8,0.48,0.73
11877,7.11,6.69,57.61,49.12,4.83,2.41,0.7,0.0,1.59,0.74
11878,4.43,3.39,30.77,14.6,3.37,2.24,1.18,3.84,2.87,0.0
11879,1.49,1.71,58.56,79.27,1.78,2.15,2.07,2.26,3.49,0.03
11880,9.85,1.21,45.57,68.4,4.79,2.7,2.7,3.95,2.78,0.81
11881,14.82,1.86,18.81,45.47,2.42,3.22,0.36,0.6,2.28,0.96
11882,5.04,6.37,29.51,79.92,4.69,2.54,1.09,2.25,3.57,0.41
11883,11.18,1.43,53.58,71.47,2.9,3.88,2.42,1.5,0.0,1.54
11884,12.23,1.77,50.15,44.41,5.88,0.93,2.23,0.0,3.47,1.26
11885,4.84,3.65,64.57,52.87,2.83,2.16,0.0,0.11,1.43,0.0
11886,7.09,4.77,43.01,47.96,3.73,3.7,1.88,2.98,2.18,1.0
11887,8.63,4.15,24.58,22.54,5.64,4.61,2.8,0.99,1.99,0.9
11888,9.68,3.73,36.27,56.54,1.31,3.35,1.48,2.37,0.0,3.62
11889,3.89,3.93,48.69,32.93,1.87,3.01,0.0,1.8,0.22,1.63
11890,6.24,8.78,41.4,20.59,3.29,3.77,1.52,2.82,0.37,0.24
11891,3.8,4.1,31.56,96.89,3.04,0.05,1.6,2.17,2.69,0.7
11892,12.42,6.37,59.98,53.95,4.29,1.71,1.02,1.78,0.2,0.0
11893,12.11,2.89,34.71,9.16,4.14,3.37,2.24,0.14,1.6,1.46
11894,5.77,5.27,62.51,33.97,0.84,1.25,2.07,2.13,0.0,2.36
11895,11.06,0.3,71.85,55.41,6.07,0.51,3.69,3.0,0.74,0.51
11896,3.36,2.34,36.74,60.58,2.89,2.86,0.4,2.98,0.71,0.69
11897,9.83,5.8,40.07,29.85,4.97,2.25,1.84,0.78,0.79,0.78
11898,7.22,3.68,48.19,50.37,3.82,1.19,2.34,0.0,3.07,1.23
11899,8.25,2.41,30.82,33.73,3.64,2.97,2.09,0.0,2.23,1.23
11900,8.9,5.01,57.64,79.27,2.65,2.23,0.0,1.29,3.91,0.91
11901,7.78,2.93,53.41,11.67,3.02,1.62,1.22,1.15,2.24,2.41
11902,0.5,4.56,32.42,53.44,2.89,1.69,3.47,2.94,1.72,0.0
11903,6.5,4.6,49.88,54.56,2.36,1.25,1.89,3.13,1.4,0.0
11904,7.43,7.44,60.57,40.38,2.29,4.74,1.46,0.71,2.95,1.05
11905,4.5,3.98,21.21,44.08,3.13,3.03,0.0,2.18,1.42,0.96
11906,6.62,4.99,0.0,66.15,3.66,2.34,1.6,0.0,2.04,2.75
11907,8.32,6.71,24.84,56.56,4.86,2.11,3.81,2.25,1.59,2.61
11908,6.98,1.75,24.93,12.98,3.87,1.84,0.77,1.26,2.67,0.79
11909,7.63,4.81,39.95,79.0,2.2,0.64,0.0,2.53,0.0,0.44
11910,3.69,3.39,57.5,53.71,2.21,2.0,2.06,2.92,2.23,0.92
11911,4.45,0.92,52.79,78.45,5.73,4.84,0.2,2.24,2.53,1.28
11912,6.84,5.06,39.22,62.09,3.64,4.09,2.32,1.82,0.77,0.75
11913,5.59,1.87,41.2,45.28,1.42,2.86,1.29,0.67,0.38,1.71
11914,3.91,0.68,56.02,70.29,3.03,0.0,0.4,1.18,2.41,1.01
11915,0.96,4.61,63.17,46.89,2.43,0.81,0.14,1.81,0.39,0.53
11916,5.06,4.52,46.59,71.24,2.11,0.0,4.06,4.03,0.64,1.2
11917,7.29,3.18,0.0,70.45,5.89,0.18,1.79,5.35,1.73,0.41
11918,11.19,1.49,68.26,59.66,2.34,1.04,1.55,0.86,0.0,0.0
11919,1.51,4.11,45.72,75.59,3.97,2.06,0.59,3.24,2.01,2.18
11920,5.97,4.19,57.02,80.82,1.84,1.85,2.22,0.83,1.62,0.0
11921,6.47,4.61,32.41,34.68,3.8,1.66,1.42,2.26,3.21,0.61
11922,7.0,3.16,33.69,58.66,3.58,1.16,0.0,0.0,1.02,0.93
11923,5.66,4.25,54.62,51.31,3.17,3.71,1.1,0.0,2.41,0.91
11924,9.01,4.78,7.29,56.61,1.76,2.93,2.12,0.26,0.0,0.93
11925,7.55,7.85,51.76,60.66,3.17,1.35,1.09,1.5,0.83,0.25
11926,5.75,1.46,32.67,51.33,4.23,0.76,1.6,1.74,0.3,1.16
11927,3.76,3.49,60.47,68.82,4.67,0.0,1.03,2.09,2.23,0.25
11928,4.13,2.58,21.94,32.14,3.48,0.76,1.21,1.01,0.56,1.82
11929,5.55,2.91,41.15,48.75,4.23,0.56,0.89,0.0,3.71,2.53
11930,4.86,1.71,27.56,48.33,4.36,2.49,2.69,1.13,1.92,1.6
11931,9.05,2.57,41.59,31.52,4.14,4.45,1.89,0.0,2.24,2.34
11932,2.85,3.28,41.41,53.34,5.52,4.33,2.18,2.64,3.02,1.62
11933,5.38,3.53,50.15,72.1,1.76,2.13,3.75,0.0,4.86,0.63
11934,7.86,3.69,33.94,63.28,6.02,2.97,2.4,0.4,1.05,0.86
11935,9.21,5.66,55.38,76.87,3.46,1.09,1.0,0.74,1.36,0.0
11936,7.75,5.75,79.61,59.41,0.1,0.36,0.0,6.65,3.22,0.76
11937,7.7,5.23,38.05,60.32,2.69,1.81,0.0,1.6,1.72,1.63
11938,8.38,4.3,22.46,17.87,4.68,1.26,3.87,1.66,2.07,0.76
11939,1.11,3.44,43.45,80.28,7.21,0.97,1.9,3.82,2.72,0.0
11940,6.33,4.94,50.93,65.46,0.83,1.58,0.9,0.0,1.11,0.0
11941,0.55,4.76,65.35,61.63,1.66,1.79,0.0,4.73,3.15,0.87
11942,13.26,7.29,37.49,41.56,3.8,2.38,2.18,2.51,0.0,1.44
11943,5.59,4.25,43.8,0.15,2.56,2.95,0.0,2.73,0.33,1.46
11944,8.96,2.72,57.19,54.64,4.25,1.51,0.59,2.37,0.15,2.57
11945,6.95,6.98,46.26,22.52,1.04,2.17,0.85,2.93,2.7,1.7
11946,13.07,5.22,47.53,24.34,0.93,2.09,1.05,4.19,1.23,1.5
11947,6.02,2.96,44.52,70.46,2.09,1.09,1.08,2.1,0.21,1.08
11948,0.5,0.63,56.1,76.84,2.67,1.85,0.0,2.09,4.37,1.33
11949,0.5,0.86,22.66,54.75,1.49,1.77,2.15,3.65,3.88,1.87
11950,4.03,4.26,49.2,23.02,5.81,1.83,4.24,1.67,2.04,1.66
11951,9.84,4.62,64.23,42.18,3.31,0.58,0.67,3.16,3.32,1.29
11952,4.7,3.37,66.82,53.15,1.99,2.56,0.0,0.49,0.45,0.22
11953,4.63,2.85,82.57,38.8,3.53,2.86,0.51,0.9,1.18,0.76
11954,8.71,0.0,59.55,60.46,3.55,1.16,1.0,0.45,0.81,0.29
11955,7.06,3.71,36.25,77.81,3.67,1.08,1.09,0.0,0.71,0.95
11956,8.53,6.24,76.6,71.36,4.17,3.27,2.01,3.45,1.23,0.0
11957,11.54,4.75,26.02,50.65,3.22,1.06,2.89,3.4,3.36,1.24
11958,4.4,6.83,68.61,68.98,3.2,0.61,1.47,3.29,1.88,1.65
11959,6.17,8.48,44.07,39.68,3.59,1.96,1.36,4.53,1.52,0.0
11960,11.47,2.49,40.81,44.75,2.32,0.12,1.0,0.1,2.49,0.68
11961,5.78,3.84,51.11,86.34,4.64,0.35,2.89,2.56,0.0,0.21
11962,4.75,4.13,30.32,66.08,6.22,2.4,3.01,1.21,1.69,0.0
11963,4.48,6.72,45.32,42.79,1.8,3.42,2.01,1.29,1.73,0.41
11964,8.82,3.58,39.81,57.34,4.63,3.14,0.98,1.13,1.26,0.19
11965,6.25,3.42,33.86,25.49,3.33,4.37,2.07,0.81,4.71,0.72
11966,7.5,5.37,30.85,74.02,3.13,0.0,1.37,0.0,3.97,0.91
11967,7.22,5.58,57.25,63.73,4.44,0.7,0.0,3.14,0.59,0.95
11968,6.66,2.81,50.12,56.35,2.86,4.33,0.39,0.76,3.21,0.63
11969,3.43,4.07,41.16,38.23,5.16,2.55,0.0,1.24,0.0,1.76
11970,4.06,3.62,59.84,18.21,4.29,0.04,1.19,2.96,0.17,1.01
11971,9.37,5.24,38.49,41.52,4.4,3.2,3.29,4.13,2.08,3.43
11972,4.16,4.25,63.66,62.83,2.68,2.13,0.99,1.87,4.81,1.26
11973,0.5,3.78,45.73,26.58,4.81,1.39,2.33,0.75,0.86,0.15
11974,4.05,4.55,45.27,43.93,3.19,2.54,3.93,1.68,0.28,1.86
11975,6.26,4.9,54.32,26.34,1.43,1.75,2.79,3.02,1.08,0.79
11976,6.33,2.74,28.52,64.98,3.11,2.47,1.33,2.16,2.28,1.5
11977,0.5,5.95,62.56,83.49,3.73,2.64,0.0,4.49,2.74,0.0
11978,8.62,7.1,61.02,48.13,2.83,4.95,0.41,0.82,2.98,0.05
11979,2.68,5.78,42.08,90.03,4.6,0.44,0.81,3.68,3.99,0.0
11980,3.77,1.78,29.38,53.96,4.08,2.98,0.19,0.95,0.0,1.16
11981,9.12,3.83,21.61,37.14,5.95,2.35,1.24,3.94,1.92,0.73
11982,7.0,0.63,70.25,26.51,3.34,2.92,1.79,0.2,0.0,0.93
11983,7.73,3.39,53.93,81.04,4.79,1.04,2.76,0.89,1.83,0.0
11984,4.31,5.75,39.85,83.32,1.65,2.76,1.49,1.24,3.51,0.98
11985,5.71,4.95,41.34,61.69,3.37,0.37,1.34,1.79,3.5,0.42
11986,4.83,2.16,55.1,48.18,3.39,3.24,2.31,1.42,2.64,0.41
11987,5.11,1.25,67.14,79.16,3.44,0.03,1.13,3.03,2.28,2.25
11988,6.49,5.48,30.46,68.1,5.08,3.31,4.15,2.65,1.84,1.86
11989,6.07,3.43,47.78,75.78,3.62,1.26,1.72,3.86,2.78,1.06
11990,4.48,3.32,21.51,62.84,7.58,0.75,2.2,1.96,0.0,0.4
11991,6.92,2.1,31.18,69.66,0.8,2.76,1.92,4.23,0.0,1.47
11992,4.51,2.43,46.48,25.35,2.28,1.32,0.0,3.39,3.6,1.31
11993,7.78,2.28,51.83,69.71,4.87,5.23,4.23,0.81,1.16,0.18
11994,5.64,2.5,52.45,40.82,1.85,4.31,4.61,0.0,2.79,0.99
11995,6.72,6.68,9.28,79.87,4.78,3.32,0.93,6.32,1.99,0.44
11996,1.6,2.05,8.72,58.32,3.19,1.73,4.26,3.11,0.0,1.04
11997,9.47,3.08,57.93,16.37,0.93,0.0,0.69,3.08,1.01,0.72
11998,7.71,4.71,25.73,52.93,4.38,2.38,1.11,0.0,0.16,0.51
11999,2.84,4.01,49.72,55.09,4.49,3.22,2.66,3.74,1.61,1.54
12000,11.26,5.74,33.57,55.91,2.64,3.91,1.06,2.87,0.17,0.0
